ISO-10303-21;
HEADER;
FILE_DESCRIPTION(('Open CASCADE Model'),'2;1');
FILE_NAME('base','2026-09-28T16:01:20',('Author'),('Open CASCADE'),
  'Open CASCADE STEP processor 8.0','build123d','Unknown');
FILE_SCHEMA(('AUTOMOTIVE_DESIGN { 1 0 10303 214 1 1 1 1 }'));
ENDSEC;
DATA;
#1 = APPLICATION_PROTOCOL_DEFINITION('international standard',
  'automotive_design',2000,#2);
#2 = APPLICATION_CONTEXT(
  'core data for automotive mechanical design processes');
#3 = SHAPE_DEFINITION_REPRESENTATION(#4,#10);
#4 = PRODUCT_DEFINITION_SHAPE('','',#5);
#5 = PRODUCT_DEFINITION('design','',#6,#9);
#6 = PRODUCT_DEFINITION_FORMATION('','',#7);
#7 = PRODUCT('base','base','',(#8));
#8 = PRODUCT_CONTEXT('',#2,'mechanical');
#9 = PRODUCT_DEFINITION_CONTEXT('part definition',#2,'design');
#10 = ADVANCED_BREP_SHAPE_REPRESENTATION('',(#11,#15),#7531);
#11 = AXIS2_PLACEMENT_3D('',#12,#13,#14);
#12 = CARTESIAN_POINT('',(0.,0.,0.));
#13 = DIRECTION('',(0.,0.,1.));
#14 = DIRECTION('',(1.,0.,-0.));
#15 = MANIFOLD_SOLID_BREP('',#16);
#16 = CLOSED_SHELL('',(#17,#137,#225,#302,#379,#457,#514,#571,#647,#2471
    ,#2496,#3044,#3069,#3145,#3170,#3195,#3273,#3298,#3323,#3371,#3398,
    #3448,#3520,#3568,#3616,#3643,#3693,#3748,#3824,#3873,#3922,#3949,
    #4004,#4076,#4124,#4172,#4199,#4249,#4321,#4369,#4417,#4444,#4494,
    #4549,#4604,#4677,#4724,#4771,#4799,#4871,#4919,#4967,#4994,#5070,
    #5119,#5168,#5195,#5245,#5317,#5365,#5413,#5440,#5495,#5545,#5617,
    #5662,#5710,#5737,#5792,#5864,#5912,#5957,#5984,#6034,#6106,#6154,
    #6202,#6229,#6279,#6304,#6329,#6377,#6404,#6431,#6486,#6513,#6540,
    #6567,#6622,#6677,#6704,#6731,#6758,#6813,#6840,#6867,#6874,#6881,
    #6916,#6923,#6958,#6965,#6972,#7007,#7042,#7049,#7056,#7063,#7070,
    #7105,#7112,#7147,#7154,#7161,#7165,#7169,#7173,#7177,#7232,#7287,
    #7342,#7397,#7452,#7507,#7511,#7515,#7519,#7523,#7527));
#17 = ADVANCED_FACE('',(#18),#32,.T.);
#18 = FACE_BOUND('',#19,.T.);
#19 = EDGE_LOOP('',(#20,#55,#83,#111));
#20 = ORIENTED_EDGE('',*,*,#21,.T.);
#21 = EDGE_CURVE('',#22,#24,#26,.T.);
#22 = VERTEX_POINT('',#23);
#23 = CARTESIAN_POINT('',(-5.551115123126E-17,7.,0.8));
#24 = VERTEX_POINT('',#25);
#25 = CARTESIAN_POINT('',(-1.665334536938E-16,7.,2.5));
#26 = SURFACE_CURVE('',#27,(#31,#43),.PCURVE_S1.);
#27 = LINE('',#28,#29);
#28 = CARTESIAN_POINT('',(0.,7.,0.));
#29 = VECTOR('',#30,1.);
#30 = DIRECTION('',(0.,0.,1.));
#31 = PCURVE('',#32,#37);
#32 = PLANE('',#33);
#33 = AXIS2_PLACEMENT_3D('',#34,#35,#36);
#34 = CARTESIAN_POINT('',(0.,7.,0.));
#35 = DIRECTION('',(-1.,0.,0.));
#36 = DIRECTION('',(0.,1.,0.));
#37 = DEFINITIONAL_REPRESENTATION('',(#38),#42);
#38 = LINE('',#39,#40);
#39 = CARTESIAN_POINT('',(0.,0.));
#40 = VECTOR('',#41,1.);
#41 = DIRECTION('',(0.,-1.));
#42 = ( GEOMETRIC_REPRESENTATION_CONTEXT(2) 
PARAMETRIC_REPRESENTATION_CONTEXT() REPRESENTATION_CONTEXT('2D SPACE',''
  ) );
#43 = PCURVE('',#44,#49);
#44 = CYLINDRICAL_SURFACE('',#45,7.);
#45 = AXIS2_PLACEMENT_3D('',#46,#47,#48);
#46 = CARTESIAN_POINT('',(7.,7.,0.));
#47 = DIRECTION('',(-0.,-0.,-1.));
#48 = DIRECTION('',(1.,0.,0.));
#49 = DEFINITIONAL_REPRESENTATION('',(#50),#54);
#50 = LINE('',#51,#52);
#51 = CARTESIAN_POINT('',(-3.14159265359,0.));
#52 = VECTOR('',#53,1.);
#53 = DIRECTION('',(-0.,-1.));
#54 = ( GEOMETRIC_REPRESENTATION_CONTEXT(2) 
PARAMETRIC_REPRESENTATION_CONTEXT() REPRESENTATION_CONTEXT('2D SPACE',''
  ) );
#55 = ORIENTED_EDGE('',*,*,#56,.T.);
#56 = EDGE_CURVE('',#24,#57,#59,.T.);
#57 = VERTEX_POINT('',#58);
#58 = CARTESIAN_POINT('',(-1.665334536938E-16,91.,2.5));
#59 = SURFACE_CURVE('',#60,(#64,#71),.PCURVE_S1.);
#60 = LINE('',#61,#62);
#61 = CARTESIAN_POINT('',(0.,7.,2.5));
#62 = VECTOR('',#63,1.);
#63 = DIRECTION('',(0.,1.,0.));
#64 = PCURVE('',#32,#65);
#65 = DEFINITIONAL_REPRESENTATION('',(#66),#70);
#66 = LINE('',#67,#68);
#67 = CARTESIAN_POINT('',(0.,-2.5));
#68 = VECTOR('',#69,1.);
#69 = DIRECTION('',(1.,0.));
#70 = ( GEOMETRIC_REPRESENTATION_CONTEXT(2) 
PARAMETRIC_REPRESENTATION_CONTEXT() REPRESENTATION_CONTEXT('2D SPACE',''
  ) );
#71 = PCURVE('',#72,#77);
#72 = PLANE('',#73);
#73 = AXIS2_PLACEMENT_3D('',#74,#75,#76);
#74 = CARTESIAN_POINT('',(0.25,7.,2.75));
#75 = DIRECTION('',(-0.707106781187,0.,0.707106781187));
#76 = DIRECTION('',(-0.,-1.,-0.));
#77 = DEFINITIONAL_REPRESENTATION('',(#78),#82);
#78 = LINE('',#79,#80);
#79 = CARTESIAN_POINT('',(-0.,-0.353553390593));
#80 = VECTOR('',#81,1.);
#81 = DIRECTION('',(-1.,0.));
#82 = ( GEOMETRIC_REPRESENTATION_CONTEXT(2) 
PARAMETRIC_REPRESENTATION_CONTEXT() REPRESENTATION_CONTEXT('2D SPACE',''
  ) );
#83 = ORIENTED_EDGE('',*,*,#84,.F.);
#84 = EDGE_CURVE('',#85,#57,#87,.T.);
#85 = VERTEX_POINT('',#86);
#86 = CARTESIAN_POINT('',(-5.551115123126E-17,91.,0.8));
#87 = SURFACE_CURVE('',#88,(#92,#99),.PCURVE_S1.);
#88 = LINE('',#89,#90);
#89 = CARTESIAN_POINT('',(0.,91.,0.));
#90 = VECTOR('',#91,1.);
#91 = DIRECTION('',(0.,0.,1.));
#92 = PCURVE('',#32,#93);
#93 = DEFINITIONAL_REPRESENTATION('',(#94),#98);
#94 = LINE('',#95,#96);
#95 = CARTESIAN_POINT('',(84.,0.));
#96 = VECTOR('',#97,1.);
#97 = DIRECTION('',(0.,-1.));
#98 = ( GEOMETRIC_REPRESENTATION_CONTEXT(2) 
PARAMETRIC_REPRESENTATION_CONTEXT() REPRESENTATION_CONTEXT('2D SPACE',''
  ) );
#99 = PCURVE('',#100,#105);
#100 = CYLINDRICAL_SURFACE('',#101,7.);
#101 = AXIS2_PLACEMENT_3D('',#102,#103,#104);
#102 = CARTESIAN_POINT('',(7.,91.,0.));
#103 = DIRECTION('',(-0.,-0.,-1.));
#104 = DIRECTION('',(1.,0.,0.));
#105 = DEFINITIONAL_REPRESENTATION('',(#106),#110);
#106 = LINE('',#107,#108);
#107 = CARTESIAN_POINT('',(-3.14159265359,0.));
#108 = VECTOR('',#109,1.);
#109 = DIRECTION('',(-0.,-1.));
#110 = ( GEOMETRIC_REPRESENTATION_CONTEXT(2) 
PARAMETRIC_REPRESENTATION_CONTEXT() REPRESENTATION_CONTEXT('2D SPACE',''
  ) );
#111 = ORIENTED_EDGE('',*,*,#112,.F.);
#112 = EDGE_CURVE('',#22,#85,#113,.T.);
#113 = SURFACE_CURVE('',#114,(#118,#125),.PCURVE_S1.);
#114 = LINE('',#115,#116);
#115 = CARTESIAN_POINT('',(0.,7.,0.8));
#116 = VECTOR('',#117,1.);
#117 = DIRECTION('',(0.,1.,0.));
#118 = PCURVE('',#32,#119);
#119 = DEFINITIONAL_REPRESENTATION('',(#120),#124);
#120 = LINE('',#121,#122);
#121 = CARTESIAN_POINT('',(0.,-0.8));
#122 = VECTOR('',#123,1.);
#123 = DIRECTION('',(1.,0.));
#124 = ( GEOMETRIC_REPRESENTATION_CONTEXT(2) 
PARAMETRIC_REPRESENTATION_CONTEXT() REPRESENTATION_CONTEXT('2D SPACE',''
  ) );
#125 = PCURVE('',#126,#131);
#126 = PLANE('',#127);
#127 = AXIS2_PLACEMENT_3D('',#128,#129,#130);
#128 = CARTESIAN_POINT('',(0.4,7.,0.4));
#129 = DIRECTION('',(0.707106781187,0.,0.707106781187));
#130 = DIRECTION('',(0.,-1.,-0.));
#131 = DEFINITIONAL_REPRESENTATION('',(#132),#136);
#132 = LINE('',#133,#134);
#133 = CARTESIAN_POINT('',(-0.,-0.565685424949));
#134 = VECTOR('',#135,1.);
#135 = DIRECTION('',(-1.,0.));
#136 = ( GEOMETRIC_REPRESENTATION_CONTEXT(2) 
PARAMETRIC_REPRESENTATION_CONTEXT() REPRESENTATION_CONTEXT('2D SPACE',''
  ) );
#137 = ADVANCED_FACE('',(#138),#44,.T.);
#138 = FACE_BOUND('',#139,.F.);
#139 = EDGE_LOOP('',(#140,#141,#170,#198));
#140 = ORIENTED_EDGE('',*,*,#21,.T.);
#141 = ORIENTED_EDGE('',*,*,#142,.F.);
#142 = EDGE_CURVE('',#143,#24,#145,.T.);
#143 = VERTEX_POINT('',#144);
#144 = CARTESIAN_POINT('',(7.,-1.665334536938E-16,2.5));
#145 = SURFACE_CURVE('',#146,(#151,#158),.PCURVE_S1.);
#146 = CIRCLE('',#147,7.);
#147 = AXIS2_PLACEMENT_3D('',#148,#149,#150);
#148 = CARTESIAN_POINT('',(7.,7.,2.5));
#149 = DIRECTION('',(-0.,-0.,-1.));
#150 = DIRECTION('',(0.,-1.,0.));
#151 = PCURVE('',#44,#152);
#152 = DEFINITIONAL_REPRESENTATION('',(#153),#157);
#153 = LINE('',#154,#155);
#154 = CARTESIAN_POINT('',(-4.712388980385,-2.5));
#155 = VECTOR('',#156,1.);
#156 = DIRECTION('',(1.,-0.));
#157 = ( GEOMETRIC_REPRESENTATION_CONTEXT(2) 
PARAMETRIC_REPRESENTATION_CONTEXT() REPRESENTATION_CONTEXT('2D SPACE',''
  ) );
#158 = PCURVE('',#159,#164);
#159 = CONICAL_SURFACE('',#160,7.,0.785398163397);
#160 = AXIS2_PLACEMENT_3D('',#161,#162,#163);
#161 = CARTESIAN_POINT('',(7.,7.,2.5));
#162 = DIRECTION('',(-0.,-0.,-1.));
#163 = DIRECTION('',(0.,-1.,0.));
#164 = DEFINITIONAL_REPRESENTATION('',(#165),#169);
#165 = LINE('',#166,#167);
#166 = CARTESIAN_POINT('',(0.,-0.));
#167 = VECTOR('',#168,1.);
#168 = DIRECTION('',(1.,-0.));
#169 = ( GEOMETRIC_REPRESENTATION_CONTEXT(2) 
PARAMETRIC_REPRESENTATION_CONTEXT() REPRESENTATION_CONTEXT('2D SPACE',''
  ) );
#170 = ORIENTED_EDGE('',*,*,#171,.F.);
#171 = EDGE_CURVE('',#172,#143,#174,.T.);
#172 = VERTEX_POINT('',#173);
#173 = CARTESIAN_POINT('',(7.,-5.551115123126E-17,0.8));
#174 = SURFACE_CURVE('',#175,(#179,#186),.PCURVE_S1.);
#175 = LINE('',#176,#177);
#176 = CARTESIAN_POINT('',(7.,0.,0.));
#177 = VECTOR('',#178,1.);
#178 = DIRECTION('',(0.,0.,1.));
#179 = PCURVE('',#44,#180);
#180 = DEFINITIONAL_REPRESENTATION('',(#181),#185);
#181 = LINE('',#182,#183);
#182 = CARTESIAN_POINT('',(-4.712388980385,0.));
#183 = VECTOR('',#184,1.);
#184 = DIRECTION('',(-0.,-1.));
#185 = ( GEOMETRIC_REPRESENTATION_CONTEXT(2) 
PARAMETRIC_REPRESENTATION_CONTEXT() REPRESENTATION_CONTEXT('2D SPACE',''
  ) );
#186 = PCURVE('',#187,#192);
#187 = PLANE('',#188);
#188 = AXIS2_PLACEMENT_3D('',#189,#190,#191);
#189 = CARTESIAN_POINT('',(7.,0.,0.));
#190 = DIRECTION('',(0.,1.,0.));
#191 = DIRECTION('',(1.,0.,0.));
#192 = DEFINITIONAL_REPRESENTATION('',(#193),#197);
#193 = LINE('',#194,#195);
#194 = CARTESIAN_POINT('',(0.,0.));
#195 = VECTOR('',#196,1.);
#196 = DIRECTION('',(0.,-1.));
#197 = ( GEOMETRIC_REPRESENTATION_CONTEXT(2) 
PARAMETRIC_REPRESENTATION_CONTEXT() REPRESENTATION_CONTEXT('2D SPACE',''
  ) );
#198 = ORIENTED_EDGE('',*,*,#199,.T.);
#199 = EDGE_CURVE('',#172,#22,#200,.T.);
#200 = SURFACE_CURVE('',#201,(#206,#213),.PCURVE_S1.);
#201 = CIRCLE('',#202,7.);
#202 = AXIS2_PLACEMENT_3D('',#203,#204,#205);
#203 = CARTESIAN_POINT('',(7.,7.,0.8));
#204 = DIRECTION('',(-0.,-0.,-1.));
#205 = DIRECTION('',(0.,-1.,0.));
#206 = PCURVE('',#44,#207);
#207 = DEFINITIONAL_REPRESENTATION('',(#208),#212);
#208 = LINE('',#209,#210);
#209 = CARTESIAN_POINT('',(-4.712388980385,-0.8));
#210 = VECTOR('',#211,1.);
#211 = DIRECTION('',(1.,-0.));
#212 = ( GEOMETRIC_REPRESENTATION_CONTEXT(2) 
PARAMETRIC_REPRESENTATION_CONTEXT() REPRESENTATION_CONTEXT('2D SPACE',''
  ) );
#213 = PCURVE('',#214,#219);
#214 = CONICAL_SURFACE('',#215,7.,0.785398163397);
#215 = AXIS2_PLACEMENT_3D('',#216,#217,#218);
#216 = CARTESIAN_POINT('',(7.,7.,0.8));
#217 = DIRECTION('',(0.,0.,1.));
#218 = DIRECTION('',(0.,-1.,0.));
#219 = DEFINITIONAL_REPRESENTATION('',(#220),#224);
#220 = LINE('',#221,#222);
#221 = CARTESIAN_POINT('',(-0.,-0.));
#222 = VECTOR('',#223,1.);
#223 = DIRECTION('',(-1.,-0.));
#224 = ( GEOMETRIC_REPRESENTATION_CONTEXT(2) 
PARAMETRIC_REPRESENTATION_CONTEXT() REPRESENTATION_CONTEXT('2D SPACE',''
  ) );
#225 = ADVANCED_FACE('',(#226),#72,.T.);
#226 = FACE_BOUND('',#227,.F.);
#227 = EDGE_LOOP('',(#228,#249,#250,#276));
#228 = ORIENTED_EDGE('',*,*,#229,.F.);
#229 = EDGE_CURVE('',#24,#230,#232,.T.);
#230 = VERTEX_POINT('',#231);
#231 = CARTESIAN_POINT('',(0.5,7.,3.));
#232 = SURFACE_CURVE('',#233,(#237,#243),.PCURVE_S1.);
#233 = LINE('',#234,#235);
#234 = CARTESIAN_POINT('',(0.25,7.,2.75));
#235 = VECTOR('',#236,1.);
#236 = DIRECTION('',(0.707106781187,-0.,0.707106781187));
#237 = PCURVE('',#72,#238);
#238 = DEFINITIONAL_REPRESENTATION('',(#239),#242);
#239 = B_SPLINE_CURVE_WITH_KNOTS('',1,(#240,#241),.UNSPECIFIED.,.F.,.F.,
  (2,2),(-0.353553390593,0.353553390593),.PIECEWISE_BEZIER_KNOTS.);
#240 = CARTESIAN_POINT('',(0.,-0.353553390593));
#241 = CARTESIAN_POINT('',(0.,0.353553390593));
#242 = ( GEOMETRIC_REPRESENTATION_CONTEXT(2) 
PARAMETRIC_REPRESENTATION_CONTEXT() REPRESENTATION_CONTEXT('2D SPACE',''
  ) );
#243 = PCURVE('',#159,#244);
#244 = DEFINITIONAL_REPRESENTATION('',(#245),#248);
#245 = B_SPLINE_CURVE_WITH_KNOTS('',1,(#246,#247),.UNSPECIFIED.,.F.,.F.,
  (2,2),(-0.353553390593,0.353553390593),.PIECEWISE_BEZIER_KNOTS.);
#246 = CARTESIAN_POINT('',(1.570796326795,0.));
#247 = CARTESIAN_POINT('',(1.570796326795,-0.5));
#248 = ( GEOMETRIC_REPRESENTATION_CONTEXT(2) 
PARAMETRIC_REPRESENTATION_CONTEXT() REPRESENTATION_CONTEXT('2D SPACE',''
  ) );
#249 = ORIENTED_EDGE('',*,*,#56,.T.);
#250 = ORIENTED_EDGE('',*,*,#251,.T.);
#251 = EDGE_CURVE('',#57,#252,#254,.T.);
#252 = VERTEX_POINT('',#253);
#253 = CARTESIAN_POINT('',(0.5,91.,3.));
#254 = SURFACE_CURVE('',#255,(#259,#265),.PCURVE_S1.);
#255 = LINE('',#256,#257);
#256 = CARTESIAN_POINT('',(0.25,91.,2.75));
#257 = VECTOR('',#258,1.);
#258 = DIRECTION('',(0.707106781187,-0.,0.707106781187));
#259 = PCURVE('',#72,#260);
#260 = DEFINITIONAL_REPRESENTATION('',(#261),#264);
#261 = B_SPLINE_CURVE_WITH_KNOTS('',1,(#262,#263),.UNSPECIFIED.,.F.,.F.,
  (2,2),(-0.353553390593,0.353553390593),.PIECEWISE_BEZIER_KNOTS.);
#262 = CARTESIAN_POINT('',(-84.,-0.353553390593));
#263 = CARTESIAN_POINT('',(-84.,0.353553390593));
#264 = ( GEOMETRIC_REPRESENTATION_CONTEXT(2) 
PARAMETRIC_REPRESENTATION_CONTEXT() REPRESENTATION_CONTEXT('2D SPACE',''
  ) );
#265 = PCURVE('',#266,#271);
#266 = CONICAL_SURFACE('',#267,7.,0.785398163397);
#267 = AXIS2_PLACEMENT_3D('',#268,#269,#270);
#268 = CARTESIAN_POINT('',(7.,91.,2.5));
#269 = DIRECTION('',(-0.,-0.,-1.));
#270 = DIRECTION('',(-1.,0.,0.));
#271 = DEFINITIONAL_REPRESENTATION('',(#272),#275);
#272 = B_SPLINE_CURVE_WITH_KNOTS('',1,(#273,#274),.UNSPECIFIED.,.F.,.F.,
  (2,2),(-0.353553390593,0.353553390593),.PIECEWISE_BEZIER_KNOTS.);
#273 = CARTESIAN_POINT('',(0.,0.));
#274 = CARTESIAN_POINT('',(0.,-0.5));
#275 = ( GEOMETRIC_REPRESENTATION_CONTEXT(2) 
PARAMETRIC_REPRESENTATION_CONTEXT() REPRESENTATION_CONTEXT('2D SPACE',''
  ) );
#276 = ORIENTED_EDGE('',*,*,#277,.F.);
#277 = EDGE_CURVE('',#230,#252,#278,.T.);
#278 = SURFACE_CURVE('',#279,(#283,#290),.PCURVE_S1.);
#279 = LINE('',#280,#281);
#280 = CARTESIAN_POINT('',(0.5,7.,3.));
#281 = VECTOR('',#282,1.);
#282 = DIRECTION('',(0.,1.,0.));
#283 = PCURVE('',#72,#284);
#284 = DEFINITIONAL_REPRESENTATION('',(#285),#289);
#285 = LINE('',#286,#287);
#286 = CARTESIAN_POINT('',(-0.,0.353553390593));
#287 = VECTOR('',#288,1.);
#288 = DIRECTION('',(-1.,0.));
#289 = ( GEOMETRIC_REPRESENTATION_CONTEXT(2) 
PARAMETRIC_REPRESENTATION_CONTEXT() REPRESENTATION_CONTEXT('2D SPACE',''
  ) );
#290 = PCURVE('',#291,#296);
#291 = PLANE('',#292);
#292 = AXIS2_PLACEMENT_3D('',#293,#294,#295);
#293 = CARTESIAN_POINT('',(79.475,49.,3.));
#294 = DIRECTION('',(0.,0.,1.));
#295 = DIRECTION('',(1.,0.,-0.));
#296 = DEFINITIONAL_REPRESENTATION('',(#297),#301);
#297 = LINE('',#298,#299);
#298 = CARTESIAN_POINT('',(-78.975,-42.));
#299 = VECTOR('',#300,1.);
#300 = DIRECTION('',(0.,1.));
#301 = ( GEOMETRIC_REPRESENTATION_CONTEXT(2) 
PARAMETRIC_REPRESENTATION_CONTEXT() REPRESENTATION_CONTEXT('2D SPACE',''
  ) );
#302 = ADVANCED_FACE('',(#303),#126,.F.);
#303 = FACE_BOUND('',#304,.T.);
#304 = EDGE_LOOP('',(#305,#326,#327,#353));
#305 = ORIENTED_EDGE('',*,*,#306,.F.);
#306 = EDGE_CURVE('',#22,#307,#309,.T.);
#307 = VERTEX_POINT('',#308);
#308 = CARTESIAN_POINT('',(0.8,7.,-5.551115123126E-17));
#309 = SURFACE_CURVE('',#310,(#314,#320),.PCURVE_S1.);
#310 = LINE('',#311,#312);
#311 = CARTESIAN_POINT('',(0.4,7.,0.4));
#312 = VECTOR('',#313,1.);
#313 = DIRECTION('',(0.707106781187,0.,-0.707106781187));
#314 = PCURVE('',#126,#315);
#315 = DEFINITIONAL_REPRESENTATION('',(#316),#319);
#316 = B_SPLINE_CURVE_WITH_KNOTS('',1,(#317,#318),.UNSPECIFIED.,.F.,.F.,
  (2,2),(-0.565685424949,0.565685424949),.PIECEWISE_BEZIER_KNOTS.);
#317 = CARTESIAN_POINT('',(0.,-0.565685424949));
#318 = CARTESIAN_POINT('',(0.,0.565685424949));
#319 = ( GEOMETRIC_REPRESENTATION_CONTEXT(2) 
PARAMETRIC_REPRESENTATION_CONTEXT() REPRESENTATION_CONTEXT('2D SPACE',''
  ) );
#320 = PCURVE('',#214,#321);
#321 = DEFINITIONAL_REPRESENTATION('',(#322),#325);
#322 = B_SPLINE_CURVE_WITH_KNOTS('',1,(#323,#324),.UNSPECIFIED.,.F.,.F.,
  (2,2),(-0.565685424949,0.565685424949),.PIECEWISE_BEZIER_KNOTS.);
#323 = CARTESIAN_POINT('',(-1.570796326795,0.));
#324 = CARTESIAN_POINT('',(-1.570796326795,-0.8));
#325 = ( GEOMETRIC_REPRESENTATION_CONTEXT(2) 
PARAMETRIC_REPRESENTATION_CONTEXT() REPRESENTATION_CONTEXT('2D SPACE',''
  ) );
#326 = ORIENTED_EDGE('',*,*,#112,.T.);
#327 = ORIENTED_EDGE('',*,*,#328,.T.);
#328 = EDGE_CURVE('',#85,#329,#331,.T.);
#329 = VERTEX_POINT('',#330);
#330 = CARTESIAN_POINT('',(0.8,91.,-5.551115123126E-17));
#331 = SURFACE_CURVE('',#332,(#336,#342),.PCURVE_S1.);
#332 = LINE('',#333,#334);
#333 = CARTESIAN_POINT('',(0.4,91.,0.4));
#334 = VECTOR('',#335,1.);
#335 = DIRECTION('',(0.707106781187,0.,-0.707106781187));
#336 = PCURVE('',#126,#337);
#337 = DEFINITIONAL_REPRESENTATION('',(#338),#341);
#338 = B_SPLINE_CURVE_WITH_KNOTS('',1,(#339,#340),.UNSPECIFIED.,.F.,.F.,
  (2,2),(-0.565685424949,0.565685424949),.PIECEWISE_BEZIER_KNOTS.);
#339 = CARTESIAN_POINT('',(-84.,-0.565685424949));
#340 = CARTESIAN_POINT('',(-84.,0.565685424949));
#341 = ( GEOMETRIC_REPRESENTATION_CONTEXT(2) 
PARAMETRIC_REPRESENTATION_CONTEXT() REPRESENTATION_CONTEXT('2D SPACE',''
  ) );
#342 = PCURVE('',#343,#348);
#343 = CONICAL_SURFACE('',#344,7.,0.785398163397);
#344 = AXIS2_PLACEMENT_3D('',#345,#346,#347);
#345 = CARTESIAN_POINT('',(7.,91.,0.8));
#346 = DIRECTION('',(0.,0.,1.));
#347 = DIRECTION('',(-1.,0.,0.));
#348 = DEFINITIONAL_REPRESENTATION('',(#349),#352);
#349 = B_SPLINE_CURVE_WITH_KNOTS('',1,(#350,#351),.UNSPECIFIED.,.F.,.F.,
  (2,2),(-0.565685424949,0.565685424949),.PIECEWISE_BEZIER_KNOTS.);
#350 = CARTESIAN_POINT('',(0.,0.));
#351 = CARTESIAN_POINT('',(0.,-0.8));
#352 = ( GEOMETRIC_REPRESENTATION_CONTEXT(2) 
PARAMETRIC_REPRESENTATION_CONTEXT() REPRESENTATION_CONTEXT('2D SPACE',''
  ) );
#353 = ORIENTED_EDGE('',*,*,#354,.F.);
#354 = EDGE_CURVE('',#307,#329,#355,.T.);
#355 = SURFACE_CURVE('',#356,(#360,#367),.PCURVE_S1.);
#356 = LINE('',#357,#358);
#357 = CARTESIAN_POINT('',(0.8,7.,0.));
#358 = VECTOR('',#359,1.);
#359 = DIRECTION('',(0.,1.,0.));
#360 = PCURVE('',#126,#361);
#361 = DEFINITIONAL_REPRESENTATION('',(#362),#366);
#362 = LINE('',#363,#364);
#363 = CARTESIAN_POINT('',(-0.,0.565685424949));
#364 = VECTOR('',#365,1.);
#365 = DIRECTION('',(-1.,0.));
#366 = ( GEOMETRIC_REPRESENTATION_CONTEXT(2) 
PARAMETRIC_REPRESENTATION_CONTEXT() REPRESENTATION_CONTEXT('2D SPACE',''
  ) );
#367 = PCURVE('',#368,#373);
#368 = PLANE('',#369);
#369 = AXIS2_PLACEMENT_3D('',#370,#371,#372);
#370 = CARTESIAN_POINT('',(79.475,49.,0.));
#371 = DIRECTION('',(0.,0.,1.));
#372 = DIRECTION('',(1.,0.,-0.));
#373 = DEFINITIONAL_REPRESENTATION('',(#374),#378);
#374 = LINE('',#375,#376);
#375 = CARTESIAN_POINT('',(-78.675,-42.));
#376 = VECTOR('',#377,1.);
#377 = DIRECTION('',(0.,1.));
#378 = ( GEOMETRIC_REPRESENTATION_CONTEXT(2) 
PARAMETRIC_REPRESENTATION_CONTEXT() REPRESENTATION_CONTEXT('2D SPACE',''
  ) );
#379 = ADVANCED_FACE('',(#380),#100,.T.);
#380 = FACE_BOUND('',#381,.F.);
#381 = EDGE_LOOP('',(#382,#412,#434,#435));
#382 = ORIENTED_EDGE('',*,*,#383,.T.);
#383 = EDGE_CURVE('',#384,#386,#388,.T.);
#384 = VERTEX_POINT('',#385);
#385 = CARTESIAN_POINT('',(7.,98.,0.8));
#386 = VERTEX_POINT('',#387);
#387 = CARTESIAN_POINT('',(7.,98.,2.5));
#388 = SURFACE_CURVE('',#389,(#393,#400),.PCURVE_S1.);
#389 = LINE('',#390,#391);
#390 = CARTESIAN_POINT('',(7.,98.,0.));
#391 = VECTOR('',#392,1.);
#392 = DIRECTION('',(0.,0.,1.));
#393 = PCURVE('',#100,#394);
#394 = DEFINITIONAL_REPRESENTATION('',(#395),#399);
#395 = LINE('',#396,#397);
#396 = CARTESIAN_POINT('',(-1.570796326795,0.));
#397 = VECTOR('',#398,1.);
#398 = DIRECTION('',(-0.,-1.));
#399 = ( GEOMETRIC_REPRESENTATION_CONTEXT(2) 
PARAMETRIC_REPRESENTATION_CONTEXT() REPRESENTATION_CONTEXT('2D SPACE',''
  ) );
#400 = PCURVE('',#401,#406);
#401 = PLANE('',#402);
#402 = AXIS2_PLACEMENT_3D('',#403,#404,#405);
#403 = CARTESIAN_POINT('',(7.,98.,0.));
#404 = DIRECTION('',(0.,1.,0.));
#405 = DIRECTION('',(1.,0.,0.));
#406 = DEFINITIONAL_REPRESENTATION('',(#407),#411);
#407 = LINE('',#408,#409);
#408 = CARTESIAN_POINT('',(0.,0.));
#409 = VECTOR('',#410,1.);
#410 = DIRECTION('',(0.,-1.));
#411 = ( GEOMETRIC_REPRESENTATION_CONTEXT(2) 
PARAMETRIC_REPRESENTATION_CONTEXT() REPRESENTATION_CONTEXT('2D SPACE',''
  ) );
#412 = ORIENTED_EDGE('',*,*,#413,.F.);
#413 = EDGE_CURVE('',#57,#386,#414,.T.);
#414 = SURFACE_CURVE('',#415,(#420,#427),.PCURVE_S1.);
#415 = CIRCLE('',#416,7.);
#416 = AXIS2_PLACEMENT_3D('',#417,#418,#419);
#417 = CARTESIAN_POINT('',(7.,91.,2.5));
#418 = DIRECTION('',(-0.,0.,-1.));
#419 = DIRECTION('',(-1.,0.,0.));
#420 = PCURVE('',#100,#421);
#421 = DEFINITIONAL_REPRESENTATION('',(#422),#426);
#422 = LINE('',#423,#424);
#423 = CARTESIAN_POINT('',(-3.14159265359,-2.5));
#424 = VECTOR('',#425,1.);
#425 = DIRECTION('',(1.,-0.));
#426 = ( GEOMETRIC_REPRESENTATION_CONTEXT(2) 
PARAMETRIC_REPRESENTATION_CONTEXT() REPRESENTATION_CONTEXT('2D SPACE',''
  ) );
#427 = PCURVE('',#266,#428);
#428 = DEFINITIONAL_REPRESENTATION('',(#429),#433);
#429 = LINE('',#430,#431);
#430 = CARTESIAN_POINT('',(0.,-0.));
#431 = VECTOR('',#432,1.);
#432 = DIRECTION('',(1.,-0.));
#433 = ( GEOMETRIC_REPRESENTATION_CONTEXT(2) 
PARAMETRIC_REPRESENTATION_CONTEXT() REPRESENTATION_CONTEXT('2D SPACE',''
  ) );
#434 = ORIENTED_EDGE('',*,*,#84,.F.);
#435 = ORIENTED_EDGE('',*,*,#436,.T.);
#436 = EDGE_CURVE('',#85,#384,#437,.T.);
#437 = SURFACE_CURVE('',#438,(#443,#450),.PCURVE_S1.);
#438 = CIRCLE('',#439,7.);
#439 = AXIS2_PLACEMENT_3D('',#440,#441,#442);
#440 = CARTESIAN_POINT('',(7.,91.,0.8));
#441 = DIRECTION('',(-0.,0.,-1.));
#442 = DIRECTION('',(-1.,0.,0.));
#443 = PCURVE('',#100,#444);
#444 = DEFINITIONAL_REPRESENTATION('',(#445),#449);
#445 = LINE('',#446,#447);
#446 = CARTESIAN_POINT('',(-3.14159265359,-0.8));
#447 = VECTOR('',#448,1.);
#448 = DIRECTION('',(1.,-0.));
#449 = ( GEOMETRIC_REPRESENTATION_CONTEXT(2) 
PARAMETRIC_REPRESENTATION_CONTEXT() REPRESENTATION_CONTEXT('2D SPACE',''
  ) );
#450 = PCURVE('',#343,#451);
#451 = DEFINITIONAL_REPRESENTATION('',(#452),#456);
#452 = LINE('',#453,#454);
#453 = CARTESIAN_POINT('',(-0.,-0.));
#454 = VECTOR('',#455,1.);
#455 = DIRECTION('',(-1.,-0.));
#456 = ( GEOMETRIC_REPRESENTATION_CONTEXT(2) 
PARAMETRIC_REPRESENTATION_CONTEXT() REPRESENTATION_CONTEXT('2D SPACE',''
  ) );
#457 = ADVANCED_FACE('',(#458),#159,.T.);
#458 = FACE_BOUND('',#459,.F.);
#459 = EDGE_LOOP('',(#460,#486,#487,#488));
#460 = ORIENTED_EDGE('',*,*,#461,.F.);
#461 = EDGE_CURVE('',#143,#462,#464,.T.);
#462 = VERTEX_POINT('',#463);
#463 = CARTESIAN_POINT('',(7.,0.5,3.));
#464 = SURFACE_CURVE('',#465,(#469,#475),.PCURVE_S1.);
#465 = LINE('',#466,#467);
#466 = CARTESIAN_POINT('',(7.,0.25,2.75));
#467 = VECTOR('',#468,1.);
#468 = DIRECTION('',(0.,0.707106781187,0.707106781187));
#469 = PCURVE('',#159,#470);
#470 = DEFINITIONAL_REPRESENTATION('',(#471),#474);
#471 = B_SPLINE_CURVE_WITH_KNOTS('',1,(#472,#473),.UNSPECIFIED.,.F.,.F.,
  (2,2),(-0.353553390593,0.353553390593),.PIECEWISE_BEZIER_KNOTS.);
#472 = CARTESIAN_POINT('',(0.,0.));
#473 = CARTESIAN_POINT('',(0.,-0.5));
#474 = ( GEOMETRIC_REPRESENTATION_CONTEXT(2) 
PARAMETRIC_REPRESENTATION_CONTEXT() REPRESENTATION_CONTEXT('2D SPACE',''
  ) );
#475 = PCURVE('',#476,#481);
#476 = PLANE('',#477);
#477 = AXIS2_PLACEMENT_3D('',#478,#479,#480);
#478 = CARTESIAN_POINT('',(151.95,0.25,2.75));
#479 = DIRECTION('',(0.,0.707106781187,-0.707106781187));
#480 = DIRECTION('',(-1.,0.,-0.));
#481 = DEFINITIONAL_REPRESENTATION('',(#482),#485);
#482 = B_SPLINE_CURVE_WITH_KNOTS('',1,(#483,#484),.UNSPECIFIED.,.F.,.F.,
  (2,2),(-0.353553390593,0.353553390593),.PIECEWISE_BEZIER_KNOTS.);
#483 = CARTESIAN_POINT('',(144.95,-0.353553390593));
#484 = CARTESIAN_POINT('',(144.95,0.353553390593));
#485 = ( GEOMETRIC_REPRESENTATION_CONTEXT(2) 
PARAMETRIC_REPRESENTATION_CONTEXT() REPRESENTATION_CONTEXT('2D SPACE',''
  ) );
#486 = ORIENTED_EDGE('',*,*,#142,.T.);
#487 = ORIENTED_EDGE('',*,*,#229,.T.);
#488 = ORIENTED_EDGE('',*,*,#489,.F.);
#489 = EDGE_CURVE('',#462,#230,#490,.T.);
#490 = SURFACE_CURVE('',#491,(#496,#503),.PCURVE_S1.);
#491 = CIRCLE('',#492,6.5);
#492 = AXIS2_PLACEMENT_3D('',#493,#494,#495);
#493 = CARTESIAN_POINT('',(7.,7.,3.));
#494 = DIRECTION('',(-0.,-0.,-1.));
#495 = DIRECTION('',(0.,-1.,0.));
#496 = PCURVE('',#159,#497);
#497 = DEFINITIONAL_REPRESENTATION('',(#498),#502);
#498 = LINE('',#499,#500);
#499 = CARTESIAN_POINT('',(0.,-0.5));
#500 = VECTOR('',#501,1.);
#501 = DIRECTION('',(1.,-0.));
#502 = ( GEOMETRIC_REPRESENTATION_CONTEXT(2) 
PARAMETRIC_REPRESENTATION_CONTEXT() REPRESENTATION_CONTEXT('2D SPACE',''
  ) );
#503 = PCURVE('',#291,#504);
#504 = DEFINITIONAL_REPRESENTATION('',(#505),#513);
#505 = ( BOUNDED_CURVE() B_SPLINE_CURVE(2,(#506,#507,#508,#509,#510,#511
,#512),.UNSPECIFIED.,.T.,.F.) B_SPLINE_CURVE_WITH_KNOTS((1,2,2,2,2,1),(
    -2.094395102393,0.,2.094395102393,4.188790204786,6.28318530718,
8.377580409573),.UNSPECIFIED.) CURVE() GEOMETRIC_REPRESENTATION_ITEM() 
RATIONAL_B_SPLINE_CURVE((1.,0.5,1.,0.5,1.,0.5,1.)) REPRESENTATION_ITEM(
  '') );
#506 = CARTESIAN_POINT('',(-72.475,-48.5));
#507 = CARTESIAN_POINT('',(-83.73333024919,-48.5));
#508 = CARTESIAN_POINT('',(-78.10416512459,-38.75));
#509 = CARTESIAN_POINT('',(-72.475,-29.));
#510 = CARTESIAN_POINT('',(-66.8458348754,-38.75));
#511 = CARTESIAN_POINT('',(-61.2166697508,-48.5));
#512 = CARTESIAN_POINT('',(-72.475,-48.5));
#513 = ( GEOMETRIC_REPRESENTATION_CONTEXT(2) 
PARAMETRIC_REPRESENTATION_CONTEXT() REPRESENTATION_CONTEXT('2D SPACE',''
  ) );
#514 = ADVANCED_FACE('',(#515),#214,.T.);
#515 = FACE_BOUND('',#516,.T.);
#516 = EDGE_LOOP('',(#517,#543,#544,#545));
#517 = ORIENTED_EDGE('',*,*,#518,.F.);
#518 = EDGE_CURVE('',#172,#519,#521,.T.);
#519 = VERTEX_POINT('',#520);
#520 = CARTESIAN_POINT('',(7.,0.8,-5.551115123126E-17));
#521 = SURFACE_CURVE('',#522,(#526,#532),.PCURVE_S1.);
#522 = LINE('',#523,#524);
#523 = CARTESIAN_POINT('',(7.,0.4,0.4));
#524 = VECTOR('',#525,1.);
#525 = DIRECTION('',(-0.,0.707106781187,-0.707106781187));
#526 = PCURVE('',#214,#527);
#527 = DEFINITIONAL_REPRESENTATION('',(#528),#531);
#528 = B_SPLINE_CURVE_WITH_KNOTS('',1,(#529,#530),.UNSPECIFIED.,.F.,.F.,
  (2,2),(-0.565685424949,0.565685424949),.PIECEWISE_BEZIER_KNOTS.);
#529 = CARTESIAN_POINT('',(0.,0.));
#530 = CARTESIAN_POINT('',(0.,-0.8));
#531 = ( GEOMETRIC_REPRESENTATION_CONTEXT(2) 
PARAMETRIC_REPRESENTATION_CONTEXT() REPRESENTATION_CONTEXT('2D SPACE',''
  ) );
#532 = PCURVE('',#533,#538);
#533 = PLANE('',#534);
#534 = AXIS2_PLACEMENT_3D('',#535,#536,#537);
#535 = CARTESIAN_POINT('',(151.95,0.4,0.4));
#536 = DIRECTION('',(0.,-0.707106781187,-0.707106781187));
#537 = DIRECTION('',(-1.,-0.,0.));
#538 = DEFINITIONAL_REPRESENTATION('',(#539),#542);
#539 = B_SPLINE_CURVE_WITH_KNOTS('',1,(#540,#541),.UNSPECIFIED.,.F.,.F.,
  (2,2),(-0.565685424949,0.565685424949),.PIECEWISE_BEZIER_KNOTS.);
#540 = CARTESIAN_POINT('',(144.95,-0.565685424949));
#541 = CARTESIAN_POINT('',(144.95,0.565685424949));
#542 = ( GEOMETRIC_REPRESENTATION_CONTEXT(2) 
PARAMETRIC_REPRESENTATION_CONTEXT() REPRESENTATION_CONTEXT('2D SPACE',''
  ) );
#543 = ORIENTED_EDGE('',*,*,#199,.T.);
#544 = ORIENTED_EDGE('',*,*,#306,.T.);
#545 = ORIENTED_EDGE('',*,*,#546,.F.);
#546 = EDGE_CURVE('',#519,#307,#547,.T.);
#547 = SURFACE_CURVE('',#548,(#553,#560),.PCURVE_S1.);
#548 = CIRCLE('',#549,6.2);
#549 = AXIS2_PLACEMENT_3D('',#550,#551,#552);
#550 = CARTESIAN_POINT('',(7.,7.,0.));
#551 = DIRECTION('',(-0.,-0.,-1.));
#552 = DIRECTION('',(0.,-1.,0.));
#553 = PCURVE('',#214,#554);
#554 = DEFINITIONAL_REPRESENTATION('',(#555),#559);
#555 = LINE('',#556,#557);
#556 = CARTESIAN_POINT('',(-0.,-0.8));
#557 = VECTOR('',#558,1.);
#558 = DIRECTION('',(-1.,-0.));
#559 = ( GEOMETRIC_REPRESENTATION_CONTEXT(2) 
PARAMETRIC_REPRESENTATION_CONTEXT() REPRESENTATION_CONTEXT('2D SPACE',''
  ) );
#560 = PCURVE('',#368,#561);
#561 = DEFINITIONAL_REPRESENTATION('',(#562),#570);
#562 = ( BOUNDED_CURVE() B_SPLINE_CURVE(2,(#563,#564,#565,#566,#567,#568
,#569),.UNSPECIFIED.,.T.,.F.) B_SPLINE_CURVE_WITH_KNOTS((1,2,2,2,2,1),(
    -2.094395102393,0.,2.094395102393,4.188790204786,6.28318530718,
8.377580409573),.UNSPECIFIED.) CURVE() GEOMETRIC_REPRESENTATION_ITEM() 
RATIONAL_B_SPLINE_CURVE((1.,0.5,1.,0.5,1.,0.5,1.)) REPRESENTATION_ITEM(
  '') );
#563 = CARTESIAN_POINT('',(-72.475,-48.2));
#564 = CARTESIAN_POINT('',(-83.21371500692,-48.2));
#565 = CARTESIAN_POINT('',(-77.84435750346,-38.9));
#566 = CARTESIAN_POINT('',(-72.475,-29.6));
#567 = CARTESIAN_POINT('',(-67.10564249653,-38.9));
#568 = CARTESIAN_POINT('',(-61.73628499307,-48.2));
#569 = CARTESIAN_POINT('',(-72.475,-48.2));
#570 = ( GEOMETRIC_REPRESENTATION_CONTEXT(2) 
PARAMETRIC_REPRESENTATION_CONTEXT() REPRESENTATION_CONTEXT('2D SPACE',''
  ) );
#571 = ADVANCED_FACE('',(#572),#187,.F.);
#572 = FACE_BOUND('',#573,.F.);
#573 = EDGE_LOOP('',(#574,#575,#598,#626));
#574 = ORIENTED_EDGE('',*,*,#171,.T.);
#575 = ORIENTED_EDGE('',*,*,#576,.F.);
#576 = EDGE_CURVE('',#577,#143,#579,.T.);
#577 = VERTEX_POINT('',#578);
#578 = CARTESIAN_POINT('',(151.95,0.,2.5));
#579 = SURFACE_CURVE('',#580,(#584,#591),.PCURVE_S1.);
#580 = LINE('',#581,#582);
#581 = CARTESIAN_POINT('',(151.95,0.,2.5));
#582 = VECTOR('',#583,1.);
#583 = DIRECTION('',(-1.,-0.,-0.));
#584 = PCURVE('',#187,#585);
#585 = DEFINITIONAL_REPRESENTATION('',(#586),#590);
#586 = LINE('',#587,#588);
#587 = CARTESIAN_POINT('',(144.95,-2.5));
#588 = VECTOR('',#589,1.);
#589 = DIRECTION('',(-1.,0.));
#590 = ( GEOMETRIC_REPRESENTATION_CONTEXT(2) 
PARAMETRIC_REPRESENTATION_CONTEXT() REPRESENTATION_CONTEXT('2D SPACE',''
  ) );
#591 = PCURVE('',#476,#592);
#592 = DEFINITIONAL_REPRESENTATION('',(#593),#597);
#593 = LINE('',#594,#595);
#594 = CARTESIAN_POINT('',(0.,-0.353553390593));
#595 = VECTOR('',#596,1.);
#596 = DIRECTION('',(1.,0.));
#597 = ( GEOMETRIC_REPRESENTATION_CONTEXT(2) 
PARAMETRIC_REPRESENTATION_CONTEXT() REPRESENTATION_CONTEXT('2D SPACE',''
  ) );
#598 = ORIENTED_EDGE('',*,*,#599,.F.);
#599 = EDGE_CURVE('',#600,#577,#602,.T.);
#600 = VERTEX_POINT('',#601);
#601 = CARTESIAN_POINT('',(151.95,0.,0.8));
#602 = SURFACE_CURVE('',#603,(#607,#614),.PCURVE_S1.);
#603 = LINE('',#604,#605);
#604 = CARTESIAN_POINT('',(151.95,0.,0.));
#605 = VECTOR('',#606,1.);
#606 = DIRECTION('',(0.,0.,1.));
#607 = PCURVE('',#187,#608);
#608 = DEFINITIONAL_REPRESENTATION('',(#609),#613);
#609 = LINE('',#610,#611);
#610 = CARTESIAN_POINT('',(144.95,0.));
#611 = VECTOR('',#612,1.);
#612 = DIRECTION('',(0.,-1.));
#613 = ( GEOMETRIC_REPRESENTATION_CONTEXT(2) 
PARAMETRIC_REPRESENTATION_CONTEXT() REPRESENTATION_CONTEXT('2D SPACE',''
  ) );
#614 = PCURVE('',#615,#620);
#615 = CYLINDRICAL_SURFACE('',#616,7.);
#616 = AXIS2_PLACEMENT_3D('',#617,#618,#619);
#617 = CARTESIAN_POINT('',(151.95,7.,0.));
#618 = DIRECTION('',(-0.,-0.,-1.));
#619 = DIRECTION('',(1.,0.,0.));
#620 = DEFINITIONAL_REPRESENTATION('',(#621),#625);
#621 = LINE('',#622,#623);
#622 = CARTESIAN_POINT('',(-4.712388980385,0.));
#623 = VECTOR('',#624,1.);
#624 = DIRECTION('',(-0.,-1.));
#625 = ( GEOMETRIC_REPRESENTATION_CONTEXT(2) 
PARAMETRIC_REPRESENTATION_CONTEXT() REPRESENTATION_CONTEXT('2D SPACE',''
  ) );
#626 = ORIENTED_EDGE('',*,*,#627,.T.);
#627 = EDGE_CURVE('',#600,#172,#628,.T.);
#628 = SURFACE_CURVE('',#629,(#633,#640),.PCURVE_S1.);
#629 = LINE('',#630,#631);
#630 = CARTESIAN_POINT('',(151.95,0.,0.8));
#631 = VECTOR('',#632,1.);
#632 = DIRECTION('',(-1.,-0.,-0.));
#633 = PCURVE('',#187,#634);
#634 = DEFINITIONAL_REPRESENTATION('',(#635),#639);
#635 = LINE('',#636,#637);
#636 = CARTESIAN_POINT('',(144.95,-0.8));
#637 = VECTOR('',#638,1.);
#638 = DIRECTION('',(-1.,0.));
#639 = ( GEOMETRIC_REPRESENTATION_CONTEXT(2) 
PARAMETRIC_REPRESENTATION_CONTEXT() REPRESENTATION_CONTEXT('2D SPACE',''
  ) );
#640 = PCURVE('',#533,#641);
#641 = DEFINITIONAL_REPRESENTATION('',(#642),#646);
#642 = LINE('',#643,#644);
#643 = CARTESIAN_POINT('',(0.,-0.565685424949));
#644 = VECTOR('',#645,1.);
#645 = DIRECTION('',(1.,0.));
#646 = ( GEOMETRIC_REPRESENTATION_CONTEXT(2) 
PARAMETRIC_REPRESENTATION_CONTEXT() REPRESENTATION_CONTEXT('2D SPACE',''
  ) );
#647 = ADVANCED_FACE('',(#648,#823,#854,#966,#997,#1028,#1134,#1165,
    #1277,#1308,#1420,#1451,#1482,#1513,#1625,#1737,#1843,#1874,#1986,
    #2017,#2048,#2157,#2188,#2297,#2328,#2440),#291,.T.);
#648 = FACE_BOUND('',#649,.T.);
#649 = EDGE_LOOP('',(#650,#651,#652,#675,#708,#736,#769,#797));
#650 = ORIENTED_EDGE('',*,*,#277,.F.);
#651 = ORIENTED_EDGE('',*,*,#489,.F.);
#652 = ORIENTED_EDGE('',*,*,#653,.F.);
#653 = EDGE_CURVE('',#654,#462,#656,.T.);
#654 = VERTEX_POINT('',#655);
#655 = CARTESIAN_POINT('',(151.95,0.5,3.));
#656 = SURFACE_CURVE('',#657,(#661,#668),.PCURVE_S1.);
#657 = LINE('',#658,#659);
#658 = CARTESIAN_POINT('',(151.95,0.5,3.));
#659 = VECTOR('',#660,1.);
#660 = DIRECTION('',(-1.,-0.,-0.));
#661 = PCURVE('',#291,#662);
#662 = DEFINITIONAL_REPRESENTATION('',(#663),#667);
#663 = LINE('',#664,#665);
#664 = CARTESIAN_POINT('',(72.475,-48.5));
#665 = VECTOR('',#666,1.);
#666 = DIRECTION('',(-1.,0.));
#667 = ( GEOMETRIC_REPRESENTATION_CONTEXT(2) 
PARAMETRIC_REPRESENTATION_CONTEXT() REPRESENTATION_CONTEXT('2D SPACE',''
  ) );
#668 = PCURVE('',#476,#669);
#669 = DEFINITIONAL_REPRESENTATION('',(#670),#674);
#670 = LINE('',#671,#672);
#671 = CARTESIAN_POINT('',(0.,0.353553390593));
#672 = VECTOR('',#673,1.);
#673 = DIRECTION('',(1.,0.));
#674 = ( GEOMETRIC_REPRESENTATION_CONTEXT(2) 
PARAMETRIC_REPRESENTATION_CONTEXT() REPRESENTATION_CONTEXT('2D SPACE',''
  ) );
#675 = ORIENTED_EDGE('',*,*,#676,.F.);
#676 = EDGE_CURVE('',#677,#654,#679,.T.);
#677 = VERTEX_POINT('',#678);
#678 = CARTESIAN_POINT('',(158.45,7.,3.));
#679 = SURFACE_CURVE('',#680,(#685,#696),.PCURVE_S1.);
#680 = CIRCLE('',#681,6.5);
#681 = AXIS2_PLACEMENT_3D('',#682,#683,#684);
#682 = CARTESIAN_POINT('',(151.95,7.,3.));
#683 = DIRECTION('',(0.,0.,-1.));
#684 = DIRECTION('',(1.,0.,0.));
#685 = PCURVE('',#291,#686);
#686 = DEFINITIONAL_REPRESENTATION('',(#687),#695);
#687 = ( BOUNDED_CURVE() B_SPLINE_CURVE(2,(#688,#689,#690,#691,#692,#693
,#694),.UNSPECIFIED.,.T.,.F.) B_SPLINE_CURVE_WITH_KNOTS((1,2,2,2,2,1),(
    -2.094395102393,0.,2.094395102393,4.188790204786,6.28318530718,
8.377580409573),.UNSPECIFIED.) CURVE() GEOMETRIC_REPRESENTATION_ITEM() 
RATIONAL_B_SPLINE_CURVE((1.,0.5,1.,0.5,1.,0.5,1.)) REPRESENTATION_ITEM(
  '') );
#688 = CARTESIAN_POINT('',(78.975,-42.));
#689 = CARTESIAN_POINT('',(78.975,-53.25833024919));
#690 = CARTESIAN_POINT('',(69.225,-47.62916512459));
#691 = CARTESIAN_POINT('',(59.475,-42.));
#692 = CARTESIAN_POINT('',(69.225,-36.3708348754));
#693 = CARTESIAN_POINT('',(78.975,-30.7416697508));
#694 = CARTESIAN_POINT('',(78.975,-42.));
#695 = ( GEOMETRIC_REPRESENTATION_CONTEXT(2) 
PARAMETRIC_REPRESENTATION_CONTEXT() REPRESENTATION_CONTEXT('2D SPACE',''
  ) );
#696 = PCURVE('',#697,#702);
#697 = CONICAL_SURFACE('',#698,7.,0.785398163397);
#698 = AXIS2_PLACEMENT_3D('',#699,#700,#701);
#699 = CARTESIAN_POINT('',(151.95,7.,2.5));
#700 = DIRECTION('',(-0.,-0.,-1.));
#701 = DIRECTION('',(1.,0.,0.));
#702 = DEFINITIONAL_REPRESENTATION('',(#703),#707);
#703 = LINE('',#704,#705);
#704 = CARTESIAN_POINT('',(0.,-0.5));
#705 = VECTOR('',#706,1.);
#706 = DIRECTION('',(1.,-0.));
#707 = ( GEOMETRIC_REPRESENTATION_CONTEXT(2) 
PARAMETRIC_REPRESENTATION_CONTEXT() REPRESENTATION_CONTEXT('2D SPACE',''
  ) );
#708 = ORIENTED_EDGE('',*,*,#709,.F.);
#709 = EDGE_CURVE('',#710,#677,#712,.T.);
#710 = VERTEX_POINT('',#711);
#711 = CARTESIAN_POINT('',(158.45,91.,3.));
#712 = SURFACE_CURVE('',#713,(#717,#724),.PCURVE_S1.);
#713 = LINE('',#714,#715);
#714 = CARTESIAN_POINT('',(158.45,91.,3.));
#715 = VECTOR('',#716,1.);
#716 = DIRECTION('',(-0.,-1.,-0.));
#717 = PCURVE('',#291,#718);
#718 = DEFINITIONAL_REPRESENTATION('',(#719),#723);
#719 = LINE('',#720,#721);
#720 = CARTESIAN_POINT('',(78.975,42.));
#721 = VECTOR('',#722,1.);
#722 = DIRECTION('',(0.,-1.));
#723 = ( GEOMETRIC_REPRESENTATION_CONTEXT(2) 
PARAMETRIC_REPRESENTATION_CONTEXT() REPRESENTATION_CONTEXT('2D SPACE',''
  ) );
#724 = PCURVE('',#725,#730);
#725 = PLANE('',#726);
#726 = AXIS2_PLACEMENT_3D('',#727,#728,#729);
#727 = CARTESIAN_POINT('',(158.7,91.,2.75));
#728 = DIRECTION('',(-0.707106781187,0.,-0.707106781187));
#729 = DIRECTION('',(0.,-1.,-0.));
#730 = DEFINITIONAL_REPRESENTATION('',(#731),#735);
#731 = LINE('',#732,#733);
#732 = CARTESIAN_POINT('',(0.,0.353553390593));
#733 = VECTOR('',#734,1.);
#734 = DIRECTION('',(1.,0.));
#735 = ( GEOMETRIC_REPRESENTATION_CONTEXT(2) 
PARAMETRIC_REPRESENTATION_CONTEXT() REPRESENTATION_CONTEXT('2D SPACE',''
  ) );
#736 = ORIENTED_EDGE('',*,*,#737,.F.);
#737 = EDGE_CURVE('',#738,#710,#740,.T.);
#738 = VERTEX_POINT('',#739);
#739 = CARTESIAN_POINT('',(151.95,97.5,3.));
#740 = SURFACE_CURVE('',#741,(#746,#757),.PCURVE_S1.);
#741 = CIRCLE('',#742,6.5);
#742 = AXIS2_PLACEMENT_3D('',#743,#744,#745);
#743 = CARTESIAN_POINT('',(151.95,91.,3.));
#744 = DIRECTION('',(0.,-0.,-1.));
#745 = DIRECTION('',(0.,1.,-0.));
#746 = PCURVE('',#291,#747);
#747 = DEFINITIONAL_REPRESENTATION('',(#748),#756);
#748 = ( BOUNDED_CURVE() B_SPLINE_CURVE(2,(#749,#750,#751,#752,#753,#754
,#755),.UNSPECIFIED.,.T.,.F.) B_SPLINE_CURVE_WITH_KNOTS((1,2,2,2,2,1),(
    -2.094395102393,0.,2.094395102393,4.188790204786,6.28318530718,
8.377580409573),.UNSPECIFIED.) CURVE() GEOMETRIC_REPRESENTATION_ITEM() 
RATIONAL_B_SPLINE_CURVE((1.,0.5,1.,0.5,1.,0.5,1.)) REPRESENTATION_ITEM(
  '') );
#749 = CARTESIAN_POINT('',(72.475,48.5));
#750 = CARTESIAN_POINT('',(83.733330249198,48.5));
#751 = CARTESIAN_POINT('',(78.104165124599,38.75));
#752 = CARTESIAN_POINT('',(72.475,29.));
#753 = CARTESIAN_POINT('',(66.845834875401,38.75));
#754 = CARTESIAN_POINT('',(61.216669750802,48.5));
#755 = CARTESIAN_POINT('',(72.475,48.5));
#756 = ( GEOMETRIC_REPRESENTATION_CONTEXT(2) 
PARAMETRIC_REPRESENTATION_CONTEXT() REPRESENTATION_CONTEXT('2D SPACE',''
  ) );
#757 = PCURVE('',#758,#763);
#758 = CONICAL_SURFACE('',#759,7.,0.785398163397);
#759 = AXIS2_PLACEMENT_3D('',#760,#761,#762);
#760 = CARTESIAN_POINT('',(151.95,91.,2.5));
#761 = DIRECTION('',(-0.,-0.,-1.));
#762 = DIRECTION('',(0.,1.,-0.));
#763 = DEFINITIONAL_REPRESENTATION('',(#764),#768);
#764 = LINE('',#765,#766);
#765 = CARTESIAN_POINT('',(0.,-0.5));
#766 = VECTOR('',#767,1.);
#767 = DIRECTION('',(1.,-0.));
#768 = ( GEOMETRIC_REPRESENTATION_CONTEXT(2) 
PARAMETRIC_REPRESENTATION_CONTEXT() REPRESENTATION_CONTEXT('2D SPACE',''
  ) );
#769 = ORIENTED_EDGE('',*,*,#770,.F.);
#770 = EDGE_CURVE('',#771,#738,#773,.T.);
#771 = VERTEX_POINT('',#772);
#772 = CARTESIAN_POINT('',(7.,97.5,3.));
#773 = SURFACE_CURVE('',#774,(#778,#785),.PCURVE_S1.);
#774 = LINE('',#775,#776);
#775 = CARTESIAN_POINT('',(7.,97.5,3.));
#776 = VECTOR('',#777,1.);
#777 = DIRECTION('',(1.,0.,0.));
#778 = PCURVE('',#291,#779);
#779 = DEFINITIONAL_REPRESENTATION('',(#780),#784);
#780 = LINE('',#781,#782);
#781 = CARTESIAN_POINT('',(-72.475,48.5));
#782 = VECTOR('',#783,1.);
#783 = DIRECTION('',(1.,0.));
#784 = ( GEOMETRIC_REPRESENTATION_CONTEXT(2) 
PARAMETRIC_REPRESENTATION_CONTEXT() REPRESENTATION_CONTEXT('2D SPACE',''
  ) );
#785 = PCURVE('',#786,#791);
#786 = PLANE('',#787);
#787 = AXIS2_PLACEMENT_3D('',#788,#789,#790);
#788 = CARTESIAN_POINT('',(7.,97.75,2.75));
#789 = DIRECTION('',(0.,0.707106781187,0.707106781187));
#790 = DIRECTION('',(-1.,-0.,0.));
#791 = DEFINITIONAL_REPRESENTATION('',(#792),#796);
#792 = LINE('',#793,#794);
#793 = CARTESIAN_POINT('',(-0.,0.353553390593));
#794 = VECTOR('',#795,1.);
#795 = DIRECTION('',(-1.,0.));
#796 = ( GEOMETRIC_REPRESENTATION_CONTEXT(2) 
PARAMETRIC_REPRESENTATION_CONTEXT() REPRESENTATION_CONTEXT('2D SPACE',''
  ) );
#797 = ORIENTED_EDGE('',*,*,#798,.F.);
#798 = EDGE_CURVE('',#252,#771,#799,.T.);
#799 = SURFACE_CURVE('',#800,(#805,#816),.PCURVE_S1.);
#800 = CIRCLE('',#801,6.5);
#801 = AXIS2_PLACEMENT_3D('',#802,#803,#804);
#802 = CARTESIAN_POINT('',(7.,91.,3.));
#803 = DIRECTION('',(-0.,0.,-1.));
#804 = DIRECTION('',(-1.,0.,0.));
#805 = PCURVE('',#291,#806);
#806 = DEFINITIONAL_REPRESENTATION('',(#807),#815);
#807 = ( BOUNDED_CURVE() B_SPLINE_CURVE(2,(#808,#809,#810,#811,#812,#813
,#814),.UNSPECIFIED.,.T.,.F.) B_SPLINE_CURVE_WITH_KNOTS((1,2,2,2,2,1),(
    -2.094395102393,0.,2.094395102393,4.188790204786,6.28318530718,
8.377580409573),.UNSPECIFIED.) CURVE() GEOMETRIC_REPRESENTATION_ITEM() 
RATIONAL_B_SPLINE_CURVE((1.,0.5,1.,0.5,1.,0.5,1.)) REPRESENTATION_ITEM(
  '') );
#808 = CARTESIAN_POINT('',(-78.975,42.));
#809 = CARTESIAN_POINT('',(-78.975,53.258330249198));
#810 = CARTESIAN_POINT('',(-69.225,47.629165124599));
#811 = CARTESIAN_POINT('',(-59.475,42.));
#812 = CARTESIAN_POINT('',(-69.225,36.370834875401));
#813 = CARTESIAN_POINT('',(-78.975,30.741669750802));
#814 = CARTESIAN_POINT('',(-78.975,42.));
#815 = ( GEOMETRIC_REPRESENTATION_CONTEXT(2) 
PARAMETRIC_REPRESENTATION_CONTEXT() REPRESENTATION_CONTEXT('2D SPACE',''
  ) );
#816 = PCURVE('',#266,#817);
#817 = DEFINITIONAL_REPRESENTATION('',(#818),#822);
#818 = LINE('',#819,#820);
#819 = CARTESIAN_POINT('',(0.,-0.5));
#820 = VECTOR('',#821,1.);
#821 = DIRECTION('',(1.,-0.));
#822 = ( GEOMETRIC_REPRESENTATION_CONTEXT(2) 
PARAMETRIC_REPRESENTATION_CONTEXT() REPRESENTATION_CONTEXT('2D SPACE',''
  ) );
#823 = FACE_BOUND('',#824,.T.);
#824 = EDGE_LOOP('',(#825));
#825 = ORIENTED_EDGE('',*,*,#826,.F.);
#826 = EDGE_CURVE('',#827,#827,#829,.T.);
#827 = VERTEX_POINT('',#828);
#828 = CARTESIAN_POINT('',(7.9,6.2,3.));
#829 = SURFACE_CURVE('',#830,(#835,#842),.PCURVE_S1.);
#830 = CIRCLE('',#831,1.7);
#831 = AXIS2_PLACEMENT_3D('',#832,#833,#834);
#832 = CARTESIAN_POINT('',(6.2,6.2,3.));
#833 = DIRECTION('',(0.,0.,1.));
#834 = DIRECTION('',(1.,0.,-0.));
#835 = PCURVE('',#291,#836);
#836 = DEFINITIONAL_REPRESENTATION('',(#837),#841);
#837 = CIRCLE('',#838,1.7);
#838 = AXIS2_PLACEMENT_2D('',#839,#840);
#839 = CARTESIAN_POINT('',(-73.275,-42.8));
#840 = DIRECTION('',(1.,0.));
#841 = ( GEOMETRIC_REPRESENTATION_CONTEXT(2) 
PARAMETRIC_REPRESENTATION_CONTEXT() REPRESENTATION_CONTEXT('2D SPACE',''
  ) );
#842 = PCURVE('',#843,#848);
#843 = CYLINDRICAL_SURFACE('',#844,1.7);
#844 = AXIS2_PLACEMENT_3D('',#845,#846,#847);
#845 = CARTESIAN_POINT('',(6.2,6.2,-1.));
#846 = DIRECTION('',(0.,0.,1.));
#847 = DIRECTION('',(1.,0.,-0.));
#848 = DEFINITIONAL_REPRESENTATION('',(#849),#853);
#849 = LINE('',#850,#851);
#850 = CARTESIAN_POINT('',(0.,4.));
#851 = VECTOR('',#852,1.);
#852 = DIRECTION('',(1.,0.));
#853 = ( GEOMETRIC_REPRESENTATION_CONTEXT(2) 
PARAMETRIC_REPRESENTATION_CONTEXT() REPRESENTATION_CONTEXT('2D SPACE',''
  ) );
#854 = FACE_BOUND('',#855,.T.);
#855 = EDGE_LOOP('',(#856,#884,#913,#939));
#856 = ORIENTED_EDGE('',*,*,#857,.T.);
#857 = EDGE_CURVE('',#858,#860,#862,.T.);
#858 = VERTEX_POINT('',#859);
#859 = CARTESIAN_POINT('',(50.53,3.2,3.));
#860 = VERTEX_POINT('',#861);
#861 = CARTESIAN_POINT('',(10.2,3.2,3.));
#862 = SURFACE_CURVE('',#863,(#867,#873),.PCURVE_S1.);
#863 = LINE('',#864,#865);
#864 = CARTESIAN_POINT('',(43.2375,3.2,3.));
#865 = VECTOR('',#866,1.);
#866 = DIRECTION('',(-1.,0.,0.));
#867 = PCURVE('',#291,#868);
#868 = DEFINITIONAL_REPRESENTATION('',(#869),#872);
#869 = B_SPLINE_CURVE_WITH_KNOTS('',1,(#870,#871),.UNSPECIFIED.,.F.,.F.,
  (2,2),(-7.2925,33.0375),.PIECEWISE_BEZIER_KNOTS.);
#870 = CARTESIAN_POINT('',(-28.945,-45.8));
#871 = CARTESIAN_POINT('',(-69.275,-45.8));
#872 = ( GEOMETRIC_REPRESENTATION_CONTEXT(2) 
PARAMETRIC_REPRESENTATION_CONTEXT() REPRESENTATION_CONTEXT('2D SPACE',''
  ) );
#873 = PCURVE('',#874,#879);
#874 = PLANE('',#875);
#875 = AXIS2_PLACEMENT_3D('',#876,#877,#878);
#876 = CARTESIAN_POINT('',(7.,3.2,2.5));
#877 = DIRECTION('',(0.,1.,0.));
#878 = DIRECTION('',(1.,0.,0.));
#879 = DEFINITIONAL_REPRESENTATION('',(#880),#883);
#880 = B_SPLINE_CURVE_WITH_KNOTS('',1,(#881,#882),.UNSPECIFIED.,.F.,.F.,
  (2,2),(-7.2925,33.0375),.PIECEWISE_BEZIER_KNOTS.);
#881 = CARTESIAN_POINT('',(43.53,-0.5));
#882 = CARTESIAN_POINT('',(3.2,-0.5));
#883 = ( GEOMETRIC_REPRESENTATION_CONTEXT(2) 
PARAMETRIC_REPRESENTATION_CONTEXT() REPRESENTATION_CONTEXT('2D SPACE',''
  ) );
#884 = ORIENTED_EDGE('',*,*,#885,.T.);
#885 = EDGE_CURVE('',#860,#886,#888,.T.);
#886 = VERTEX_POINT('',#887);
#887 = CARTESIAN_POINT('',(11.,4.8,3.));
#888 = SURFACE_CURVE('',#889,(#894,#901),.PCURVE_S1.);
#889 = CIRCLE('',#890,5.);
#890 = AXIS2_PLACEMENT_3D('',#891,#892,#893);
#891 = CARTESIAN_POINT('',(6.2,6.2,3.));
#892 = DIRECTION('',(0.,0.,1.));
#893 = DIRECTION('',(1.,0.,-0.));
#894 = PCURVE('',#291,#895);
#895 = DEFINITIONAL_REPRESENTATION('',(#896),#900);
#896 = CIRCLE('',#897,5.);
#897 = AXIS2_PLACEMENT_2D('',#898,#899);
#898 = CARTESIAN_POINT('',(-73.275,-42.8));
#899 = DIRECTION('',(1.,0.));
#900 = ( GEOMETRIC_REPRESENTATION_CONTEXT(2) 
PARAMETRIC_REPRESENTATION_CONTEXT() REPRESENTATION_CONTEXT('2D SPACE',''
  ) );
#901 = PCURVE('',#902,#907);
#902 = CYLINDRICAL_SURFACE('',#903,5.);
#903 = AXIS2_PLACEMENT_3D('',#904,#905,#906);
#904 = CARTESIAN_POINT('',(6.2,6.2,0.));
#905 = DIRECTION('',(0.,0.,1.));
#906 = DIRECTION('',(1.,0.,-0.));
#907 = DEFINITIONAL_REPRESENTATION('',(#908),#912);
#908 = LINE('',#909,#910);
#909 = CARTESIAN_POINT('',(0.,3.));
#910 = VECTOR('',#911,1.);
#911 = DIRECTION('',(1.,0.));
#912 = ( GEOMETRIC_REPRESENTATION_CONTEXT(2) 
PARAMETRIC_REPRESENTATION_CONTEXT() REPRESENTATION_CONTEXT('2D SPACE',''
  ) );
#913 = ORIENTED_EDGE('',*,*,#914,.F.);
#914 = EDGE_CURVE('',#915,#886,#917,.T.);
#915 = VERTEX_POINT('',#916);
#916 = CARTESIAN_POINT('',(49.73,4.8,3.));
#917 = SURFACE_CURVE('',#918,(#922,#928),.PCURVE_S1.);
#918 = LINE('',#919,#920);
#919 = CARTESIAN_POINT('',(43.2375,4.8,3.));
#920 = VECTOR('',#921,1.);
#921 = DIRECTION('',(-1.,0.,0.));
#922 = PCURVE('',#291,#923);
#923 = DEFINITIONAL_REPRESENTATION('',(#924),#927);
#924 = B_SPLINE_CURVE_WITH_KNOTS('',1,(#925,#926),.UNSPECIFIED.,.F.,.F.,
  (2,2),(-6.4925,32.2375),.PIECEWISE_BEZIER_KNOTS.);
#925 = CARTESIAN_POINT('',(-29.745,-44.2));
#926 = CARTESIAN_POINT('',(-68.475,-44.2));
#927 = ( GEOMETRIC_REPRESENTATION_CONTEXT(2) 
PARAMETRIC_REPRESENTATION_CONTEXT() REPRESENTATION_CONTEXT('2D SPACE',''
  ) );
#928 = PCURVE('',#929,#934);
#929 = PLANE('',#930);
#930 = AXIS2_PLACEMENT_3D('',#931,#932,#933);
#931 = CARTESIAN_POINT('',(7.,4.8,2.5));
#932 = DIRECTION('',(0.,1.,0.));
#933 = DIRECTION('',(1.,0.,0.));
#934 = DEFINITIONAL_REPRESENTATION('',(#935),#938);
#935 = B_SPLINE_CURVE_WITH_KNOTS('',1,(#936,#937),.UNSPECIFIED.,.F.,.F.,
  (2,2),(-6.4925,32.2375),.PIECEWISE_BEZIER_KNOTS.);
#936 = CARTESIAN_POINT('',(42.73,-0.5));
#937 = CARTESIAN_POINT('',(4.,-0.5));
#938 = ( GEOMETRIC_REPRESENTATION_CONTEXT(2) 
PARAMETRIC_REPRESENTATION_CONTEXT() REPRESENTATION_CONTEXT('2D SPACE',''
  ) );
#939 = ORIENTED_EDGE('',*,*,#940,.T.);
#940 = EDGE_CURVE('',#915,#858,#941,.T.);
#941 = SURFACE_CURVE('',#942,(#947,#954),.PCURVE_S1.);
#942 = CIRCLE('',#943,5.);
#943 = AXIS2_PLACEMENT_3D('',#944,#945,#946);
#944 = CARTESIAN_POINT('',(54.53,6.2,3.));
#945 = DIRECTION('',(0.,0.,1.));
#946 = DIRECTION('',(1.,0.,-0.));
#947 = PCURVE('',#291,#948);
#948 = DEFINITIONAL_REPRESENTATION('',(#949),#953);
#949 = CIRCLE('',#950,5.);
#950 = AXIS2_PLACEMENT_2D('',#951,#952);
#951 = CARTESIAN_POINT('',(-24.945,-42.8));
#952 = DIRECTION('',(1.,0.));
#953 = ( GEOMETRIC_REPRESENTATION_CONTEXT(2) 
PARAMETRIC_REPRESENTATION_CONTEXT() REPRESENTATION_CONTEXT('2D SPACE',''
  ) );
#954 = PCURVE('',#955,#960);
#955 = CYLINDRICAL_SURFACE('',#956,5.);
#956 = AXIS2_PLACEMENT_3D('',#957,#958,#959);
#957 = CARTESIAN_POINT('',(54.53,6.2,0.));
#958 = DIRECTION('',(0.,0.,1.));
#959 = DIRECTION('',(1.,0.,-0.));
#960 = DEFINITIONAL_REPRESENTATION('',(#961),#965);
#961 = LINE('',#962,#963);
#962 = CARTESIAN_POINT('',(0.,3.));
#963 = VECTOR('',#964,1.);
#964 = DIRECTION('',(1.,0.));
#965 = ( GEOMETRIC_REPRESENTATION_CONTEXT(2) 
PARAMETRIC_REPRESENTATION_CONTEXT() REPRESENTATION_CONTEXT('2D SPACE',''
  ) );
#966 = FACE_BOUND('',#967,.T.);
#967 = EDGE_LOOP('',(#968));
#968 = ORIENTED_EDGE('',*,*,#969,.F.);
#969 = EDGE_CURVE('',#970,#970,#972,.T.);
#970 = VERTEX_POINT('',#971);
#971 = CARTESIAN_POINT('',(56.23,6.2,3.));
#972 = SURFACE_CURVE('',#973,(#978,#985),.PCURVE_S1.);
#973 = CIRCLE('',#974,1.7);
#974 = AXIS2_PLACEMENT_3D('',#975,#976,#977);
#975 = CARTESIAN_POINT('',(54.53,6.2,3.));
#976 = DIRECTION('',(0.,0.,1.));
#977 = DIRECTION('',(1.,0.,-0.));
#978 = PCURVE('',#291,#979);
#979 = DEFINITIONAL_REPRESENTATION('',(#980),#984);
#980 = CIRCLE('',#981,1.7);
#981 = AXIS2_PLACEMENT_2D('',#982,#983);
#982 = CARTESIAN_POINT('',(-24.945,-42.8));
#983 = DIRECTION('',(1.,0.));
#984 = ( GEOMETRIC_REPRESENTATION_CONTEXT(2) 
PARAMETRIC_REPRESENTATION_CONTEXT() REPRESENTATION_CONTEXT('2D SPACE',''
  ) );
#985 = PCURVE('',#986,#991);
#986 = CYLINDRICAL_SURFACE('',#987,1.7);
#987 = AXIS2_PLACEMENT_3D('',#988,#989,#990);
#988 = CARTESIAN_POINT('',(54.53,6.2,-1.));
#989 = DIRECTION('',(0.,0.,1.));
#990 = DIRECTION('',(1.,0.,-0.));
#991 = DEFINITIONAL_REPRESENTATION('',(#992),#996);
#992 = LINE('',#993,#994);
#993 = CARTESIAN_POINT('',(0.,4.));
#994 = VECTOR('',#995,1.);
#995 = DIRECTION('',(1.,0.));
#996 = ( GEOMETRIC_REPRESENTATION_CONTEXT(2) 
PARAMETRIC_REPRESENTATION_CONTEXT() REPRESENTATION_CONTEXT('2D SPACE',''
  ) );
#997 = FACE_BOUND('',#998,.T.);
#998 = EDGE_LOOP('',(#999));
#999 = ORIENTED_EDGE('',*,*,#1000,.F.);
#1000 = EDGE_CURVE('',#1001,#1001,#1003,.T.);
#1001 = VERTEX_POINT('',#1002);
#1002 = CARTESIAN_POINT('',(47.075,47.8,3.));
#1003 = SURFACE_CURVE('',#1004,(#1009,#1016),.PCURVE_S1.);
#1004 = CIRCLE('',#1005,2.5);
#1005 = AXIS2_PLACEMENT_3D('',#1006,#1007,#1008);
#1006 = CARTESIAN_POINT('',(44.575,47.8,3.));
#1007 = DIRECTION('',(0.,0.,1.));
#1008 = DIRECTION('',(1.,0.,-0.));
#1009 = PCURVE('',#291,#1010);
#1010 = DEFINITIONAL_REPRESENTATION('',(#1011),#1015);
#1011 = CIRCLE('',#1012,2.5);
#1012 = AXIS2_PLACEMENT_2D('',#1013,#1014);
#1013 = CARTESIAN_POINT('',(-34.9,-1.2));
#1014 = DIRECTION('',(1.,0.));
#1015 = ( GEOMETRIC_REPRESENTATION_CONTEXT(2) 
PARAMETRIC_REPRESENTATION_CONTEXT() REPRESENTATION_CONTEXT('2D SPACE',''
  ) );
#1016 = PCURVE('',#1017,#1022);
#1017 = CYLINDRICAL_SURFACE('',#1018,2.5);
#1018 = AXIS2_PLACEMENT_3D('',#1019,#1020,#1021);
#1019 = CARTESIAN_POINT('',(44.575,47.8,2.5));
#1020 = DIRECTION('',(0.,0.,1.));
#1021 = DIRECTION('',(1.,0.,-0.));
#1022 = DEFINITIONAL_REPRESENTATION('',(#1023),#1027);
#1023 = LINE('',#1024,#1025);
#1024 = CARTESIAN_POINT('',(0.,0.5));
#1025 = VECTOR('',#1026,1.);
#1026 = DIRECTION('',(1.,0.));
#1027 = ( GEOMETRIC_REPRESENTATION_CONTEXT(2) 
PARAMETRIC_REPRESENTATION_CONTEXT() REPRESENTATION_CONTEXT('2D SPACE',''
  ) );
#1028 = FACE_BOUND('',#1029,.T.);
#1029 = EDGE_LOOP('',(#1030,#1058,#1084,#1110));
#1030 = ORIENTED_EDGE('',*,*,#1031,.T.);
#1031 = EDGE_CURVE('',#1032,#1034,#1036,.T.);
#1032 = VERTEX_POINT('',#1033);
#1033 = CARTESIAN_POINT('',(75.475,41.1,3.));
#1034 = VERTEX_POINT('',#1035);
#1035 = CARTESIAN_POINT('',(75.475,43.6,3.));
#1036 = SURFACE_CURVE('',#1037,(#1041,#1047),.PCURVE_S1.);
#1037 = LINE('',#1038,#1039);
#1038 = CARTESIAN_POINT('',(75.475,46.3,3.));
#1039 = VECTOR('',#1040,1.);
#1040 = DIRECTION('',(-2.22044604925E-16,1.,0.));
#1041 = PCURVE('',#291,#1042);
#1042 = DEFINITIONAL_REPRESENTATION('',(#1043),#1046);
#1043 = B_SPLINE_CURVE_WITH_KNOTS('',1,(#1044,#1045),.UNSPECIFIED.,.F.,
  .F.,(2,2),(-5.2,-2.7),.PIECEWISE_BEZIER_KNOTS.);
#1044 = CARTESIAN_POINT('',(-4.,-7.9));
#1045 = CARTESIAN_POINT('',(-4.,-5.4));
#1046 = ( GEOMETRIC_REPRESENTATION_CONTEXT(2) 
PARAMETRIC_REPRESENTATION_CONTEXT() REPRESENTATION_CONTEXT('2D SPACE',''
  ) );
#1047 = PCURVE('',#1048,#1053);
#1048 = PLANE('',#1049);
#1049 = AXIS2_PLACEMENT_3D('',#1050,#1051,#1052);
#1050 = CARTESIAN_POINT('',(75.475,43.6,2.5));
#1051 = DIRECTION('',(1.,2.22044604925E-16,0.));
#1052 = DIRECTION('',(0.,0.,1.));
#1053 = DEFINITIONAL_REPRESENTATION('',(#1054),#1057);
#1054 = B_SPLINE_CURVE_WITH_KNOTS('',1,(#1055,#1056),.UNSPECIFIED.,.F.,
  .F.,(2,2),(-5.2,-2.7),.PIECEWISE_BEZIER_KNOTS.);
#1055 = CARTESIAN_POINT('',(0.5,2.5));
#1056 = CARTESIAN_POINT('',(0.5,0.));
#1057 = ( GEOMETRIC_REPRESENTATION_CONTEXT(2) 
PARAMETRIC_REPRESENTATION_CONTEXT() REPRESENTATION_CONTEXT('2D SPACE',''
  ) );
#1058 = ORIENTED_EDGE('',*,*,#1059,.T.);
#1059 = EDGE_CURVE('',#1034,#1060,#1062,.T.);
#1060 = VERTEX_POINT('',#1061);
#1061 = CARTESIAN_POINT('',(83.475,43.6,3.));
#1062 = SURFACE_CURVE('',#1063,(#1067,#1073),.PCURVE_S1.);
#1063 = LINE('',#1064,#1065);
#1064 = CARTESIAN_POINT('',(77.475,43.6,3.));
#1065 = VECTOR('',#1066,1.);
#1066 = DIRECTION('',(1.,2.22044604925E-16,-0.));
#1067 = PCURVE('',#291,#1068);
#1068 = DEFINITIONAL_REPRESENTATION('',(#1069),#1072);
#1069 = B_SPLINE_CURVE_WITH_KNOTS('',1,(#1070,#1071),.UNSPECIFIED.,.F.,
  .F.,(2,2),(-2.,6.),.PIECEWISE_BEZIER_KNOTS.);
#1070 = CARTESIAN_POINT('',(-4.,-5.4));
#1071 = CARTESIAN_POINT('',(4.,-5.4));
#1072 = ( GEOMETRIC_REPRESENTATION_CONTEXT(2) 
PARAMETRIC_REPRESENTATION_CONTEXT() REPRESENTATION_CONTEXT('2D SPACE',''
  ) );
#1073 = PCURVE('',#1074,#1079);
#1074 = PLANE('',#1075);
#1075 = AXIS2_PLACEMENT_3D('',#1076,#1077,#1078);
#1076 = CARTESIAN_POINT('',(75.475,43.6,2.5));
#1077 = DIRECTION('',(2.22044604925E-16,-1.,0.));
#1078 = DIRECTION('',(0.,0.,1.));
#1079 = DEFINITIONAL_REPRESENTATION('',(#1080),#1083);
#1080 = B_SPLINE_CURVE_WITH_KNOTS('',1,(#1081,#1082),.UNSPECIFIED.,.F.,
  .F.,(2,2),(-2.,6.),.PIECEWISE_BEZIER_KNOTS.);
#1081 = CARTESIAN_POINT('',(0.5,0.));
#1082 = CARTESIAN_POINT('',(0.5,-8.));
#1083 = ( GEOMETRIC_REPRESENTATION_CONTEXT(2) 
PARAMETRIC_REPRESENTATION_CONTEXT() REPRESENTATION_CONTEXT('2D SPACE',''
  ) );
#1084 = ORIENTED_EDGE('',*,*,#1085,.F.);
#1085 = EDGE_CURVE('',#1086,#1060,#1088,.T.);
#1086 = VERTEX_POINT('',#1087);
#1087 = CARTESIAN_POINT('',(83.475,41.1,3.));
#1088 = SURFACE_CURVE('',#1089,(#1093,#1099),.PCURVE_S1.);
#1089 = LINE('',#1090,#1091);
#1090 = CARTESIAN_POINT('',(83.475,46.3,3.));
#1091 = VECTOR('',#1092,1.);
#1092 = DIRECTION('',(-2.22044604925E-16,1.,0.));
#1093 = PCURVE('',#291,#1094);
#1094 = DEFINITIONAL_REPRESENTATION('',(#1095),#1098);
#1095 = B_SPLINE_CURVE_WITH_KNOTS('',1,(#1096,#1097),.UNSPECIFIED.,.F.,
  .F.,(2,2),(-5.2,-2.7),.PIECEWISE_BEZIER_KNOTS.);
#1096 = CARTESIAN_POINT('',(4.,-7.9));
#1097 = CARTESIAN_POINT('',(4.,-5.4));
#1098 = ( GEOMETRIC_REPRESENTATION_CONTEXT(2) 
PARAMETRIC_REPRESENTATION_CONTEXT() REPRESENTATION_CONTEXT('2D SPACE',''
  ) );
#1099 = PCURVE('',#1100,#1105);
#1100 = PLANE('',#1101);
#1101 = AXIS2_PLACEMENT_3D('',#1102,#1103,#1104);
#1102 = CARTESIAN_POINT('',(83.475,43.6,2.5));
#1103 = DIRECTION('',(1.,2.22044604925E-16,0.));
#1104 = DIRECTION('',(0.,0.,1.));
#1105 = DEFINITIONAL_REPRESENTATION('',(#1106),#1109);
#1106 = B_SPLINE_CURVE_WITH_KNOTS('',1,(#1107,#1108),.UNSPECIFIED.,.F.,
  .F.,(2,2),(-5.2,-2.7),.PIECEWISE_BEZIER_KNOTS.);
#1107 = CARTESIAN_POINT('',(0.5,2.5));
#1108 = CARTESIAN_POINT('',(0.5,0.));
#1109 = ( GEOMETRIC_REPRESENTATION_CONTEXT(2) 
PARAMETRIC_REPRESENTATION_CONTEXT() REPRESENTATION_CONTEXT('2D SPACE',''
  ) );
#1110 = ORIENTED_EDGE('',*,*,#1111,.F.);
#1111 = EDGE_CURVE('',#1032,#1086,#1112,.T.);
#1112 = SURFACE_CURVE('',#1113,(#1117,#1123),.PCURVE_S1.);
#1113 = LINE('',#1114,#1115);
#1114 = CARTESIAN_POINT('',(77.475,41.1,3.));
#1115 = VECTOR('',#1116,1.);
#1116 = DIRECTION('',(1.,2.22044604925E-16,-0.));
#1117 = PCURVE('',#291,#1118);
#1118 = DEFINITIONAL_REPRESENTATION('',(#1119),#1122);
#1119 = B_SPLINE_CURVE_WITH_KNOTS('',1,(#1120,#1121),.UNSPECIFIED.,.F.,
  .F.,(2,2),(-2.,6.),.PIECEWISE_BEZIER_KNOTS.);
#1120 = CARTESIAN_POINT('',(-4.,-7.9));
#1121 = CARTESIAN_POINT('',(4.,-7.9));
#1122 = ( GEOMETRIC_REPRESENTATION_CONTEXT(2) 
PARAMETRIC_REPRESENTATION_CONTEXT() REPRESENTATION_CONTEXT('2D SPACE',''
  ) );
#1123 = PCURVE('',#1124,#1129);
#1124 = PLANE('',#1125);
#1125 = AXIS2_PLACEMENT_3D('',#1126,#1127,#1128);
#1126 = CARTESIAN_POINT('',(75.475,41.1,2.5));
#1127 = DIRECTION('',(2.22044604925E-16,-1.,0.));
#1128 = DIRECTION('',(0.,0.,1.));
#1129 = DEFINITIONAL_REPRESENTATION('',(#1130),#1133);
#1130 = B_SPLINE_CURVE_WITH_KNOTS('',1,(#1131,#1132),.UNSPECIFIED.,.F.,
  .F.,(2,2),(-2.,6.),.PIECEWISE_BEZIER_KNOTS.);
#1131 = CARTESIAN_POINT('',(0.5,0.));
#1132 = CARTESIAN_POINT('',(0.5,-8.));
#1133 = ( GEOMETRIC_REPRESENTATION_CONTEXT(2) 
PARAMETRIC_REPRESENTATION_CONTEXT() REPRESENTATION_CONTEXT('2D SPACE',''
  ) );
#1134 = FACE_BOUND('',#1135,.T.);
#1135 = EDGE_LOOP('',(#1136));
#1136 = ORIENTED_EDGE('',*,*,#1137,.F.);
#1137 = EDGE_CURVE('',#1138,#1138,#1140,.T.);
#1138 = VERTEX_POINT('',#1139);
#1139 = CARTESIAN_POINT('',(73.775,43.8,3.));
#1140 = SURFACE_CURVE('',#1141,(#1146,#1153),.PCURVE_S1.);
#1141 = CIRCLE('',#1142,2.1);
#1142 = AXIS2_PLACEMENT_3D('',#1143,#1144,#1145);
#1143 = CARTESIAN_POINT('',(73.775,45.9,3.));
#1144 = DIRECTION('',(0.,0.,1.));
#1145 = DIRECTION('',(2.22044604925E-16,-1.,0.));
#1146 = PCURVE('',#291,#1147);
#1147 = DEFINITIONAL_REPRESENTATION('',(#1148),#1152);
#1148 = CIRCLE('',#1149,2.1);
#1149 = AXIS2_PLACEMENT_2D('',#1150,#1151);
#1150 = CARTESIAN_POINT('',(-5.7,-3.1));
#1151 = DIRECTION('',(2.22044604925E-16,-1.));
#1152 = ( GEOMETRIC_REPRESENTATION_CONTEXT(2) 
PARAMETRIC_REPRESENTATION_CONTEXT() REPRESENTATION_CONTEXT('2D SPACE',''
  ) );
#1153 = PCURVE('',#1154,#1159);
#1154 = CYLINDRICAL_SURFACE('',#1155,2.1);
#1155 = AXIS2_PLACEMENT_3D('',#1156,#1157,#1158);
#1156 = CARTESIAN_POINT('',(73.775,45.9,2.5));
#1157 = DIRECTION('',(0.,0.,1.));
#1158 = DIRECTION('',(2.22044604925E-16,-1.,0.));
#1159 = DEFINITIONAL_REPRESENTATION('',(#1160),#1164);
#1160 = LINE('',#1161,#1162);
#1161 = CARTESIAN_POINT('',(0.,0.5));
#1162 = VECTOR('',#1163,1.);
#1163 = DIRECTION('',(1.,0.));
#1164 = ( GEOMETRIC_REPRESENTATION_CONTEXT(2) 
PARAMETRIC_REPRESENTATION_CONTEXT() REPRESENTATION_CONTEXT('2D SPACE',''
  ) );
#1165 = FACE_BOUND('',#1166,.T.);
#1166 = EDGE_LOOP('',(#1167,#1195,#1224,#1250));
#1167 = ORIENTED_EDGE('',*,*,#1168,.T.);
#1168 = EDGE_CURVE('',#1169,#1171,#1173,.T.);
#1169 = VERTEX_POINT('',#1170);
#1170 = CARTESIAN_POINT('',(102.53,3.2,3.));
#1171 = VERTEX_POINT('',#1172);
#1172 = CARTESIAN_POINT('',(58.53,3.2,3.));
#1173 = SURFACE_CURVE('',#1174,(#1178,#1184),.PCURVE_S1.);
#1174 = LINE('',#1175,#1176);
#1175 = CARTESIAN_POINT('',(43.2375,3.2,3.));
#1176 = VECTOR('',#1177,1.);
#1177 = DIRECTION('',(-1.,0.,0.));
#1178 = PCURVE('',#291,#1179);
#1179 = DEFINITIONAL_REPRESENTATION('',(#1180),#1183);
#1180 = B_SPLINE_CURVE_WITH_KNOTS('',1,(#1181,#1182),.UNSPECIFIED.,.F.,
  .F.,(2,2),(-59.2925,-15.2925),.PIECEWISE_BEZIER_KNOTS.);
#1181 = CARTESIAN_POINT('',(23.055,-45.8));
#1182 = CARTESIAN_POINT('',(-20.945,-45.8));
#1183 = ( GEOMETRIC_REPRESENTATION_CONTEXT(2) 
PARAMETRIC_REPRESENTATION_CONTEXT() REPRESENTATION_CONTEXT('2D SPACE',''
  ) );
#1184 = PCURVE('',#1185,#1190);
#1185 = PLANE('',#1186);
#1186 = AXIS2_PLACEMENT_3D('',#1187,#1188,#1189);
#1187 = CARTESIAN_POINT('',(7.,3.2,2.5));
#1188 = DIRECTION('',(0.,1.,0.));
#1189 = DIRECTION('',(1.,0.,0.));
#1190 = DEFINITIONAL_REPRESENTATION('',(#1191),#1194);
#1191 = B_SPLINE_CURVE_WITH_KNOTS('',1,(#1192,#1193),.UNSPECIFIED.,.F.,
  .F.,(2,2),(-59.2925,-15.2925),.PIECEWISE_BEZIER_KNOTS.);
#1192 = CARTESIAN_POINT('',(95.53,-0.5));
#1193 = CARTESIAN_POINT('',(51.53,-0.5));
#1194 = ( GEOMETRIC_REPRESENTATION_CONTEXT(2) 
PARAMETRIC_REPRESENTATION_CONTEXT() REPRESENTATION_CONTEXT('2D SPACE',''
  ) );
#1195 = ORIENTED_EDGE('',*,*,#1196,.T.);
#1196 = EDGE_CURVE('',#1171,#1197,#1199,.T.);
#1197 = VERTEX_POINT('',#1198);
#1198 = CARTESIAN_POINT('',(59.33,4.8,3.));
#1199 = SURFACE_CURVE('',#1200,(#1205,#1212),.PCURVE_S1.);
#1200 = CIRCLE('',#1201,5.);
#1201 = AXIS2_PLACEMENT_3D('',#1202,#1203,#1204);
#1202 = CARTESIAN_POINT('',(54.53,6.2,3.));
#1203 = DIRECTION('',(0.,0.,1.));
#1204 = DIRECTION('',(1.,0.,-0.));
#1205 = PCURVE('',#291,#1206);
#1206 = DEFINITIONAL_REPRESENTATION('',(#1207),#1211);
#1207 = CIRCLE('',#1208,5.);
#1208 = AXIS2_PLACEMENT_2D('',#1209,#1210);
#1209 = CARTESIAN_POINT('',(-24.945,-42.8));
#1210 = DIRECTION('',(1.,0.));
#1211 = ( GEOMETRIC_REPRESENTATION_CONTEXT(2) 
PARAMETRIC_REPRESENTATION_CONTEXT() REPRESENTATION_CONTEXT('2D SPACE',''
  ) );
#1212 = PCURVE('',#1213,#1218);
#1213 = CYLINDRICAL_SURFACE('',#1214,5.);
#1214 = AXIS2_PLACEMENT_3D('',#1215,#1216,#1217);
#1215 = CARTESIAN_POINT('',(54.53,6.2,0.));
#1216 = DIRECTION('',(0.,0.,1.));
#1217 = DIRECTION('',(1.,0.,-0.));
#1218 = DEFINITIONAL_REPRESENTATION('',(#1219),#1223);
#1219 = LINE('',#1220,#1221);
#1220 = CARTESIAN_POINT('',(8.881784197001E-16,3.));
#1221 = VECTOR('',#1222,1.);
#1222 = DIRECTION('',(1.,0.));
#1223 = ( GEOMETRIC_REPRESENTATION_CONTEXT(2) 
PARAMETRIC_REPRESENTATION_CONTEXT() REPRESENTATION_CONTEXT('2D SPACE',''
  ) );
#1224 = ORIENTED_EDGE('',*,*,#1225,.F.);
#1225 = EDGE_CURVE('',#1226,#1197,#1228,.T.);
#1226 = VERTEX_POINT('',#1227);
#1227 = CARTESIAN_POINT('',(101.73,4.8,3.));
#1228 = SURFACE_CURVE('',#1229,(#1233,#1239),.PCURVE_S1.);
#1229 = LINE('',#1230,#1231);
#1230 = CARTESIAN_POINT('',(43.2375,4.8,3.));
#1231 = VECTOR('',#1232,1.);
#1232 = DIRECTION('',(-1.,0.,0.));
#1233 = PCURVE('',#291,#1234);
#1234 = DEFINITIONAL_REPRESENTATION('',(#1235),#1238);
#1235 = B_SPLINE_CURVE_WITH_KNOTS('',1,(#1236,#1237),.UNSPECIFIED.,.F.,
  .F.,(2,2),(-58.4925,-16.0925),.PIECEWISE_BEZIER_KNOTS.);
#1236 = CARTESIAN_POINT('',(22.255,-44.2));
#1237 = CARTESIAN_POINT('',(-20.145,-44.2));
#1238 = ( GEOMETRIC_REPRESENTATION_CONTEXT(2) 
PARAMETRIC_REPRESENTATION_CONTEXT() REPRESENTATION_CONTEXT('2D SPACE',''
  ) );
#1239 = PCURVE('',#1240,#1245);
#1240 = PLANE('',#1241);
#1241 = AXIS2_PLACEMENT_3D('',#1242,#1243,#1244);
#1242 = CARTESIAN_POINT('',(7.,4.8,2.5));
#1243 = DIRECTION('',(0.,1.,0.));
#1244 = DIRECTION('',(1.,0.,0.));
#1245 = DEFINITIONAL_REPRESENTATION('',(#1246),#1249);
#1246 = B_SPLINE_CURVE_WITH_KNOTS('',1,(#1247,#1248),.UNSPECIFIED.,.F.,
  .F.,(2,2),(-58.4925,-16.0925),.PIECEWISE_BEZIER_KNOTS.);
#1247 = CARTESIAN_POINT('',(94.73,-0.5));
#1248 = CARTESIAN_POINT('',(52.33,-0.5));
#1249 = ( GEOMETRIC_REPRESENTATION_CONTEXT(2) 
PARAMETRIC_REPRESENTATION_CONTEXT() REPRESENTATION_CONTEXT('2D SPACE',''
  ) );
#1250 = ORIENTED_EDGE('',*,*,#1251,.T.);
#1251 = EDGE_CURVE('',#1226,#1169,#1252,.T.);
#1252 = SURFACE_CURVE('',#1253,(#1258,#1265),.PCURVE_S1.);
#1253 = CIRCLE('',#1254,5.);
#1254 = AXIS2_PLACEMENT_3D('',#1255,#1256,#1257);
#1255 = CARTESIAN_POINT('',(106.53,6.2,3.));
#1256 = DIRECTION('',(0.,0.,1.));
#1257 = DIRECTION('',(1.,0.,-0.));
#1258 = PCURVE('',#291,#1259);
#1259 = DEFINITIONAL_REPRESENTATION('',(#1260),#1264);
#1260 = CIRCLE('',#1261,5.);
#1261 = AXIS2_PLACEMENT_2D('',#1262,#1263);
#1262 = CARTESIAN_POINT('',(27.055,-42.8));
#1263 = DIRECTION('',(1.,0.));
#1264 = ( GEOMETRIC_REPRESENTATION_CONTEXT(2) 
PARAMETRIC_REPRESENTATION_CONTEXT() REPRESENTATION_CONTEXT('2D SPACE',''
  ) );
#1265 = PCURVE('',#1266,#1271);
#1266 = CYLINDRICAL_SURFACE('',#1267,5.);
#1267 = AXIS2_PLACEMENT_3D('',#1268,#1269,#1270);
#1268 = CARTESIAN_POINT('',(106.53,6.2,0.));
#1269 = DIRECTION('',(0.,0.,1.));
#1270 = DIRECTION('',(1.,0.,-0.));
#1271 = DEFINITIONAL_REPRESENTATION('',(#1272),#1276);
#1272 = LINE('',#1273,#1274);
#1273 = CARTESIAN_POINT('',(0.,3.));
#1274 = VECTOR('',#1275,1.);
#1275 = DIRECTION('',(1.,0.));
#1276 = ( GEOMETRIC_REPRESENTATION_CONTEXT(2) 
PARAMETRIC_REPRESENTATION_CONTEXT() REPRESENTATION_CONTEXT('2D SPACE',''
  ) );
#1277 = FACE_BOUND('',#1278,.T.);
#1278 = EDGE_LOOP('',(#1279));
#1279 = ORIENTED_EDGE('',*,*,#1280,.F.);
#1280 = EDGE_CURVE('',#1281,#1281,#1283,.T.);
#1281 = VERTEX_POINT('',#1282);
#1282 = CARTESIAN_POINT('',(108.23,6.2,3.));
#1283 = SURFACE_CURVE('',#1284,(#1289,#1296),.PCURVE_S1.);
#1284 = CIRCLE('',#1285,1.7);
#1285 = AXIS2_PLACEMENT_3D('',#1286,#1287,#1288);
#1286 = CARTESIAN_POINT('',(106.53,6.2,3.));
#1287 = DIRECTION('',(0.,0.,1.));
#1288 = DIRECTION('',(1.,0.,-0.));
#1289 = PCURVE('',#291,#1290);
#1290 = DEFINITIONAL_REPRESENTATION('',(#1291),#1295);
#1291 = CIRCLE('',#1292,1.7);
#1292 = AXIS2_PLACEMENT_2D('',#1293,#1294);
#1293 = CARTESIAN_POINT('',(27.055,-42.8));
#1294 = DIRECTION('',(1.,0.));
#1295 = ( GEOMETRIC_REPRESENTATION_CONTEXT(2) 
PARAMETRIC_REPRESENTATION_CONTEXT() REPRESENTATION_CONTEXT('2D SPACE',''
  ) );
#1296 = PCURVE('',#1297,#1302);
#1297 = CYLINDRICAL_SURFACE('',#1298,1.7);
#1298 = AXIS2_PLACEMENT_3D('',#1299,#1300,#1301);
#1299 = CARTESIAN_POINT('',(106.53,6.2,-1.));
#1300 = DIRECTION('',(0.,0.,1.));
#1301 = DIRECTION('',(1.,0.,-0.));
#1302 = DEFINITIONAL_REPRESENTATION('',(#1303),#1307);
#1303 = LINE('',#1304,#1305);
#1304 = CARTESIAN_POINT('',(0.,4.));
#1305 = VECTOR('',#1306,1.);
#1306 = DIRECTION('',(1.,0.));
#1307 = ( GEOMETRIC_REPRESENTATION_CONTEXT(2) 
PARAMETRIC_REPRESENTATION_CONTEXT() REPRESENTATION_CONTEXT('2D SPACE',''
  ) );
#1308 = FACE_BOUND('',#1309,.T.);
#1309 = EDGE_LOOP('',(#1310,#1338,#1367,#1393));
#1310 = ORIENTED_EDGE('',*,*,#1311,.T.);
#1311 = EDGE_CURVE('',#1312,#1314,#1316,.T.);
#1312 = VERTEX_POINT('',#1313);
#1313 = CARTESIAN_POINT('',(148.75,3.2,3.));
#1314 = VERTEX_POINT('',#1315);
#1315 = CARTESIAN_POINT('',(110.53,3.2,3.));
#1316 = SURFACE_CURVE('',#1317,(#1321,#1327),.PCURVE_S1.);
#1317 = LINE('',#1318,#1319);
#1318 = CARTESIAN_POINT('',(43.2375,3.2,3.));
#1319 = VECTOR('',#1320,1.);
#1320 = DIRECTION('',(-1.,0.,0.));
#1321 = PCURVE('',#291,#1322);
#1322 = DEFINITIONAL_REPRESENTATION('',(#1323),#1326);
#1323 = B_SPLINE_CURVE_WITH_KNOTS('',1,(#1324,#1325),.UNSPECIFIED.,.F.,
  .F.,(2,2),(-105.5125,-67.2925),.PIECEWISE_BEZIER_KNOTS.);
#1324 = CARTESIAN_POINT('',(69.275,-45.8));
#1325 = CARTESIAN_POINT('',(31.055,-45.8));
#1326 = ( GEOMETRIC_REPRESENTATION_CONTEXT(2) 
PARAMETRIC_REPRESENTATION_CONTEXT() REPRESENTATION_CONTEXT('2D SPACE',''
  ) );
#1327 = PCURVE('',#1328,#1333);
#1328 = PLANE('',#1329);
#1329 = AXIS2_PLACEMENT_3D('',#1330,#1331,#1332);
#1330 = CARTESIAN_POINT('',(7.,3.2,2.5));
#1331 = DIRECTION('',(0.,1.,0.));
#1332 = DIRECTION('',(1.,0.,0.));
#1333 = DEFINITIONAL_REPRESENTATION('',(#1334),#1337);
#1334 = B_SPLINE_CURVE_WITH_KNOTS('',1,(#1335,#1336),.UNSPECIFIED.,.F.,
  .F.,(2,2),(-105.5125,-67.2925),.PIECEWISE_BEZIER_KNOTS.);
#1335 = CARTESIAN_POINT('',(141.75,-0.5));
#1336 = CARTESIAN_POINT('',(103.53,-0.5));
#1337 = ( GEOMETRIC_REPRESENTATION_CONTEXT(2) 
PARAMETRIC_REPRESENTATION_CONTEXT() REPRESENTATION_CONTEXT('2D SPACE',''
  ) );
#1338 = ORIENTED_EDGE('',*,*,#1339,.T.);
#1339 = EDGE_CURVE('',#1314,#1340,#1342,.T.);
#1340 = VERTEX_POINT('',#1341);
#1341 = CARTESIAN_POINT('',(111.33,4.8,3.));
#1342 = SURFACE_CURVE('',#1343,(#1348,#1355),.PCURVE_S1.);
#1343 = CIRCLE('',#1344,5.);
#1344 = AXIS2_PLACEMENT_3D('',#1345,#1346,#1347);
#1345 = CARTESIAN_POINT('',(106.53,6.2,3.));
#1346 = DIRECTION('',(0.,0.,1.));
#1347 = DIRECTION('',(1.,0.,-0.));
#1348 = PCURVE('',#291,#1349);
#1349 = DEFINITIONAL_REPRESENTATION('',(#1350),#1354);
#1350 = CIRCLE('',#1351,5.);
#1351 = AXIS2_PLACEMENT_2D('',#1352,#1353);
#1352 = CARTESIAN_POINT('',(27.055,-42.8));
#1353 = DIRECTION('',(1.,0.));
#1354 = ( GEOMETRIC_REPRESENTATION_CONTEXT(2) 
PARAMETRIC_REPRESENTATION_CONTEXT() REPRESENTATION_CONTEXT('2D SPACE',''
  ) );
#1355 = PCURVE('',#1356,#1361);
#1356 = CYLINDRICAL_SURFACE('',#1357,5.);
#1357 = AXIS2_PLACEMENT_3D('',#1358,#1359,#1360);
#1358 = CARTESIAN_POINT('',(106.53,6.2,0.));
#1359 = DIRECTION('',(0.,0.,1.));
#1360 = DIRECTION('',(1.,0.,-0.));
#1361 = DEFINITIONAL_REPRESENTATION('',(#1362),#1366);
#1362 = LINE('',#1363,#1364);
#1363 = CARTESIAN_POINT('',(0.,3.));
#1364 = VECTOR('',#1365,1.);
#1365 = DIRECTION('',(1.,0.));
#1366 = ( GEOMETRIC_REPRESENTATION_CONTEXT(2) 
PARAMETRIC_REPRESENTATION_CONTEXT() REPRESENTATION_CONTEXT('2D SPACE',''
  ) );
#1367 = ORIENTED_EDGE('',*,*,#1368,.F.);
#1368 = EDGE_CURVE('',#1369,#1340,#1371,.T.);
#1369 = VERTEX_POINT('',#1370);
#1370 = CARTESIAN_POINT('',(147.95,4.8,3.));
#1371 = SURFACE_CURVE('',#1372,(#1376,#1382),.PCURVE_S1.);
#1372 = LINE('',#1373,#1374);
#1373 = CARTESIAN_POINT('',(43.2375,4.8,3.));
#1374 = VECTOR('',#1375,1.);
#1375 = DIRECTION('',(-1.,0.,0.));
#1376 = PCURVE('',#291,#1377);
#1377 = DEFINITIONAL_REPRESENTATION('',(#1378),#1381);
#1378 = B_SPLINE_CURVE_WITH_KNOTS('',1,(#1379,#1380),.UNSPECIFIED.,.F.,
  .F.,(2,2),(-104.7125,-68.0925),.PIECEWISE_BEZIER_KNOTS.);
#1379 = CARTESIAN_POINT('',(68.475,-44.2));
#1380 = CARTESIAN_POINT('',(31.855,-44.2));
#1381 = ( GEOMETRIC_REPRESENTATION_CONTEXT(2) 
PARAMETRIC_REPRESENTATION_CONTEXT() REPRESENTATION_CONTEXT('2D SPACE',''
  ) );
#1382 = PCURVE('',#1383,#1388);
#1383 = PLANE('',#1384);
#1384 = AXIS2_PLACEMENT_3D('',#1385,#1386,#1387);
#1385 = CARTESIAN_POINT('',(7.,4.8,2.5));
#1386 = DIRECTION('',(0.,1.,0.));
#1387 = DIRECTION('',(1.,0.,0.));
#1388 = DEFINITIONAL_REPRESENTATION('',(#1389),#1392);
#1389 = B_SPLINE_CURVE_WITH_KNOTS('',1,(#1390,#1391),.UNSPECIFIED.,.F.,
  .F.,(2,2),(-104.7125,-68.0925),.PIECEWISE_BEZIER_KNOTS.);
#1390 = CARTESIAN_POINT('',(140.95,-0.5));
#1391 = CARTESIAN_POINT('',(104.33,-0.5));
#1392 = ( GEOMETRIC_REPRESENTATION_CONTEXT(2) 
PARAMETRIC_REPRESENTATION_CONTEXT() REPRESENTATION_CONTEXT('2D SPACE',''
  ) );
#1393 = ORIENTED_EDGE('',*,*,#1394,.T.);
#1394 = EDGE_CURVE('',#1369,#1312,#1395,.T.);
#1395 = SURFACE_CURVE('',#1396,(#1401,#1408),.PCURVE_S1.);
#1396 = CIRCLE('',#1397,5.);
#1397 = AXIS2_PLACEMENT_3D('',#1398,#1399,#1400);
#1398 = CARTESIAN_POINT('',(152.75,6.2,3.));
#1399 = DIRECTION('',(0.,0.,1.));
#1400 = DIRECTION('',(1.,0.,-0.));
#1401 = PCURVE('',#291,#1402);
#1402 = DEFINITIONAL_REPRESENTATION('',(#1403),#1407);
#1403 = CIRCLE('',#1404,5.);
#1404 = AXIS2_PLACEMENT_2D('',#1405,#1406);
#1405 = CARTESIAN_POINT('',(73.275,-42.8));
#1406 = DIRECTION('',(1.,0.));
#1407 = ( GEOMETRIC_REPRESENTATION_CONTEXT(2) 
PARAMETRIC_REPRESENTATION_CONTEXT() REPRESENTATION_CONTEXT('2D SPACE',''
  ) );
#1408 = PCURVE('',#1409,#1414);
#1409 = CYLINDRICAL_SURFACE('',#1410,5.);
#1410 = AXIS2_PLACEMENT_3D('',#1411,#1412,#1413);
#1411 = CARTESIAN_POINT('',(152.75,6.2,0.));
#1412 = DIRECTION('',(0.,0.,1.));
#1413 = DIRECTION('',(1.,0.,-0.));
#1414 = DEFINITIONAL_REPRESENTATION('',(#1415),#1419);
#1415 = LINE('',#1416,#1417);
#1416 = CARTESIAN_POINT('',(0.,3.));
#1417 = VECTOR('',#1418,1.);
#1418 = DIRECTION('',(1.,0.));
#1419 = ( GEOMETRIC_REPRESENTATION_CONTEXT(2) 
PARAMETRIC_REPRESENTATION_CONTEXT() REPRESENTATION_CONTEXT('2D SPACE',''
  ) );
#1420 = FACE_BOUND('',#1421,.T.);
#1421 = EDGE_LOOP('',(#1422));
#1422 = ORIENTED_EDGE('',*,*,#1423,.F.);
#1423 = EDGE_CURVE('',#1424,#1424,#1426,.T.);
#1424 = VERTEX_POINT('',#1425);
#1425 = CARTESIAN_POINT('',(154.45,6.2,3.));
#1426 = SURFACE_CURVE('',#1427,(#1432,#1439),.PCURVE_S1.);
#1427 = CIRCLE('',#1428,1.7);
#1428 = AXIS2_PLACEMENT_3D('',#1429,#1430,#1431);
#1429 = CARTESIAN_POINT('',(152.75,6.2,3.));
#1430 = DIRECTION('',(0.,0.,1.));
#1431 = DIRECTION('',(1.,0.,-0.));
#1432 = PCURVE('',#291,#1433);
#1433 = DEFINITIONAL_REPRESENTATION('',(#1434),#1438);
#1434 = CIRCLE('',#1435,1.7);
#1435 = AXIS2_PLACEMENT_2D('',#1436,#1437);
#1436 = CARTESIAN_POINT('',(73.275,-42.8));
#1437 = DIRECTION('',(1.,0.));
#1438 = ( GEOMETRIC_REPRESENTATION_CONTEXT(2) 
PARAMETRIC_REPRESENTATION_CONTEXT() REPRESENTATION_CONTEXT('2D SPACE',''
  ) );
#1439 = PCURVE('',#1440,#1445);
#1440 = CYLINDRICAL_SURFACE('',#1441,1.7);
#1441 = AXIS2_PLACEMENT_3D('',#1442,#1443,#1444);
#1442 = CARTESIAN_POINT('',(152.75,6.2,-1.));
#1443 = DIRECTION('',(0.,0.,1.));
#1444 = DIRECTION('',(1.,0.,-0.));
#1445 = DEFINITIONAL_REPRESENTATION('',(#1446),#1450);
#1446 = LINE('',#1447,#1448);
#1447 = CARTESIAN_POINT('',(0.,4.));
#1448 = VECTOR('',#1449,1.);
#1449 = DIRECTION('',(1.,0.));
#1450 = ( GEOMETRIC_REPRESENTATION_CONTEXT(2) 
PARAMETRIC_REPRESENTATION_CONTEXT() REPRESENTATION_CONTEXT('2D SPACE',''
  ) );
#1451 = FACE_BOUND('',#1452,.T.);
#1452 = EDGE_LOOP('',(#1453));
#1453 = ORIENTED_EDGE('',*,*,#1454,.F.);
#1454 = EDGE_CURVE('',#1455,#1455,#1457,.T.);
#1455 = VERTEX_POINT('',#1456);
#1456 = CARTESIAN_POINT('',(85.175,43.8,3.));
#1457 = SURFACE_CURVE('',#1458,(#1463,#1470),.PCURVE_S1.);
#1458 = CIRCLE('',#1459,2.1);
#1459 = AXIS2_PLACEMENT_3D('',#1460,#1461,#1462);
#1460 = CARTESIAN_POINT('',(85.175,45.9,3.));
#1461 = DIRECTION('',(0.,0.,1.));
#1462 = DIRECTION('',(2.22044604925E-16,-1.,0.));
#1463 = PCURVE('',#291,#1464);
#1464 = DEFINITIONAL_REPRESENTATION('',(#1465),#1469);
#1465 = CIRCLE('',#1466,2.1);
#1466 = AXIS2_PLACEMENT_2D('',#1467,#1468);
#1467 = CARTESIAN_POINT('',(5.7,-3.1));
#1468 = DIRECTION('',(2.22044604925E-16,-1.));
#1469 = ( GEOMETRIC_REPRESENTATION_CONTEXT(2) 
PARAMETRIC_REPRESENTATION_CONTEXT() REPRESENTATION_CONTEXT('2D SPACE',''
  ) );
#1470 = PCURVE('',#1471,#1476);
#1471 = CYLINDRICAL_SURFACE('',#1472,2.1);
#1472 = AXIS2_PLACEMENT_3D('',#1473,#1474,#1475);
#1473 = CARTESIAN_POINT('',(85.175,45.9,2.5));
#1474 = DIRECTION('',(0.,0.,1.));
#1475 = DIRECTION('',(2.22044604925E-16,-1.,0.));
#1476 = DEFINITIONAL_REPRESENTATION('',(#1477),#1481);
#1477 = LINE('',#1478,#1479);
#1478 = CARTESIAN_POINT('',(0.,0.5));
#1479 = VECTOR('',#1480,1.);
#1480 = DIRECTION('',(1.,0.));
#1481 = ( GEOMETRIC_REPRESENTATION_CONTEXT(2) 
PARAMETRIC_REPRESENTATION_CONTEXT() REPRESENTATION_CONTEXT('2D SPACE',''
  ) );
#1482 = FACE_BOUND('',#1483,.T.);
#1483 = EDGE_LOOP('',(#1484));
#1484 = ORIENTED_EDGE('',*,*,#1485,.F.);
#1485 = EDGE_CURVE('',#1486,#1486,#1488,.T.);
#1486 = VERTEX_POINT('',#1487);
#1487 = CARTESIAN_POINT('',(116.875,47.8,3.));
#1488 = SURFACE_CURVE('',#1489,(#1494,#1501),.PCURVE_S1.);
#1489 = CIRCLE('',#1490,2.5);
#1490 = AXIS2_PLACEMENT_3D('',#1491,#1492,#1493);
#1491 = CARTESIAN_POINT('',(114.375,47.8,3.));
#1492 = DIRECTION('',(0.,0.,1.));
#1493 = DIRECTION('',(1.,0.,-0.));
#1494 = PCURVE('',#291,#1495);
#1495 = DEFINITIONAL_REPRESENTATION('',(#1496),#1500);
#1496 = CIRCLE('',#1497,2.5);
#1497 = AXIS2_PLACEMENT_2D('',#1498,#1499);
#1498 = CARTESIAN_POINT('',(34.9,-1.2));
#1499 = DIRECTION('',(1.,0.));
#1500 = ( GEOMETRIC_REPRESENTATION_CONTEXT(2) 
PARAMETRIC_REPRESENTATION_CONTEXT() REPRESENTATION_CONTEXT('2D SPACE',''
  ) );
#1501 = PCURVE('',#1502,#1507);
#1502 = CYLINDRICAL_SURFACE('',#1503,2.5);
#1503 = AXIS2_PLACEMENT_3D('',#1504,#1505,#1506);
#1504 = CARTESIAN_POINT('',(114.375,47.8,2.5));
#1505 = DIRECTION('',(0.,0.,1.));
#1506 = DIRECTION('',(1.,0.,-0.));
#1507 = DEFINITIONAL_REPRESENTATION('',(#1508),#1512);
#1508 = LINE('',#1509,#1510);
#1509 = CARTESIAN_POINT('',(0.,0.5));
#1510 = VECTOR('',#1511,1.);
#1511 = DIRECTION('',(1.,0.));
#1512 = ( GEOMETRIC_REPRESENTATION_CONTEXT(2) 
PARAMETRIC_REPRESENTATION_CONTEXT() REPRESENTATION_CONTEXT('2D SPACE',''
  ) );
#1513 = FACE_BOUND('',#1514,.T.);
#1514 = EDGE_LOOP('',(#1515,#1546,#1572,#1601));
#1515 = ORIENTED_EDGE('',*,*,#1516,.T.);
#1516 = EDGE_CURVE('',#1517,#1519,#1521,.T.);
#1517 = VERTEX_POINT('',#1518);
#1518 = CARTESIAN_POINT('',(154.15,87.,3.));
#1519 = VERTEX_POINT('',#1520);
#1520 = CARTESIAN_POINT('',(155.75,87.8,3.));
#1521 = SURFACE_CURVE('',#1522,(#1527,#1534),.PCURVE_S1.);
#1522 = CIRCLE('',#1523,5.);
#1523 = AXIS2_PLACEMENT_3D('',#1524,#1525,#1526);
#1524 = CARTESIAN_POINT('',(152.75,91.8,3.));
#1525 = DIRECTION('',(0.,0.,1.));
#1526 = DIRECTION('',(1.,0.,-0.));
#1527 = PCURVE('',#291,#1528);
#1528 = DEFINITIONAL_REPRESENTATION('',(#1529),#1533);
#1529 = CIRCLE('',#1530,5.);
#1530 = AXIS2_PLACEMENT_2D('',#1531,#1532);
#1531 = CARTESIAN_POINT('',(73.275,42.8));
#1532 = DIRECTION('',(1.,0.));
#1533 = ( GEOMETRIC_REPRESENTATION_CONTEXT(2) 
PARAMETRIC_REPRESENTATION_CONTEXT() REPRESENTATION_CONTEXT('2D SPACE',''
  ) );
#1534 = PCURVE('',#1535,#1540);
#1535 = CYLINDRICAL_SURFACE('',#1536,5.);
#1536 = AXIS2_PLACEMENT_3D('',#1537,#1538,#1539);
#1537 = CARTESIAN_POINT('',(152.75,91.8,0.));
#1538 = DIRECTION('',(0.,0.,1.));
#1539 = DIRECTION('',(1.,0.,-0.));
#1540 = DEFINITIONAL_REPRESENTATION('',(#1541),#1545);
#1541 = LINE('',#1542,#1543);
#1542 = CARTESIAN_POINT('',(0.,3.));
#1543 = VECTOR('',#1544,1.);
#1544 = DIRECTION('',(1.,0.));
#1545 = ( GEOMETRIC_REPRESENTATION_CONTEXT(2) 
PARAMETRIC_REPRESENTATION_CONTEXT() REPRESENTATION_CONTEXT('2D SPACE',''
  ) );
#1546 = ORIENTED_EDGE('',*,*,#1547,.T.);
#1547 = EDGE_CURVE('',#1519,#1548,#1550,.T.);
#1548 = VERTEX_POINT('',#1549);
#1549 = CARTESIAN_POINT('',(155.75,10.2,3.));
#1550 = SURFACE_CURVE('',#1551,(#1555,#1561),.PCURVE_S1.);
#1551 = LINE('',#1552,#1553);
#1552 = CARTESIAN_POINT('',(155.75,28.,3.));
#1553 = VECTOR('',#1554,1.);
#1554 = DIRECTION('',(0.,-1.,0.));
#1555 = PCURVE('',#291,#1556);
#1556 = DEFINITIONAL_REPRESENTATION('',(#1557),#1560);
#1557 = B_SPLINE_CURVE_WITH_KNOTS('',1,(#1558,#1559),.UNSPECIFIED.,.F.,
  .F.,(2,2),(-59.8,17.800000000001),.PIECEWISE_BEZIER_KNOTS.);
#1558 = CARTESIAN_POINT('',(76.275,38.8));
#1559 = CARTESIAN_POINT('',(76.275,-38.8));
#1560 = ( GEOMETRIC_REPRESENTATION_CONTEXT(2) 
PARAMETRIC_REPRESENTATION_CONTEXT() REPRESENTATION_CONTEXT('2D SPACE',''
  ) );
#1561 = PCURVE('',#1562,#1567);
#1562 = PLANE('',#1563);
#1563 = AXIS2_PLACEMENT_3D('',#1564,#1565,#1566);
#1564 = CARTESIAN_POINT('',(155.75,7.,2.5));
#1565 = DIRECTION('',(-1.,0.,0.));
#1566 = DIRECTION('',(0.,1.,0.));
#1567 = DEFINITIONAL_REPRESENTATION('',(#1568),#1571);
#1568 = B_SPLINE_CURVE_WITH_KNOTS('',1,(#1569,#1570),.UNSPECIFIED.,.F.,
  .F.,(2,2),(-59.8,17.800000000001),.PIECEWISE_BEZIER_KNOTS.);
#1569 = CARTESIAN_POINT('',(80.8,-0.5));
#1570 = CARTESIAN_POINT('',(3.199999999999,-0.5));
#1571 = ( GEOMETRIC_REPRESENTATION_CONTEXT(2) 
PARAMETRIC_REPRESENTATION_CONTEXT() REPRESENTATION_CONTEXT('2D SPACE',''
  ) );
#1572 = ORIENTED_EDGE('',*,*,#1573,.T.);
#1573 = EDGE_CURVE('',#1548,#1574,#1576,.T.);
#1574 = VERTEX_POINT('',#1575);
#1575 = CARTESIAN_POINT('',(154.15,11.,3.));
#1576 = SURFACE_CURVE('',#1577,(#1582,#1589),.PCURVE_S1.);
#1577 = CIRCLE('',#1578,5.);
#1578 = AXIS2_PLACEMENT_3D('',#1579,#1580,#1581);
#1579 = CARTESIAN_POINT('',(152.75,6.2,3.));
#1580 = DIRECTION('',(0.,0.,1.));
#1581 = DIRECTION('',(1.,0.,-0.));
#1582 = PCURVE('',#291,#1583);
#1583 = DEFINITIONAL_REPRESENTATION('',(#1584),#1588);
#1584 = CIRCLE('',#1585,5.);
#1585 = AXIS2_PLACEMENT_2D('',#1586,#1587);
#1586 = CARTESIAN_POINT('',(73.275,-42.8));
#1587 = DIRECTION('',(1.,0.));
#1588 = ( GEOMETRIC_REPRESENTATION_CONTEXT(2) 
PARAMETRIC_REPRESENTATION_CONTEXT() REPRESENTATION_CONTEXT('2D SPACE',''
  ) );
#1589 = PCURVE('',#1590,#1595);
#1590 = CYLINDRICAL_SURFACE('',#1591,5.);
#1591 = AXIS2_PLACEMENT_3D('',#1592,#1593,#1594);
#1592 = CARTESIAN_POINT('',(152.75,6.2,0.));
#1593 = DIRECTION('',(0.,0.,1.));
#1594 = DIRECTION('',(1.,0.,-0.));
#1595 = DEFINITIONAL_REPRESENTATION('',(#1596),#1600);
#1596 = LINE('',#1597,#1598);
#1597 = CARTESIAN_POINT('',(0.,3.));
#1598 = VECTOR('',#1599,1.);
#1599 = DIRECTION('',(1.,0.));
#1600 = ( GEOMETRIC_REPRESENTATION_CONTEXT(2) 
PARAMETRIC_REPRESENTATION_CONTEXT() REPRESENTATION_CONTEXT('2D SPACE',''
  ) );
#1601 = ORIENTED_EDGE('',*,*,#1602,.F.);
#1602 = EDGE_CURVE('',#1517,#1574,#1603,.T.);
#1603 = SURFACE_CURVE('',#1604,(#1608,#1614),.PCURVE_S1.);
#1604 = LINE('',#1605,#1606);
#1605 = CARTESIAN_POINT('',(154.15,28.,3.));
#1606 = VECTOR('',#1607,1.);
#1607 = DIRECTION('',(0.,-1.,0.));
#1608 = PCURVE('',#291,#1609);
#1609 = DEFINITIONAL_REPRESENTATION('',(#1610),#1613);
#1610 = B_SPLINE_CURVE_WITH_KNOTS('',1,(#1611,#1612),.UNSPECIFIED.,.F.,
  .F.,(2,2),(-59.,17.),.PIECEWISE_BEZIER_KNOTS.);
#1611 = CARTESIAN_POINT('',(74.675,38.));
#1612 = CARTESIAN_POINT('',(74.675,-38.));
#1613 = ( GEOMETRIC_REPRESENTATION_CONTEXT(2) 
PARAMETRIC_REPRESENTATION_CONTEXT() REPRESENTATION_CONTEXT('2D SPACE',''
  ) );
#1614 = PCURVE('',#1615,#1620);
#1615 = PLANE('',#1616);
#1616 = AXIS2_PLACEMENT_3D('',#1617,#1618,#1619);
#1617 = CARTESIAN_POINT('',(154.15,7.,2.5));
#1618 = DIRECTION('',(-1.,0.,0.));
#1619 = DIRECTION('',(0.,1.,0.));
#1620 = DEFINITIONAL_REPRESENTATION('',(#1621),#1624);
#1621 = B_SPLINE_CURVE_WITH_KNOTS('',1,(#1622,#1623),.UNSPECIFIED.,.F.,
  .F.,(2,2),(-59.,17.),.PIECEWISE_BEZIER_KNOTS.);
#1622 = CARTESIAN_POINT('',(80.,-0.5));
#1623 = CARTESIAN_POINT('',(4.,-0.5));
#1624 = ( GEOMETRIC_REPRESENTATION_CONTEXT(2) 
PARAMETRIC_REPRESENTATION_CONTEXT() REPRESENTATION_CONTEXT('2D SPACE',''
  ) );
#1625 = FACE_BOUND('',#1626,.T.);
#1626 = EDGE_LOOP('',(#1627,#1655,#1684,#1710));
#1627 = ORIENTED_EDGE('',*,*,#1628,.F.);
#1628 = EDGE_CURVE('',#1629,#1631,#1633,.T.);
#1629 = VERTEX_POINT('',#1630);
#1630 = CARTESIAN_POINT('',(3.2,87.8,3.));
#1631 = VERTEX_POINT('',#1632);
#1632 = CARTESIAN_POINT('',(3.2,10.2,3.));
#1633 = SURFACE_CURVE('',#1634,(#1638,#1644),.PCURVE_S1.);
#1634 = LINE('',#1635,#1636);
#1635 = CARTESIAN_POINT('',(3.2,28.,3.));
#1636 = VECTOR('',#1637,1.);
#1637 = DIRECTION('',(0.,-1.,0.));
#1638 = PCURVE('',#291,#1639);
#1639 = DEFINITIONAL_REPRESENTATION('',(#1640),#1643);
#1640 = B_SPLINE_CURVE_WITH_KNOTS('',1,(#1641,#1642),.UNSPECIFIED.,.F.,
  .F.,(2,2),(-59.8,17.8),.PIECEWISE_BEZIER_KNOTS.);
#1641 = CARTESIAN_POINT('',(-76.275,38.8));
#1642 = CARTESIAN_POINT('',(-76.275,-38.8));
#1643 = ( GEOMETRIC_REPRESENTATION_CONTEXT(2) 
PARAMETRIC_REPRESENTATION_CONTEXT() REPRESENTATION_CONTEXT('2D SPACE',''
  ) );
#1644 = PCURVE('',#1645,#1650);
#1645 = PLANE('',#1646);
#1646 = AXIS2_PLACEMENT_3D('',#1647,#1648,#1649);
#1647 = CARTESIAN_POINT('',(3.2,7.,2.5));
#1648 = DIRECTION('',(-1.,0.,0.));
#1649 = DIRECTION('',(0.,1.,0.));
#1650 = DEFINITIONAL_REPRESENTATION('',(#1651),#1654);
#1651 = B_SPLINE_CURVE_WITH_KNOTS('',1,(#1652,#1653),.UNSPECIFIED.,.F.,
  .F.,(2,2),(-59.8,17.8),.PIECEWISE_BEZIER_KNOTS.);
#1652 = CARTESIAN_POINT('',(80.8,-0.5));
#1653 = CARTESIAN_POINT('',(3.2,-0.5));
#1654 = ( GEOMETRIC_REPRESENTATION_CONTEXT(2) 
PARAMETRIC_REPRESENTATION_CONTEXT() REPRESENTATION_CONTEXT('2D SPACE',''
  ) );
#1655 = ORIENTED_EDGE('',*,*,#1656,.T.);
#1656 = EDGE_CURVE('',#1629,#1657,#1659,.T.);
#1657 = VERTEX_POINT('',#1658);
#1658 = CARTESIAN_POINT('',(4.8,87.,3.));
#1659 = SURFACE_CURVE('',#1660,(#1665,#1672),.PCURVE_S1.);
#1660 = CIRCLE('',#1661,5.);
#1661 = AXIS2_PLACEMENT_3D('',#1662,#1663,#1664);
#1662 = CARTESIAN_POINT('',(6.2,91.8,3.));
#1663 = DIRECTION('',(0.,0.,1.));
#1664 = DIRECTION('',(1.,0.,-0.));
#1665 = PCURVE('',#291,#1666);
#1666 = DEFINITIONAL_REPRESENTATION('',(#1667),#1671);
#1667 = CIRCLE('',#1668,5.);
#1668 = AXIS2_PLACEMENT_2D('',#1669,#1670);
#1669 = CARTESIAN_POINT('',(-73.275,42.8));
#1670 = DIRECTION('',(1.,0.));
#1671 = ( GEOMETRIC_REPRESENTATION_CONTEXT(2) 
PARAMETRIC_REPRESENTATION_CONTEXT() REPRESENTATION_CONTEXT('2D SPACE',''
  ) );
#1672 = PCURVE('',#1673,#1678);
#1673 = CYLINDRICAL_SURFACE('',#1674,5.);
#1674 = AXIS2_PLACEMENT_3D('',#1675,#1676,#1677);
#1675 = CARTESIAN_POINT('',(6.2,91.8,0.));
#1676 = DIRECTION('',(0.,0.,1.));
#1677 = DIRECTION('',(1.,0.,-0.));
#1678 = DEFINITIONAL_REPRESENTATION('',(#1679),#1683);
#1679 = LINE('',#1680,#1681);
#1680 = CARTESIAN_POINT('',(0.,3.));
#1681 = VECTOR('',#1682,1.);
#1682 = DIRECTION('',(1.,0.));
#1683 = ( GEOMETRIC_REPRESENTATION_CONTEXT(2) 
PARAMETRIC_REPRESENTATION_CONTEXT() REPRESENTATION_CONTEXT('2D SPACE',''
  ) );
#1684 = ORIENTED_EDGE('',*,*,#1685,.T.);
#1685 = EDGE_CURVE('',#1657,#1686,#1688,.T.);
#1686 = VERTEX_POINT('',#1687);
#1687 = CARTESIAN_POINT('',(4.8,11.,3.));
#1688 = SURFACE_CURVE('',#1689,(#1693,#1699),.PCURVE_S1.);
#1689 = LINE('',#1690,#1691);
#1690 = CARTESIAN_POINT('',(4.8,28.,3.));
#1691 = VECTOR('',#1692,1.);
#1692 = DIRECTION('',(0.,-1.,0.));
#1693 = PCURVE('',#291,#1694);
#1694 = DEFINITIONAL_REPRESENTATION('',(#1695),#1698);
#1695 = B_SPLINE_CURVE_WITH_KNOTS('',1,(#1696,#1697),.UNSPECIFIED.,.F.,
  .F.,(2,2),(-59.,17.),.PIECEWISE_BEZIER_KNOTS.);
#1696 = CARTESIAN_POINT('',(-74.675,38.));
#1697 = CARTESIAN_POINT('',(-74.675,-38.));
#1698 = ( GEOMETRIC_REPRESENTATION_CONTEXT(2) 
PARAMETRIC_REPRESENTATION_CONTEXT() REPRESENTATION_CONTEXT('2D SPACE',''
  ) );
#1699 = PCURVE('',#1700,#1705);
#1700 = PLANE('',#1701);
#1701 = AXIS2_PLACEMENT_3D('',#1702,#1703,#1704);
#1702 = CARTESIAN_POINT('',(4.8,7.,2.5));
#1703 = DIRECTION('',(-1.,0.,0.));
#1704 = DIRECTION('',(0.,1.,0.));
#1705 = DEFINITIONAL_REPRESENTATION('',(#1706),#1709);
#1706 = B_SPLINE_CURVE_WITH_KNOTS('',1,(#1707,#1708),.UNSPECIFIED.,.F.,
  .F.,(2,2),(-59.,17.),.PIECEWISE_BEZIER_KNOTS.);
#1707 = CARTESIAN_POINT('',(80.,-0.5));
#1708 = CARTESIAN_POINT('',(4.,-0.5));
#1709 = ( GEOMETRIC_REPRESENTATION_CONTEXT(2) 
PARAMETRIC_REPRESENTATION_CONTEXT() REPRESENTATION_CONTEXT('2D SPACE',''
  ) );
#1710 = ORIENTED_EDGE('',*,*,#1711,.T.);
#1711 = EDGE_CURVE('',#1686,#1631,#1712,.T.);
#1712 = SURFACE_CURVE('',#1713,(#1718,#1725),.PCURVE_S1.);
#1713 = CIRCLE('',#1714,5.);
#1714 = AXIS2_PLACEMENT_3D('',#1715,#1716,#1717);
#1715 = CARTESIAN_POINT('',(6.2,6.2,3.));
#1716 = DIRECTION('',(0.,0.,1.));
#1717 = DIRECTION('',(1.,0.,-0.));
#1718 = PCURVE('',#291,#1719);
#1719 = DEFINITIONAL_REPRESENTATION('',(#1720),#1724);
#1720 = CIRCLE('',#1721,5.);
#1721 = AXIS2_PLACEMENT_2D('',#1722,#1723);
#1722 = CARTESIAN_POINT('',(-73.275,-42.8));
#1723 = DIRECTION('',(1.,0.));
#1724 = ( GEOMETRIC_REPRESENTATION_CONTEXT(2) 
PARAMETRIC_REPRESENTATION_CONTEXT() REPRESENTATION_CONTEXT('2D SPACE',''
  ) );
#1725 = PCURVE('',#1726,#1731);
#1726 = CYLINDRICAL_SURFACE('',#1727,5.);
#1727 = AXIS2_PLACEMENT_3D('',#1728,#1729,#1730);
#1728 = CARTESIAN_POINT('',(6.2,6.2,0.));
#1729 = DIRECTION('',(0.,0.,1.));
#1730 = DIRECTION('',(1.,0.,-0.));
#1731 = DEFINITIONAL_REPRESENTATION('',(#1732),#1736);
#1732 = LINE('',#1733,#1734);
#1733 = CARTESIAN_POINT('',(0.,3.));
#1734 = VECTOR('',#1735,1.);
#1735 = DIRECTION('',(1.,0.));
#1736 = ( GEOMETRIC_REPRESENTATION_CONTEXT(2) 
PARAMETRIC_REPRESENTATION_CONTEXT() REPRESENTATION_CONTEXT('2D SPACE',''
  ) );
#1737 = FACE_BOUND('',#1738,.T.);
#1738 = EDGE_LOOP('',(#1739,#1767,#1793,#1819));
#1739 = ORIENTED_EDGE('',*,*,#1740,.T.);
#1740 = EDGE_CURVE('',#1741,#1743,#1745,.T.);
#1741 = VERTEX_POINT('',#1742);
#1742 = CARTESIAN_POINT('',(76.975,52.9,3.));
#1743 = VERTEX_POINT('',#1744);
#1744 = CARTESIAN_POINT('',(76.975,80.9,3.));
#1745 = SURFACE_CURVE('',#1746,(#1750,#1756),.PCURVE_S1.);
#1746 = LINE('',#1747,#1748);
#1747 = CARTESIAN_POINT('',(76.975,64.95,3.));
#1748 = VECTOR('',#1749,1.);
#1749 = DIRECTION('',(-2.22044604925E-16,1.,0.));
#1750 = PCURVE('',#291,#1751);
#1751 = DEFINITIONAL_REPRESENTATION('',(#1752),#1755);
#1752 = B_SPLINE_CURVE_WITH_KNOTS('',1,(#1753,#1754),.UNSPECIFIED.,.F.,
  .F.,(2,2),(-12.05,15.95),.PIECEWISE_BEZIER_KNOTS.);
#1753 = CARTESIAN_POINT('',(-2.5,3.9));
#1754 = CARTESIAN_POINT('',(-2.5,31.9));
#1755 = ( GEOMETRIC_REPRESENTATION_CONTEXT(2) 
PARAMETRIC_REPRESENTATION_CONTEXT() REPRESENTATION_CONTEXT('2D SPACE',''
  ) );
#1756 = PCURVE('',#1757,#1762);
#1757 = PLANE('',#1758);
#1758 = AXIS2_PLACEMENT_3D('',#1759,#1760,#1761);
#1759 = CARTESIAN_POINT('',(76.975,80.9,2.5));
#1760 = DIRECTION('',(1.,2.22044604925E-16,0.));
#1761 = DIRECTION('',(0.,0.,1.));
#1762 = DEFINITIONAL_REPRESENTATION('',(#1763),#1766);
#1763 = B_SPLINE_CURVE_WITH_KNOTS('',1,(#1764,#1765),.UNSPECIFIED.,.F.,
  .F.,(2,2),(-12.05,15.95),.PIECEWISE_BEZIER_KNOTS.);
#1764 = CARTESIAN_POINT('',(0.5,28.));
#1765 = CARTESIAN_POINT('',(0.5,0.));
#1766 = ( GEOMETRIC_REPRESENTATION_CONTEXT(2) 
PARAMETRIC_REPRESENTATION_CONTEXT() REPRESENTATION_CONTEXT('2D SPACE',''
  ) );
#1767 = ORIENTED_EDGE('',*,*,#1768,.T.);
#1768 = EDGE_CURVE('',#1743,#1769,#1771,.T.);
#1769 = VERTEX_POINT('',#1770);
#1770 = CARTESIAN_POINT('',(81.975,80.9,3.));
#1771 = SURFACE_CURVE('',#1772,(#1776,#1782),.PCURVE_S1.);
#1772 = LINE('',#1773,#1774);
#1773 = CARTESIAN_POINT('',(78.225,80.9,3.));
#1774 = VECTOR('',#1775,1.);
#1775 = DIRECTION('',(1.,2.22044604925E-16,-0.));
#1776 = PCURVE('',#291,#1777);
#1777 = DEFINITIONAL_REPRESENTATION('',(#1778),#1781);
#1778 = B_SPLINE_CURVE_WITH_KNOTS('',1,(#1779,#1780),.UNSPECIFIED.,.F.,
  .F.,(2,2),(-1.25,3.75),.PIECEWISE_BEZIER_KNOTS.);
#1779 = CARTESIAN_POINT('',(-2.5,31.9));
#1780 = CARTESIAN_POINT('',(2.5,31.9));
#1781 = ( GEOMETRIC_REPRESENTATION_CONTEXT(2) 
PARAMETRIC_REPRESENTATION_CONTEXT() REPRESENTATION_CONTEXT('2D SPACE',''
  ) );
#1782 = PCURVE('',#1783,#1788);
#1783 = PLANE('',#1784);
#1784 = AXIS2_PLACEMENT_3D('',#1785,#1786,#1787);
#1785 = CARTESIAN_POINT('',(76.975,80.9,2.5));
#1786 = DIRECTION('',(2.22044604925E-16,-1.,0.));
#1787 = DIRECTION('',(0.,0.,1.));
#1788 = DEFINITIONAL_REPRESENTATION('',(#1789),#1792);
#1789 = B_SPLINE_CURVE_WITH_KNOTS('',1,(#1790,#1791),.UNSPECIFIED.,.F.,
  .F.,(2,2),(-1.25,3.75),.PIECEWISE_BEZIER_KNOTS.);
#1790 = CARTESIAN_POINT('',(0.5,0.));
#1791 = CARTESIAN_POINT('',(0.5,-5.));
#1792 = ( GEOMETRIC_REPRESENTATION_CONTEXT(2) 
PARAMETRIC_REPRESENTATION_CONTEXT() REPRESENTATION_CONTEXT('2D SPACE',''
  ) );
#1793 = ORIENTED_EDGE('',*,*,#1794,.F.);
#1794 = EDGE_CURVE('',#1795,#1769,#1797,.T.);
#1795 = VERTEX_POINT('',#1796);
#1796 = CARTESIAN_POINT('',(81.975,52.9,3.));
#1797 = SURFACE_CURVE('',#1798,(#1802,#1808),.PCURVE_S1.);
#1798 = LINE('',#1799,#1800);
#1799 = CARTESIAN_POINT('',(81.975,64.95,3.));
#1800 = VECTOR('',#1801,1.);
#1801 = DIRECTION('',(-2.22044604925E-16,1.,0.));
#1802 = PCURVE('',#291,#1803);
#1803 = DEFINITIONAL_REPRESENTATION('',(#1804),#1807);
#1804 = B_SPLINE_CURVE_WITH_KNOTS('',1,(#1805,#1806),.UNSPECIFIED.,.F.,
  .F.,(2,2),(-12.05,15.95),.PIECEWISE_BEZIER_KNOTS.);
#1805 = CARTESIAN_POINT('',(2.5,3.9));
#1806 = CARTESIAN_POINT('',(2.5,31.9));
#1807 = ( GEOMETRIC_REPRESENTATION_CONTEXT(2) 
PARAMETRIC_REPRESENTATION_CONTEXT() REPRESENTATION_CONTEXT('2D SPACE',''
  ) );
#1808 = PCURVE('',#1809,#1814);
#1809 = PLANE('',#1810);
#1810 = AXIS2_PLACEMENT_3D('',#1811,#1812,#1813);
#1811 = CARTESIAN_POINT('',(81.975,80.9,2.5));
#1812 = DIRECTION('',(1.,2.22044604925E-16,0.));
#1813 = DIRECTION('',(0.,0.,1.));
#1814 = DEFINITIONAL_REPRESENTATION('',(#1815),#1818);
#1815 = B_SPLINE_CURVE_WITH_KNOTS('',1,(#1816,#1817),.UNSPECIFIED.,.F.,
  .F.,(2,2),(-12.05,15.95),.PIECEWISE_BEZIER_KNOTS.);
#1816 = CARTESIAN_POINT('',(0.5,28.));
#1817 = CARTESIAN_POINT('',(0.5,0.));
#1818 = ( GEOMETRIC_REPRESENTATION_CONTEXT(2) 
PARAMETRIC_REPRESENTATION_CONTEXT() REPRESENTATION_CONTEXT('2D SPACE',''
  ) );
#1819 = ORIENTED_EDGE('',*,*,#1820,.F.);
#1820 = EDGE_CURVE('',#1741,#1795,#1821,.T.);
#1821 = SURFACE_CURVE('',#1822,(#1826,#1832),.PCURVE_S1.);
#1822 = LINE('',#1823,#1824);
#1823 = CARTESIAN_POINT('',(78.225,52.9,3.));
#1824 = VECTOR('',#1825,1.);
#1825 = DIRECTION('',(1.,2.22044604925E-16,-0.));
#1826 = PCURVE('',#291,#1827);
#1827 = DEFINITIONAL_REPRESENTATION('',(#1828),#1831);
#1828 = B_SPLINE_CURVE_WITH_KNOTS('',1,(#1829,#1830),.UNSPECIFIED.,.F.,
  .F.,(2,2),(-1.25,3.75),.PIECEWISE_BEZIER_KNOTS.);
#1829 = CARTESIAN_POINT('',(-2.5,3.9));
#1830 = CARTESIAN_POINT('',(2.5,3.9));
#1831 = ( GEOMETRIC_REPRESENTATION_CONTEXT(2) 
PARAMETRIC_REPRESENTATION_CONTEXT() REPRESENTATION_CONTEXT('2D SPACE',''
  ) );
#1832 = PCURVE('',#1833,#1838);
#1833 = PLANE('',#1834);
#1834 = AXIS2_PLACEMENT_3D('',#1835,#1836,#1837);
#1835 = CARTESIAN_POINT('',(76.975,52.9,2.5));
#1836 = DIRECTION('',(2.22044604925E-16,-1.,0.));
#1837 = DIRECTION('',(0.,0.,1.));
#1838 = DEFINITIONAL_REPRESENTATION('',(#1839),#1842);
#1839 = B_SPLINE_CURVE_WITH_KNOTS('',1,(#1840,#1841),.UNSPECIFIED.,.F.,
  .F.,(2,2),(-1.25,3.75),.PIECEWISE_BEZIER_KNOTS.);
#1840 = CARTESIAN_POINT('',(0.5,0.));
#1841 = CARTESIAN_POINT('',(0.5,-5.));
#1842 = ( GEOMETRIC_REPRESENTATION_CONTEXT(2) 
PARAMETRIC_REPRESENTATION_CONTEXT() REPRESENTATION_CONTEXT('2D SPACE',''
  ) );
#1843 = FACE_BOUND('',#1844,.T.);
#1844 = EDGE_LOOP('',(#1845));
#1845 = ORIENTED_EDGE('',*,*,#1846,.F.);
#1846 = EDGE_CURVE('',#1847,#1847,#1849,.T.);
#1847 = VERTEX_POINT('',#1848);
#1848 = CARTESIAN_POINT('',(7.9,91.8,3.));
#1849 = SURFACE_CURVE('',#1850,(#1855,#1862),.PCURVE_S1.);
#1850 = CIRCLE('',#1851,1.7);
#1851 = AXIS2_PLACEMENT_3D('',#1852,#1853,#1854);
#1852 = CARTESIAN_POINT('',(6.2,91.8,3.));
#1853 = DIRECTION('',(0.,0.,1.));
#1854 = DIRECTION('',(1.,0.,-0.));
#1855 = PCURVE('',#291,#1856);
#1856 = DEFINITIONAL_REPRESENTATION('',(#1857),#1861);
#1857 = CIRCLE('',#1858,1.7);
#1858 = AXIS2_PLACEMENT_2D('',#1859,#1860);
#1859 = CARTESIAN_POINT('',(-73.275,42.8));
#1860 = DIRECTION('',(1.,0.));
#1861 = ( GEOMETRIC_REPRESENTATION_CONTEXT(2) 
PARAMETRIC_REPRESENTATION_CONTEXT() REPRESENTATION_CONTEXT('2D SPACE',''
  ) );
#1862 = PCURVE('',#1863,#1868);
#1863 = CYLINDRICAL_SURFACE('',#1864,1.7);
#1864 = AXIS2_PLACEMENT_3D('',#1865,#1866,#1867);
#1865 = CARTESIAN_POINT('',(6.2,91.8,-1.));
#1866 = DIRECTION('',(0.,0.,1.));
#1867 = DIRECTION('',(1.,0.,-0.));
#1868 = DEFINITIONAL_REPRESENTATION('',(#1869),#1873);
#1869 = LINE('',#1870,#1871);
#1870 = CARTESIAN_POINT('',(0.,4.));
#1871 = VECTOR('',#1872,1.);
#1872 = DIRECTION('',(1.,0.));
#1873 = ( GEOMETRIC_REPRESENTATION_CONTEXT(2) 
PARAMETRIC_REPRESENTATION_CONTEXT() REPRESENTATION_CONTEXT('2D SPACE',''
  ) );
#1874 = FACE_BOUND('',#1875,.T.);
#1875 = EDGE_LOOP('',(#1876,#1904,#1933,#1959));
#1876 = ORIENTED_EDGE('',*,*,#1877,.F.);
#1877 = EDGE_CURVE('',#1878,#1880,#1882,.T.);
#1878 = VERTEX_POINT('',#1879);
#1879 = CARTESIAN_POINT('',(53.475,94.8,3.));
#1880 = VERTEX_POINT('',#1881);
#1881 = CARTESIAN_POINT('',(10.2,94.8,3.));
#1882 = SURFACE_CURVE('',#1883,(#1887,#1893),.PCURVE_S1.);
#1883 = LINE('',#1884,#1885);
#1884 = CARTESIAN_POINT('',(43.2375,94.8,3.));
#1885 = VECTOR('',#1886,1.);
#1886 = DIRECTION('',(-1.,0.,0.));
#1887 = PCURVE('',#291,#1888);
#1888 = DEFINITIONAL_REPRESENTATION('',(#1889),#1892);
#1889 = B_SPLINE_CURVE_WITH_KNOTS('',1,(#1890,#1891),.UNSPECIFIED.,.F.,
  .F.,(2,2),(-10.2375,33.0375),.PIECEWISE_BEZIER_KNOTS.);
#1890 = CARTESIAN_POINT('',(-26.,45.8));
#1891 = CARTESIAN_POINT('',(-69.275,45.8));
#1892 = ( GEOMETRIC_REPRESENTATION_CONTEXT(2) 
PARAMETRIC_REPRESENTATION_CONTEXT() REPRESENTATION_CONTEXT('2D SPACE',''
  ) );
#1893 = PCURVE('',#1894,#1899);
#1894 = PLANE('',#1895);
#1895 = AXIS2_PLACEMENT_3D('',#1896,#1897,#1898);
#1896 = CARTESIAN_POINT('',(7.,94.8,2.5));
#1897 = DIRECTION('',(0.,1.,0.));
#1898 = DIRECTION('',(1.,0.,0.));
#1899 = DEFINITIONAL_REPRESENTATION('',(#1900),#1903);
#1900 = B_SPLINE_CURVE_WITH_KNOTS('',1,(#1901,#1902),.UNSPECIFIED.,.F.,
  .F.,(2,2),(-10.2375,33.0375),.PIECEWISE_BEZIER_KNOTS.);
#1901 = CARTESIAN_POINT('',(46.475,-0.5));
#1902 = CARTESIAN_POINT('',(3.2,-0.5));
#1903 = ( GEOMETRIC_REPRESENTATION_CONTEXT(2) 
PARAMETRIC_REPRESENTATION_CONTEXT() REPRESENTATION_CONTEXT('2D SPACE',''
  ) );
#1904 = ORIENTED_EDGE('',*,*,#1905,.T.);
#1905 = EDGE_CURVE('',#1878,#1906,#1908,.T.);
#1906 = VERTEX_POINT('',#1907);
#1907 = CARTESIAN_POINT('',(52.675,93.2,3.));
#1908 = SURFACE_CURVE('',#1909,(#1914,#1921),.PCURVE_S1.);
#1909 = CIRCLE('',#1910,5.);
#1910 = AXIS2_PLACEMENT_3D('',#1911,#1912,#1913);
#1911 = CARTESIAN_POINT('',(57.475,91.8,3.));
#1912 = DIRECTION('',(0.,0.,1.));
#1913 = DIRECTION('',(1.,0.,-0.));
#1914 = PCURVE('',#291,#1915);
#1915 = DEFINITIONAL_REPRESENTATION('',(#1916),#1920);
#1916 = CIRCLE('',#1917,5.);
#1917 = AXIS2_PLACEMENT_2D('',#1918,#1919);
#1918 = CARTESIAN_POINT('',(-22.,42.8));
#1919 = DIRECTION('',(1.,0.));
#1920 = ( GEOMETRIC_REPRESENTATION_CONTEXT(2) 
PARAMETRIC_REPRESENTATION_CONTEXT() REPRESENTATION_CONTEXT('2D SPACE',''
  ) );
#1921 = PCURVE('',#1922,#1927);
#1922 = CYLINDRICAL_SURFACE('',#1923,5.);
#1923 = AXIS2_PLACEMENT_3D('',#1924,#1925,#1926);
#1924 = CARTESIAN_POINT('',(57.475,91.8,0.));
#1925 = DIRECTION('',(0.,0.,1.));
#1926 = DIRECTION('',(1.,0.,-0.));
#1927 = DEFINITIONAL_REPRESENTATION('',(#1928),#1932);
#1928 = LINE('',#1929,#1930);
#1929 = CARTESIAN_POINT('',(0.,3.));
#1930 = VECTOR('',#1931,1.);
#1931 = DIRECTION('',(1.,0.));
#1932 = ( GEOMETRIC_REPRESENTATION_CONTEXT(2) 
PARAMETRIC_REPRESENTATION_CONTEXT() REPRESENTATION_CONTEXT('2D SPACE',''
  ) );
#1933 = ORIENTED_EDGE('',*,*,#1934,.T.);
#1934 = EDGE_CURVE('',#1906,#1935,#1937,.T.);
#1935 = VERTEX_POINT('',#1936);
#1936 = CARTESIAN_POINT('',(11.,93.2,3.));
#1937 = SURFACE_CURVE('',#1938,(#1942,#1948),.PCURVE_S1.);
#1938 = LINE('',#1939,#1940);
#1939 = CARTESIAN_POINT('',(43.2375,93.2,3.));
#1940 = VECTOR('',#1941,1.);
#1941 = DIRECTION('',(-1.,0.,0.));
#1942 = PCURVE('',#291,#1943);
#1943 = DEFINITIONAL_REPRESENTATION('',(#1944),#1947);
#1944 = B_SPLINE_CURVE_WITH_KNOTS('',1,(#1945,#1946),.UNSPECIFIED.,.F.,
  .F.,(2,2),(-9.4375,32.2375),.PIECEWISE_BEZIER_KNOTS.);
#1945 = CARTESIAN_POINT('',(-26.8,44.2));
#1946 = CARTESIAN_POINT('',(-68.475,44.2));
#1947 = ( GEOMETRIC_REPRESENTATION_CONTEXT(2) 
PARAMETRIC_REPRESENTATION_CONTEXT() REPRESENTATION_CONTEXT('2D SPACE',''
  ) );
#1948 = PCURVE('',#1949,#1954);
#1949 = PLANE('',#1950);
#1950 = AXIS2_PLACEMENT_3D('',#1951,#1952,#1953);
#1951 = CARTESIAN_POINT('',(7.,93.2,2.5));
#1952 = DIRECTION('',(0.,1.,0.));
#1953 = DIRECTION('',(1.,0.,0.));
#1954 = DEFINITIONAL_REPRESENTATION('',(#1955),#1958);
#1955 = B_SPLINE_CURVE_WITH_KNOTS('',1,(#1956,#1957),.UNSPECIFIED.,.F.,
  .F.,(2,2),(-9.4375,32.2375),.PIECEWISE_BEZIER_KNOTS.);
#1956 = CARTESIAN_POINT('',(45.675,-0.5));
#1957 = CARTESIAN_POINT('',(4.,-0.5));
#1958 = ( GEOMETRIC_REPRESENTATION_CONTEXT(2) 
PARAMETRIC_REPRESENTATION_CONTEXT() REPRESENTATION_CONTEXT('2D SPACE',''
  ) );
#1959 = ORIENTED_EDGE('',*,*,#1960,.T.);
#1960 = EDGE_CURVE('',#1935,#1880,#1961,.T.);
#1961 = SURFACE_CURVE('',#1962,(#1967,#1974),.PCURVE_S1.);
#1962 = CIRCLE('',#1963,5.);
#1963 = AXIS2_PLACEMENT_3D('',#1964,#1965,#1966);
#1964 = CARTESIAN_POINT('',(6.2,91.8,3.));
#1965 = DIRECTION('',(0.,0.,1.));
#1966 = DIRECTION('',(1.,0.,-0.));
#1967 = PCURVE('',#291,#1968);
#1968 = DEFINITIONAL_REPRESENTATION('',(#1969),#1973);
#1969 = CIRCLE('',#1970,5.);
#1970 = AXIS2_PLACEMENT_2D('',#1971,#1972);
#1971 = CARTESIAN_POINT('',(-73.275,42.8));
#1972 = DIRECTION('',(1.,0.));
#1973 = ( GEOMETRIC_REPRESENTATION_CONTEXT(2) 
PARAMETRIC_REPRESENTATION_CONTEXT() REPRESENTATION_CONTEXT('2D SPACE',''
  ) );
#1974 = PCURVE('',#1975,#1980);
#1975 = CYLINDRICAL_SURFACE('',#1976,5.);
#1976 = AXIS2_PLACEMENT_3D('',#1977,#1978,#1979);
#1977 = CARTESIAN_POINT('',(6.2,91.8,0.));
#1978 = DIRECTION('',(0.,0.,1.));
#1979 = DIRECTION('',(1.,0.,-0.));
#1980 = DEFINITIONAL_REPRESENTATION('',(#1981),#1985);
#1981 = LINE('',#1982,#1983);
#1982 = CARTESIAN_POINT('',(0.,3.));
#1983 = VECTOR('',#1984,1.);
#1984 = DIRECTION('',(1.,0.));
#1985 = ( GEOMETRIC_REPRESENTATION_CONTEXT(2) 
PARAMETRIC_REPRESENTATION_CONTEXT() REPRESENTATION_CONTEXT('2D SPACE',''
  ) );
#1986 = FACE_BOUND('',#1987,.T.);
#1987 = EDGE_LOOP('',(#1988));
#1988 = ORIENTED_EDGE('',*,*,#1989,.F.);
#1989 = EDGE_CURVE('',#1990,#1990,#1992,.T.);
#1990 = VERTEX_POINT('',#1991);
#1991 = CARTESIAN_POINT('',(47.075,74.2,3.));
#1992 = SURFACE_CURVE('',#1993,(#1998,#2005),.PCURVE_S1.);
#1993 = CIRCLE('',#1994,2.5);
#1994 = AXIS2_PLACEMENT_3D('',#1995,#1996,#1997);
#1995 = CARTESIAN_POINT('',(44.575,74.2,3.));
#1996 = DIRECTION('',(0.,0.,1.));
#1997 = DIRECTION('',(1.,0.,-0.));
#1998 = PCURVE('',#291,#1999);
#1999 = DEFINITIONAL_REPRESENTATION('',(#2000),#2004);
#2000 = CIRCLE('',#2001,2.5);
#2001 = AXIS2_PLACEMENT_2D('',#2002,#2003);
#2002 = CARTESIAN_POINT('',(-34.9,25.2));
#2003 = DIRECTION('',(1.,0.));
#2004 = ( GEOMETRIC_REPRESENTATION_CONTEXT(2) 
PARAMETRIC_REPRESENTATION_CONTEXT() REPRESENTATION_CONTEXT('2D SPACE',''
  ) );
#2005 = PCURVE('',#2006,#2011);
#2006 = CYLINDRICAL_SURFACE('',#2007,2.5);
#2007 = AXIS2_PLACEMENT_3D('',#2008,#2009,#2010);
#2008 = CARTESIAN_POINT('',(44.575,74.2,2.5));
#2009 = DIRECTION('',(0.,0.,1.));
#2010 = DIRECTION('',(1.,0.,-0.));
#2011 = DEFINITIONAL_REPRESENTATION('',(#2012),#2016);
#2012 = LINE('',#2013,#2014);
#2013 = CARTESIAN_POINT('',(0.,0.5));
#2014 = VECTOR('',#2015,1.);
#2015 = DIRECTION('',(1.,0.));
#2016 = ( GEOMETRIC_REPRESENTATION_CONTEXT(2) 
PARAMETRIC_REPRESENTATION_CONTEXT() REPRESENTATION_CONTEXT('2D SPACE',''
  ) );
#2017 = FACE_BOUND('',#2018,.T.);
#2018 = EDGE_LOOP('',(#2019));
#2019 = ORIENTED_EDGE('',*,*,#2020,.F.);
#2020 = EDGE_CURVE('',#2021,#2021,#2023,.T.);
#2021 = VERTEX_POINT('',#2022);
#2022 = CARTESIAN_POINT('',(59.175,91.8,3.));
#2023 = SURFACE_CURVE('',#2024,(#2029,#2036),.PCURVE_S1.);
#2024 = CIRCLE('',#2025,1.7);
#2025 = AXIS2_PLACEMENT_3D('',#2026,#2027,#2028);
#2026 = CARTESIAN_POINT('',(57.475,91.8,3.));
#2027 = DIRECTION('',(0.,0.,1.));
#2028 = DIRECTION('',(1.,0.,-0.));
#2029 = PCURVE('',#291,#2030);
#2030 = DEFINITIONAL_REPRESENTATION('',(#2031),#2035);
#2031 = CIRCLE('',#2032,1.7);
#2032 = AXIS2_PLACEMENT_2D('',#2033,#2034);
#2033 = CARTESIAN_POINT('',(-22.,42.8));
#2034 = DIRECTION('',(1.,0.));
#2035 = ( GEOMETRIC_REPRESENTATION_CONTEXT(2) 
PARAMETRIC_REPRESENTATION_CONTEXT() REPRESENTATION_CONTEXT('2D SPACE',''
  ) );
#2036 = PCURVE('',#2037,#2042);
#2037 = CYLINDRICAL_SURFACE('',#2038,1.7);
#2038 = AXIS2_PLACEMENT_3D('',#2039,#2040,#2041);
#2039 = CARTESIAN_POINT('',(57.475,91.8,-1.));
#2040 = DIRECTION('',(0.,0.,1.));
#2041 = DIRECTION('',(1.,0.,-0.));
#2042 = DEFINITIONAL_REPRESENTATION('',(#2043),#2047);
#2043 = LINE('',#2044,#2045);
#2044 = CARTESIAN_POINT('',(0.,4.));
#2045 = VECTOR('',#2046,1.);
#2046 = DIRECTION('',(1.,0.));
#2047 = ( GEOMETRIC_REPRESENTATION_CONTEXT(2) 
PARAMETRIC_REPRESENTATION_CONTEXT() REPRESENTATION_CONTEXT('2D SPACE',''
  ) );
#2048 = FACE_BOUND('',#2049,.T.);
#2049 = EDGE_LOOP('',(#2050,#2078,#2104,#2130));
#2050 = ORIENTED_EDGE('',*,*,#2051,.F.);
#2051 = EDGE_CURVE('',#2052,#2054,#2056,.T.);
#2052 = VERTEX_POINT('',#2053);
#2053 = CARTESIAN_POINT('',(66.475,94.8,3.));
#2054 = VERTEX_POINT('',#2055);
#2055 = CARTESIAN_POINT('',(61.475,94.8,3.));
#2056 = SURFACE_CURVE('',#2057,(#2061,#2067),.PCURVE_S1.);
#2057 = LINE('',#2058,#2059);
#2058 = CARTESIAN_POINT('',(43.2375,94.8,3.));
#2059 = VECTOR('',#2060,1.);
#2060 = DIRECTION('',(-1.,0.,0.));
#2061 = PCURVE('',#291,#2062);
#2062 = DEFINITIONAL_REPRESENTATION('',(#2063),#2066);
#2063 = B_SPLINE_CURVE_WITH_KNOTS('',1,(#2064,#2065),.UNSPECIFIED.,.F.,
  .F.,(2,2),(-23.2375,-18.2375),.PIECEWISE_BEZIER_KNOTS.);
#2064 = CARTESIAN_POINT('',(-13.,45.8));
#2065 = CARTESIAN_POINT('',(-18.,45.8));
#2066 = ( GEOMETRIC_REPRESENTATION_CONTEXT(2) 
PARAMETRIC_REPRESENTATION_CONTEXT() REPRESENTATION_CONTEXT('2D SPACE',''
  ) );
#2067 = PCURVE('',#2068,#2073);
#2068 = PLANE('',#2069);
#2069 = AXIS2_PLACEMENT_3D('',#2070,#2071,#2072);
#2070 = CARTESIAN_POINT('',(7.,94.8,2.5));
#2071 = DIRECTION('',(0.,1.,0.));
#2072 = DIRECTION('',(1.,0.,0.));
#2073 = DEFINITIONAL_REPRESENTATION('',(#2074),#2077);
#2074 = B_SPLINE_CURVE_WITH_KNOTS('',1,(#2075,#2076),.UNSPECIFIED.,.F.,
  .F.,(2,2),(-23.2375,-18.2375),.PIECEWISE_BEZIER_KNOTS.);
#2075 = CARTESIAN_POINT('',(59.475,-0.5));
#2076 = CARTESIAN_POINT('',(54.475,-0.5));
#2077 = ( GEOMETRIC_REPRESENTATION_CONTEXT(2) 
PARAMETRIC_REPRESENTATION_CONTEXT() REPRESENTATION_CONTEXT('2D SPACE',''
  ) );
#2078 = ORIENTED_EDGE('',*,*,#2079,.F.);
#2079 = EDGE_CURVE('',#2080,#2052,#2082,.T.);
#2080 = VERTEX_POINT('',#2081);
#2081 = CARTESIAN_POINT('',(66.475,93.2,3.));
#2082 = SURFACE_CURVE('',#2083,(#2087,#2093),.PCURVE_S1.);
#2083 = LINE('',#2084,#2085);
#2084 = CARTESIAN_POINT('',(66.475,67.5,3.));
#2085 = VECTOR('',#2086,1.);
#2086 = DIRECTION('',(-0.,1.,0.));
#2087 = PCURVE('',#291,#2088);
#2088 = DEFINITIONAL_REPRESENTATION('',(#2089),#2092);
#2089 = B_SPLINE_CURVE_WITH_KNOTS('',1,(#2090,#2091),.UNSPECIFIED.,.F.,
  .F.,(2,2),(25.7,27.3),.PIECEWISE_BEZIER_KNOTS.);
#2090 = CARTESIAN_POINT('',(-13.,44.2));
#2091 = CARTESIAN_POINT('',(-13.,45.8));
#2092 = ( GEOMETRIC_REPRESENTATION_CONTEXT(2) 
PARAMETRIC_REPRESENTATION_CONTEXT() REPRESENTATION_CONTEXT('2D SPACE',''
  ) );
#2093 = PCURVE('',#2094,#2099);
#2094 = PLANE('',#2095);
#2095 = AXIS2_PLACEMENT_3D('',#2096,#2097,#2098);
#2096 = CARTESIAN_POINT('',(66.475,86.,0.));
#2097 = DIRECTION('',(1.,0.,-0.));
#2098 = DIRECTION('',(0.,0.,1.));
#2099 = DEFINITIONAL_REPRESENTATION('',(#2100),#2103);
#2100 = B_SPLINE_CURVE_WITH_KNOTS('',1,(#2101,#2102),.UNSPECIFIED.,.F.,
  .F.,(2,2),(25.7,27.3),.PIECEWISE_BEZIER_KNOTS.);
#2101 = CARTESIAN_POINT('',(3.,-7.2));
#2102 = CARTESIAN_POINT('',(3.,-8.8));
#2103 = ( GEOMETRIC_REPRESENTATION_CONTEXT(2) 
PARAMETRIC_REPRESENTATION_CONTEXT() REPRESENTATION_CONTEXT('2D SPACE',''
  ) );
#2104 = ORIENTED_EDGE('',*,*,#2105,.T.);
#2105 = EDGE_CURVE('',#2080,#2106,#2108,.T.);
#2106 = VERTEX_POINT('',#2107);
#2107 = CARTESIAN_POINT('',(62.275,93.2,3.));
#2108 = SURFACE_CURVE('',#2109,(#2113,#2119),.PCURVE_S1.);
#2109 = LINE('',#2110,#2111);
#2110 = CARTESIAN_POINT('',(43.2375,93.2,3.));
#2111 = VECTOR('',#2112,1.);
#2112 = DIRECTION('',(-1.,0.,0.));
#2113 = PCURVE('',#291,#2114);
#2114 = DEFINITIONAL_REPRESENTATION('',(#2115),#2118);
#2115 = B_SPLINE_CURVE_WITH_KNOTS('',1,(#2116,#2117),.UNSPECIFIED.,.F.,
  .F.,(2,2),(-23.2375,-19.0375),.PIECEWISE_BEZIER_KNOTS.);
#2116 = CARTESIAN_POINT('',(-13.,44.2));
#2117 = CARTESIAN_POINT('',(-17.2,44.2));
#2118 = ( GEOMETRIC_REPRESENTATION_CONTEXT(2) 
PARAMETRIC_REPRESENTATION_CONTEXT() REPRESENTATION_CONTEXT('2D SPACE',''
  ) );
#2119 = PCURVE('',#2120,#2125);
#2120 = PLANE('',#2121);
#2121 = AXIS2_PLACEMENT_3D('',#2122,#2123,#2124);
#2122 = CARTESIAN_POINT('',(7.,93.2,2.5));
#2123 = DIRECTION('',(0.,1.,0.));
#2124 = DIRECTION('',(1.,0.,0.));
#2125 = DEFINITIONAL_REPRESENTATION('',(#2126),#2129);
#2126 = B_SPLINE_CURVE_WITH_KNOTS('',1,(#2127,#2128),.UNSPECIFIED.,.F.,
  .F.,(2,2),(-23.2375,-19.0375),.PIECEWISE_BEZIER_KNOTS.);
#2127 = CARTESIAN_POINT('',(59.475,-0.5));
#2128 = CARTESIAN_POINT('',(55.275,-0.5));
#2129 = ( GEOMETRIC_REPRESENTATION_CONTEXT(2) 
PARAMETRIC_REPRESENTATION_CONTEXT() REPRESENTATION_CONTEXT('2D SPACE',''
  ) );
#2130 = ORIENTED_EDGE('',*,*,#2131,.T.);
#2131 = EDGE_CURVE('',#2106,#2054,#2132,.T.);
#2132 = SURFACE_CURVE('',#2133,(#2138,#2145),.PCURVE_S1.);
#2133 = CIRCLE('',#2134,5.);
#2134 = AXIS2_PLACEMENT_3D('',#2135,#2136,#2137);
#2135 = CARTESIAN_POINT('',(57.475,91.8,3.));
#2136 = DIRECTION('',(0.,0.,1.));
#2137 = DIRECTION('',(1.,0.,-0.));
#2138 = PCURVE('',#291,#2139);
#2139 = DEFINITIONAL_REPRESENTATION('',(#2140),#2144);
#2140 = CIRCLE('',#2141,5.);
#2141 = AXIS2_PLACEMENT_2D('',#2142,#2143);
#2142 = CARTESIAN_POINT('',(-22.,42.8));
#2143 = DIRECTION('',(1.,0.));
#2144 = ( GEOMETRIC_REPRESENTATION_CONTEXT(2) 
PARAMETRIC_REPRESENTATION_CONTEXT() REPRESENTATION_CONTEXT('2D SPACE',''
  ) );
#2145 = PCURVE('',#2146,#2151);
#2146 = CYLINDRICAL_SURFACE('',#2147,5.);
#2147 = AXIS2_PLACEMENT_3D('',#2148,#2149,#2150);
#2148 = CARTESIAN_POINT('',(57.475,91.8,0.));
#2149 = DIRECTION('',(0.,0.,1.));
#2150 = DIRECTION('',(1.,0.,-0.));
#2151 = DEFINITIONAL_REPRESENTATION('',(#2152),#2156);
#2152 = LINE('',#2153,#2154);
#2153 = CARTESIAN_POINT('',(0.,3.));
#2154 = VECTOR('',#2155,1.);
#2155 = DIRECTION('',(1.,0.));
#2156 = ( GEOMETRIC_REPRESENTATION_CONTEXT(2) 
PARAMETRIC_REPRESENTATION_CONTEXT() REPRESENTATION_CONTEXT('2D SPACE',''
  ) );
#2157 = FACE_BOUND('',#2158,.T.);
#2158 = EDGE_LOOP('',(#2159));
#2159 = ORIENTED_EDGE('',*,*,#2160,.F.);
#2160 = EDGE_CURVE('',#2161,#2161,#2163,.T.);
#2161 = VERTEX_POINT('',#2162);
#2162 = CARTESIAN_POINT('',(116.875,74.2,3.));
#2163 = SURFACE_CURVE('',#2164,(#2169,#2176),.PCURVE_S1.);
#2164 = CIRCLE('',#2165,2.5);
#2165 = AXIS2_PLACEMENT_3D('',#2166,#2167,#2168);
#2166 = CARTESIAN_POINT('',(114.375,74.2,3.));
#2167 = DIRECTION('',(0.,0.,1.));
#2168 = DIRECTION('',(1.,0.,-0.));
#2169 = PCURVE('',#291,#2170);
#2170 = DEFINITIONAL_REPRESENTATION('',(#2171),#2175);
#2171 = CIRCLE('',#2172,2.5);
#2172 = AXIS2_PLACEMENT_2D('',#2173,#2174);
#2173 = CARTESIAN_POINT('',(34.9,25.2));
#2174 = DIRECTION('',(1.,0.));
#2175 = ( GEOMETRIC_REPRESENTATION_CONTEXT(2) 
PARAMETRIC_REPRESENTATION_CONTEXT() REPRESENTATION_CONTEXT('2D SPACE',''
  ) );
#2176 = PCURVE('',#2177,#2182);
#2177 = CYLINDRICAL_SURFACE('',#2178,2.5);
#2178 = AXIS2_PLACEMENT_3D('',#2179,#2180,#2181);
#2179 = CARTESIAN_POINT('',(114.375,74.2,2.5));
#2180 = DIRECTION('',(0.,0.,1.));
#2181 = DIRECTION('',(1.,0.,-0.));
#2182 = DEFINITIONAL_REPRESENTATION('',(#2183),#2187);
#2183 = LINE('',#2184,#2185);
#2184 = CARTESIAN_POINT('',(0.,0.5));
#2185 = VECTOR('',#2186,1.);
#2186 = DIRECTION('',(1.,0.));
#2187 = ( GEOMETRIC_REPRESENTATION_CONTEXT(2) 
PARAMETRIC_REPRESENTATION_CONTEXT() REPRESENTATION_CONTEXT('2D SPACE',''
  ) );
#2188 = FACE_BOUND('',#2189,.T.);
#2189 = EDGE_LOOP('',(#2190,#2218,#2247,#2273));
#2190 = ORIENTED_EDGE('',*,*,#2191,.F.);
#2191 = EDGE_CURVE('',#2192,#2194,#2196,.T.);
#2192 = VERTEX_POINT('',#2193);
#2193 = CARTESIAN_POINT('',(97.475,94.8,3.));
#2194 = VERTEX_POINT('',#2195);
#2195 = CARTESIAN_POINT('',(92.475,94.8,3.));
#2196 = SURFACE_CURVE('',#2197,(#2201,#2207),.PCURVE_S1.);
#2197 = LINE('',#2198,#2199);
#2198 = CARTESIAN_POINT('',(43.2375,94.8,3.));
#2199 = VECTOR('',#2200,1.);
#2200 = DIRECTION('',(-1.,0.,0.));
#2201 = PCURVE('',#291,#2202);
#2202 = DEFINITIONAL_REPRESENTATION('',(#2203),#2206);
#2203 = B_SPLINE_CURVE_WITH_KNOTS('',1,(#2204,#2205),.UNSPECIFIED.,.F.,
  .F.,(2,2),(-54.2375,-49.2375),.PIECEWISE_BEZIER_KNOTS.);
#2204 = CARTESIAN_POINT('',(18.,45.8));
#2205 = CARTESIAN_POINT('',(13.,45.8));
#2206 = ( GEOMETRIC_REPRESENTATION_CONTEXT(2) 
PARAMETRIC_REPRESENTATION_CONTEXT() REPRESENTATION_CONTEXT('2D SPACE',''
  ) );
#2207 = PCURVE('',#2208,#2213);
#2208 = PLANE('',#2209);
#2209 = AXIS2_PLACEMENT_3D('',#2210,#2211,#2212);
#2210 = CARTESIAN_POINT('',(7.,94.8,2.5));
#2211 = DIRECTION('',(0.,1.,0.));
#2212 = DIRECTION('',(1.,0.,0.));
#2213 = DEFINITIONAL_REPRESENTATION('',(#2214),#2217);
#2214 = B_SPLINE_CURVE_WITH_KNOTS('',1,(#2215,#2216),.UNSPECIFIED.,.F.,
  .F.,(2,2),(-54.2375,-49.2375),.PIECEWISE_BEZIER_KNOTS.);
#2215 = CARTESIAN_POINT('',(90.475,-0.5));
#2216 = CARTESIAN_POINT('',(85.475,-0.5));
#2217 = ( GEOMETRIC_REPRESENTATION_CONTEXT(2) 
PARAMETRIC_REPRESENTATION_CONTEXT() REPRESENTATION_CONTEXT('2D SPACE',''
  ) );
#2218 = ORIENTED_EDGE('',*,*,#2219,.T.);
#2219 = EDGE_CURVE('',#2192,#2220,#2222,.T.);
#2220 = VERTEX_POINT('',#2221);
#2221 = CARTESIAN_POINT('',(96.675,93.2,3.));
#2222 = SURFACE_CURVE('',#2223,(#2228,#2235),.PCURVE_S1.);
#2223 = CIRCLE('',#2224,5.);
#2224 = AXIS2_PLACEMENT_3D('',#2225,#2226,#2227);
#2225 = CARTESIAN_POINT('',(101.475,91.8,3.));
#2226 = DIRECTION('',(0.,0.,1.));
#2227 = DIRECTION('',(1.,0.,-0.));
#2228 = PCURVE('',#291,#2229);
#2229 = DEFINITIONAL_REPRESENTATION('',(#2230),#2234);
#2230 = CIRCLE('',#2231,5.);
#2231 = AXIS2_PLACEMENT_2D('',#2232,#2233);
#2232 = CARTESIAN_POINT('',(22.,42.8));
#2233 = DIRECTION('',(1.,0.));
#2234 = ( GEOMETRIC_REPRESENTATION_CONTEXT(2) 
PARAMETRIC_REPRESENTATION_CONTEXT() REPRESENTATION_CONTEXT('2D SPACE',''
  ) );
#2235 = PCURVE('',#2236,#2241);
#2236 = CYLINDRICAL_SURFACE('',#2237,5.);
#2237 = AXIS2_PLACEMENT_3D('',#2238,#2239,#2240);
#2238 = CARTESIAN_POINT('',(101.475,91.8,0.));
#2239 = DIRECTION('',(0.,0.,1.));
#2240 = DIRECTION('',(1.,0.,-0.));
#2241 = DEFINITIONAL_REPRESENTATION('',(#2242),#2246);
#2242 = LINE('',#2243,#2244);
#2243 = CARTESIAN_POINT('',(0.,3.));
#2244 = VECTOR('',#2245,1.);
#2245 = DIRECTION('',(1.,0.));
#2246 = ( GEOMETRIC_REPRESENTATION_CONTEXT(2) 
PARAMETRIC_REPRESENTATION_CONTEXT() REPRESENTATION_CONTEXT('2D SPACE',''
  ) );
#2247 = ORIENTED_EDGE('',*,*,#2248,.T.);
#2248 = EDGE_CURVE('',#2220,#2249,#2251,.T.);
#2249 = VERTEX_POINT('',#2250);
#2250 = CARTESIAN_POINT('',(92.475,93.2,3.));
#2251 = SURFACE_CURVE('',#2252,(#2256,#2262),.PCURVE_S1.);
#2252 = LINE('',#2253,#2254);
#2253 = CARTESIAN_POINT('',(43.2375,93.2,3.));
#2254 = VECTOR('',#2255,1.);
#2255 = DIRECTION('',(-1.,0.,0.));
#2256 = PCURVE('',#291,#2257);
#2257 = DEFINITIONAL_REPRESENTATION('',(#2258),#2261);
#2258 = B_SPLINE_CURVE_WITH_KNOTS('',1,(#2259,#2260),.UNSPECIFIED.,.F.,
  .F.,(2,2),(-53.4375,-49.2375),.PIECEWISE_BEZIER_KNOTS.);
#2259 = CARTESIAN_POINT('',(17.2,44.2));
#2260 = CARTESIAN_POINT('',(13.,44.2));
#2261 = ( GEOMETRIC_REPRESENTATION_CONTEXT(2) 
PARAMETRIC_REPRESENTATION_CONTEXT() REPRESENTATION_CONTEXT('2D SPACE',''
  ) );
#2262 = PCURVE('',#2263,#2268);
#2263 = PLANE('',#2264);
#2264 = AXIS2_PLACEMENT_3D('',#2265,#2266,#2267);
#2265 = CARTESIAN_POINT('',(7.,93.2,2.5));
#2266 = DIRECTION('',(0.,1.,0.));
#2267 = DIRECTION('',(1.,0.,0.));
#2268 = DEFINITIONAL_REPRESENTATION('',(#2269),#2272);
#2269 = B_SPLINE_CURVE_WITH_KNOTS('',1,(#2270,#2271),.UNSPECIFIED.,.F.,
  .F.,(2,2),(-53.4375,-49.2375),.PIECEWISE_BEZIER_KNOTS.);
#2270 = CARTESIAN_POINT('',(89.675,-0.5));
#2271 = CARTESIAN_POINT('',(85.475,-0.5));
#2272 = ( GEOMETRIC_REPRESENTATION_CONTEXT(2) 
PARAMETRIC_REPRESENTATION_CONTEXT() REPRESENTATION_CONTEXT('2D SPACE',''
  ) );
#2273 = ORIENTED_EDGE('',*,*,#2274,.T.);
#2274 = EDGE_CURVE('',#2249,#2194,#2275,.T.);
#2275 = SURFACE_CURVE('',#2276,(#2280,#2286),.PCURVE_S1.);
#2276 = LINE('',#2277,#2278);
#2277 = CARTESIAN_POINT('',(92.475,67.5,3.));
#2278 = VECTOR('',#2279,1.);
#2279 = DIRECTION('',(-0.,1.,0.));
#2280 = PCURVE('',#291,#2281);
#2281 = DEFINITIONAL_REPRESENTATION('',(#2282),#2285);
#2282 = B_SPLINE_CURVE_WITH_KNOTS('',1,(#2283,#2284),.UNSPECIFIED.,.F.,
  .F.,(2,2),(25.7,27.3),.PIECEWISE_BEZIER_KNOTS.);
#2283 = CARTESIAN_POINT('',(13.,44.2));
#2284 = CARTESIAN_POINT('',(13.,45.8));
#2285 = ( GEOMETRIC_REPRESENTATION_CONTEXT(2) 
PARAMETRIC_REPRESENTATION_CONTEXT() REPRESENTATION_CONTEXT('2D SPACE',''
  ) );
#2286 = PCURVE('',#2287,#2292);
#2287 = PLANE('',#2288);
#2288 = AXIS2_PLACEMENT_3D('',#2289,#2290,#2291);
#2289 = CARTESIAN_POINT('',(92.475,86.,0.));
#2290 = DIRECTION('',(1.,0.,-0.));
#2291 = DIRECTION('',(0.,0.,1.));
#2292 = DEFINITIONAL_REPRESENTATION('',(#2293),#2296);
#2293 = B_SPLINE_CURVE_WITH_KNOTS('',1,(#2294,#2295),.UNSPECIFIED.,.F.,
  .F.,(2,2),(25.7,27.3),.PIECEWISE_BEZIER_KNOTS.);
#2294 = CARTESIAN_POINT('',(3.,-7.2));
#2295 = CARTESIAN_POINT('',(3.,-8.8));
#2296 = ( GEOMETRIC_REPRESENTATION_CONTEXT(2) 
PARAMETRIC_REPRESENTATION_CONTEXT() REPRESENTATION_CONTEXT('2D SPACE',''
  ) );
#2297 = FACE_BOUND('',#2298,.T.);
#2298 = EDGE_LOOP('',(#2299));
#2299 = ORIENTED_EDGE('',*,*,#2300,.F.);
#2300 = EDGE_CURVE('',#2301,#2301,#2303,.T.);
#2301 = VERTEX_POINT('',#2302);
#2302 = CARTESIAN_POINT('',(103.175,91.8,3.));
#2303 = SURFACE_CURVE('',#2304,(#2309,#2316),.PCURVE_S1.);
#2304 = CIRCLE('',#2305,1.7);
#2305 = AXIS2_PLACEMENT_3D('',#2306,#2307,#2308);
#2306 = CARTESIAN_POINT('',(101.475,91.8,3.));
#2307 = DIRECTION('',(0.,0.,1.));
#2308 = DIRECTION('',(1.,0.,-0.));
#2309 = PCURVE('',#291,#2310);
#2310 = DEFINITIONAL_REPRESENTATION('',(#2311),#2315);
#2311 = CIRCLE('',#2312,1.7);
#2312 = AXIS2_PLACEMENT_2D('',#2313,#2314);
#2313 = CARTESIAN_POINT('',(22.,42.8));
#2314 = DIRECTION('',(1.,0.));
#2315 = ( GEOMETRIC_REPRESENTATION_CONTEXT(2) 
PARAMETRIC_REPRESENTATION_CONTEXT() REPRESENTATION_CONTEXT('2D SPACE',''
  ) );
#2316 = PCURVE('',#2317,#2322);
#2317 = CYLINDRICAL_SURFACE('',#2318,1.7);
#2318 = AXIS2_PLACEMENT_3D('',#2319,#2320,#2321);
#2319 = CARTESIAN_POINT('',(101.475,91.8,-1.));
#2320 = DIRECTION('',(0.,0.,1.));
#2321 = DIRECTION('',(1.,0.,-0.));
#2322 = DEFINITIONAL_REPRESENTATION('',(#2323),#2327);
#2323 = LINE('',#2324,#2325);
#2324 = CARTESIAN_POINT('',(0.,4.));
#2325 = VECTOR('',#2326,1.);
#2326 = DIRECTION('',(1.,0.));
#2327 = ( GEOMETRIC_REPRESENTATION_CONTEXT(2) 
PARAMETRIC_REPRESENTATION_CONTEXT() REPRESENTATION_CONTEXT('2D SPACE',''
  ) );
#2328 = FACE_BOUND('',#2329,.T.);
#2329 = EDGE_LOOP('',(#2330,#2358,#2387,#2413));
#2330 = ORIENTED_EDGE('',*,*,#2331,.F.);
#2331 = EDGE_CURVE('',#2332,#2334,#2336,.T.);
#2332 = VERTEX_POINT('',#2333);
#2333 = CARTESIAN_POINT('',(148.75,94.8,3.));
#2334 = VERTEX_POINT('',#2335);
#2335 = CARTESIAN_POINT('',(105.475,94.8,3.));
#2336 = SURFACE_CURVE('',#2337,(#2341,#2347),.PCURVE_S1.);
#2337 = LINE('',#2338,#2339);
#2338 = CARTESIAN_POINT('',(43.2375,94.8,3.));
#2339 = VECTOR('',#2340,1.);
#2340 = DIRECTION('',(-1.,0.,0.));
#2341 = PCURVE('',#291,#2342);
#2342 = DEFINITIONAL_REPRESENTATION('',(#2343),#2346);
#2343 = B_SPLINE_CURVE_WITH_KNOTS('',1,(#2344,#2345),.UNSPECIFIED.,.F.,
  .F.,(2,2),(-105.5125,-62.2375),.PIECEWISE_BEZIER_KNOTS.);
#2344 = CARTESIAN_POINT('',(69.275,45.8));
#2345 = CARTESIAN_POINT('',(26.,45.8));
#2346 = ( GEOMETRIC_REPRESENTATION_CONTEXT(2) 
PARAMETRIC_REPRESENTATION_CONTEXT() REPRESENTATION_CONTEXT('2D SPACE',''
  ) );
#2347 = PCURVE('',#2348,#2353);
#2348 = PLANE('',#2349);
#2349 = AXIS2_PLACEMENT_3D('',#2350,#2351,#2352);
#2350 = CARTESIAN_POINT('',(7.,94.8,2.5));
#2351 = DIRECTION('',(0.,1.,0.));
#2352 = DIRECTION('',(1.,0.,0.));
#2353 = DEFINITIONAL_REPRESENTATION('',(#2354),#2357);
#2354 = B_SPLINE_CURVE_WITH_KNOTS('',1,(#2355,#2356),.UNSPECIFIED.,.F.,
  .F.,(2,2),(-105.5125,-62.2375),.PIECEWISE_BEZIER_KNOTS.);
#2355 = CARTESIAN_POINT('',(141.75,-0.5));
#2356 = CARTESIAN_POINT('',(98.475,-0.5));
#2357 = ( GEOMETRIC_REPRESENTATION_CONTEXT(2) 
PARAMETRIC_REPRESENTATION_CONTEXT() REPRESENTATION_CONTEXT('2D SPACE',''
  ) );
#2358 = ORIENTED_EDGE('',*,*,#2359,.T.);
#2359 = EDGE_CURVE('',#2332,#2360,#2362,.T.);
#2360 = VERTEX_POINT('',#2361);
#2361 = CARTESIAN_POINT('',(147.95,93.2,3.));
#2362 = SURFACE_CURVE('',#2363,(#2368,#2375),.PCURVE_S1.);
#2363 = CIRCLE('',#2364,5.);
#2364 = AXIS2_PLACEMENT_3D('',#2365,#2366,#2367);
#2365 = CARTESIAN_POINT('',(152.75,91.8,3.));
#2366 = DIRECTION('',(0.,0.,1.));
#2367 = DIRECTION('',(1.,0.,-0.));
#2368 = PCURVE('',#291,#2369);
#2369 = DEFINITIONAL_REPRESENTATION('',(#2370),#2374);
#2370 = CIRCLE('',#2371,5.);
#2371 = AXIS2_PLACEMENT_2D('',#2372,#2373);
#2372 = CARTESIAN_POINT('',(73.275,42.8));
#2373 = DIRECTION('',(1.,0.));
#2374 = ( GEOMETRIC_REPRESENTATION_CONTEXT(2) 
PARAMETRIC_REPRESENTATION_CONTEXT() REPRESENTATION_CONTEXT('2D SPACE',''
  ) );
#2375 = PCURVE('',#2376,#2381);
#2376 = CYLINDRICAL_SURFACE('',#2377,5.);
#2377 = AXIS2_PLACEMENT_3D('',#2378,#2379,#2380);
#2378 = CARTESIAN_POINT('',(152.75,91.8,0.));
#2379 = DIRECTION('',(0.,0.,1.));
#2380 = DIRECTION('',(1.,0.,-0.));
#2381 = DEFINITIONAL_REPRESENTATION('',(#2382),#2386);
#2382 = LINE('',#2383,#2384);
#2383 = CARTESIAN_POINT('',(0.,3.));
#2384 = VECTOR('',#2385,1.);
#2385 = DIRECTION('',(1.,0.));
#2386 = ( GEOMETRIC_REPRESENTATION_CONTEXT(2) 
PARAMETRIC_REPRESENTATION_CONTEXT() REPRESENTATION_CONTEXT('2D SPACE',''
  ) );
#2387 = ORIENTED_EDGE('',*,*,#2388,.T.);
#2388 = EDGE_CURVE('',#2360,#2389,#2391,.T.);
#2389 = VERTEX_POINT('',#2390);
#2390 = CARTESIAN_POINT('',(106.275,93.2,3.));
#2391 = SURFACE_CURVE('',#2392,(#2396,#2402),.PCURVE_S1.);
#2392 = LINE('',#2393,#2394);
#2393 = CARTESIAN_POINT('',(43.2375,93.2,3.));
#2394 = VECTOR('',#2395,1.);
#2395 = DIRECTION('',(-1.,0.,0.));
#2396 = PCURVE('',#291,#2397);
#2397 = DEFINITIONAL_REPRESENTATION('',(#2398),#2401);
#2398 = B_SPLINE_CURVE_WITH_KNOTS('',1,(#2399,#2400),.UNSPECIFIED.,.F.,
  .F.,(2,2),(-104.7125,-63.0375),.PIECEWISE_BEZIER_KNOTS.);
#2399 = CARTESIAN_POINT('',(68.475,44.2));
#2400 = CARTESIAN_POINT('',(26.8,44.2));
#2401 = ( GEOMETRIC_REPRESENTATION_CONTEXT(2) 
PARAMETRIC_REPRESENTATION_CONTEXT() REPRESENTATION_CONTEXT('2D SPACE',''
  ) );
#2402 = PCURVE('',#2403,#2408);
#2403 = PLANE('',#2404);
#2404 = AXIS2_PLACEMENT_3D('',#2405,#2406,#2407);
#2405 = CARTESIAN_POINT('',(7.,93.2,2.5));
#2406 = DIRECTION('',(0.,1.,0.));
#2407 = DIRECTION('',(1.,0.,0.));
#2408 = DEFINITIONAL_REPRESENTATION('',(#2409),#2412);
#2409 = B_SPLINE_CURVE_WITH_KNOTS('',1,(#2410,#2411),.UNSPECIFIED.,.F.,
  .F.,(2,2),(-104.7125,-63.0375),.PIECEWISE_BEZIER_KNOTS.);
#2410 = CARTESIAN_POINT('',(140.95,-0.5));
#2411 = CARTESIAN_POINT('',(99.275,-0.5));
#2412 = ( GEOMETRIC_REPRESENTATION_CONTEXT(2) 
PARAMETRIC_REPRESENTATION_CONTEXT() REPRESENTATION_CONTEXT('2D SPACE',''
  ) );
#2413 = ORIENTED_EDGE('',*,*,#2414,.T.);
#2414 = EDGE_CURVE('',#2389,#2334,#2415,.T.);
#2415 = SURFACE_CURVE('',#2416,(#2421,#2428),.PCURVE_S1.);
#2416 = CIRCLE('',#2417,5.);
#2417 = AXIS2_PLACEMENT_3D('',#2418,#2419,#2420);
#2418 = CARTESIAN_POINT('',(101.475,91.8,3.));
#2419 = DIRECTION('',(0.,0.,1.));
#2420 = DIRECTION('',(1.,0.,-0.));
#2421 = PCURVE('',#291,#2422);
#2422 = DEFINITIONAL_REPRESENTATION('',(#2423),#2427);
#2423 = CIRCLE('',#2424,5.);
#2424 = AXIS2_PLACEMENT_2D('',#2425,#2426);
#2425 = CARTESIAN_POINT('',(22.,42.8));
#2426 = DIRECTION('',(1.,0.));
#2427 = ( GEOMETRIC_REPRESENTATION_CONTEXT(2) 
PARAMETRIC_REPRESENTATION_CONTEXT() REPRESENTATION_CONTEXT('2D SPACE',''
  ) );
#2428 = PCURVE('',#2429,#2434);
#2429 = CYLINDRICAL_SURFACE('',#2430,5.);
#2430 = AXIS2_PLACEMENT_3D('',#2431,#2432,#2433);
#2431 = CARTESIAN_POINT('',(101.475,91.8,0.));
#2432 = DIRECTION('',(0.,0.,1.));
#2433 = DIRECTION('',(1.,0.,-0.));
#2434 = DEFINITIONAL_REPRESENTATION('',(#2435),#2439);
#2435 = LINE('',#2436,#2437);
#2436 = CARTESIAN_POINT('',(0.,3.));
#2437 = VECTOR('',#2438,1.);
#2438 = DIRECTION('',(1.,0.));
#2439 = ( GEOMETRIC_REPRESENTATION_CONTEXT(2) 
PARAMETRIC_REPRESENTATION_CONTEXT() REPRESENTATION_CONTEXT('2D SPACE',''
  ) );
#2440 = FACE_BOUND('',#2441,.T.);
#2441 = EDGE_LOOP('',(#2442));
#2442 = ORIENTED_EDGE('',*,*,#2443,.F.);
#2443 = EDGE_CURVE('',#2444,#2444,#2446,.T.);
#2444 = VERTEX_POINT('',#2445);
#2445 = CARTESIAN_POINT('',(154.45,91.8,3.));
#2446 = SURFACE_CURVE('',#2447,(#2452,#2459),.PCURVE_S1.);
#2447 = CIRCLE('',#2448,1.7);
#2448 = AXIS2_PLACEMENT_3D('',#2449,#2450,#2451);
#2449 = CARTESIAN_POINT('',(152.75,91.8,3.));
#2450 = DIRECTION('',(0.,0.,1.));
#2451 = DIRECTION('',(1.,0.,-0.));
#2452 = PCURVE('',#291,#2453);
#2453 = DEFINITIONAL_REPRESENTATION('',(#2454),#2458);
#2454 = CIRCLE('',#2455,1.7);
#2455 = AXIS2_PLACEMENT_2D('',#2456,#2457);
#2456 = CARTESIAN_POINT('',(73.275,42.8));
#2457 = DIRECTION('',(1.,0.));
#2458 = ( GEOMETRIC_REPRESENTATION_CONTEXT(2) 
PARAMETRIC_REPRESENTATION_CONTEXT() REPRESENTATION_CONTEXT('2D SPACE',''
  ) );
#2459 = PCURVE('',#2460,#2465);
#2460 = CYLINDRICAL_SURFACE('',#2461,1.7);
#2461 = AXIS2_PLACEMENT_3D('',#2462,#2463,#2464);
#2462 = CARTESIAN_POINT('',(152.75,91.8,-1.));
#2463 = DIRECTION('',(0.,0.,1.));
#2464 = DIRECTION('',(1.,0.,-0.));
#2465 = DEFINITIONAL_REPRESENTATION('',(#2466),#2470);
#2466 = LINE('',#2467,#2468);
#2467 = CARTESIAN_POINT('',(0.,4.));
#2468 = VECTOR('',#2469,1.);
#2469 = DIRECTION('',(1.,0.));
#2470 = ( GEOMETRIC_REPRESENTATION_CONTEXT(2) 
PARAMETRIC_REPRESENTATION_CONTEXT() REPRESENTATION_CONTEXT('2D SPACE',''
  ) );
#2471 = ADVANCED_FACE('',(#2472),#266,.T.);
#2472 = FACE_BOUND('',#2473,.F.);
#2473 = EDGE_LOOP('',(#2474,#2475,#2476,#2495));
#2474 = ORIENTED_EDGE('',*,*,#251,.F.);
#2475 = ORIENTED_EDGE('',*,*,#413,.T.);
#2476 = ORIENTED_EDGE('',*,*,#2477,.T.);
#2477 = EDGE_CURVE('',#386,#771,#2478,.T.);
#2478 = SURFACE_CURVE('',#2479,(#2483,#2489),.PCURVE_S1.);
#2479 = LINE('',#2480,#2481);
#2480 = CARTESIAN_POINT('',(7.,98.,2.5));
#2481 = VECTOR('',#2482,1.);
#2482 = DIRECTION('',(4.329780281177E-17,-0.707106781187,0.707106781187)
  );
#2483 = PCURVE('',#266,#2484);
#2484 = DEFINITIONAL_REPRESENTATION('',(#2485),#2488);
#2485 = B_SPLINE_CURVE_WITH_KNOTS('',1,(#2486,#2487),.UNSPECIFIED.,.F.,
  .F.,(2,2),(0.,0.707106781187),.PIECEWISE_BEZIER_KNOTS.);
#2486 = CARTESIAN_POINT('',(1.570796326795,0.));
#2487 = CARTESIAN_POINT('',(1.570796326795,-0.5));
#2488 = ( GEOMETRIC_REPRESENTATION_CONTEXT(2) 
PARAMETRIC_REPRESENTATION_CONTEXT() REPRESENTATION_CONTEXT('2D SPACE',''
  ) );
#2489 = PCURVE('',#786,#2490);
#2490 = DEFINITIONAL_REPRESENTATION('',(#2491),#2494);
#2491 = B_SPLINE_CURVE_WITH_KNOTS('',1,(#2492,#2493),.UNSPECIFIED.,.F.,
  .F.,(2,2),(0.,0.707106781187),.PIECEWISE_BEZIER_KNOTS.);
#2492 = CARTESIAN_POINT('',(0.,-0.353553390593));
#2493 = CARTESIAN_POINT('',(0.,0.353553390593));
#2494 = ( GEOMETRIC_REPRESENTATION_CONTEXT(2) 
PARAMETRIC_REPRESENTATION_CONTEXT() REPRESENTATION_CONTEXT('2D SPACE',''
  ) );
#2495 = ORIENTED_EDGE('',*,*,#798,.F.);
#2496 = ADVANCED_FACE('',(#2497,#2672,#2703,#2734,#2765,#2796,#2827,
    #2858,#2889,#2920,#2951,#2982,#3013),#368,.F.);
#2497 = FACE_BOUND('',#2498,.F.);
#2498 = EDGE_LOOP('',(#2499,#2500,#2501,#2524,#2557,#2585,#2618,#2646));
#2499 = ORIENTED_EDGE('',*,*,#354,.F.);
#2500 = ORIENTED_EDGE('',*,*,#546,.F.);
#2501 = ORIENTED_EDGE('',*,*,#2502,.F.);
#2502 = EDGE_CURVE('',#2503,#519,#2505,.T.);
#2503 = VERTEX_POINT('',#2504);
#2504 = CARTESIAN_POINT('',(151.95,0.8,5.662137425588E-15));
#2505 = SURFACE_CURVE('',#2506,(#2510,#2517),.PCURVE_S1.);
#2506 = LINE('',#2507,#2508);
#2507 = CARTESIAN_POINT('',(151.95,0.8,0.));
#2508 = VECTOR('',#2509,1.);
#2509 = DIRECTION('',(-1.,-0.,-0.));
#2510 = PCURVE('',#368,#2511);
#2511 = DEFINITIONAL_REPRESENTATION('',(#2512),#2516);
#2512 = LINE('',#2513,#2514);
#2513 = CARTESIAN_POINT('',(72.475,-48.2));
#2514 = VECTOR('',#2515,1.);
#2515 = DIRECTION('',(-1.,0.));
#2516 = ( GEOMETRIC_REPRESENTATION_CONTEXT(2) 
PARAMETRIC_REPRESENTATION_CONTEXT() REPRESENTATION_CONTEXT('2D SPACE',''
  ) );
#2517 = PCURVE('',#533,#2518);
#2518 = DEFINITIONAL_REPRESENTATION('',(#2519),#2523);
#2519 = LINE('',#2520,#2521);
#2520 = CARTESIAN_POINT('',(0.,0.565685424949));
#2521 = VECTOR('',#2522,1.);
#2522 = DIRECTION('',(1.,0.));
#2523 = ( GEOMETRIC_REPRESENTATION_CONTEXT(2) 
PARAMETRIC_REPRESENTATION_CONTEXT() REPRESENTATION_CONTEXT('2D SPACE',''
  ) );
#2524 = ORIENTED_EDGE('',*,*,#2525,.F.);
#2525 = EDGE_CURVE('',#2526,#2503,#2528,.T.);
#2526 = VERTEX_POINT('',#2527);
#2527 = CARTESIAN_POINT('',(158.15,7.,-6.439293542826E-15));
#2528 = SURFACE_CURVE('',#2529,(#2534,#2545),.PCURVE_S1.);
#2529 = CIRCLE('',#2530,6.2);
#2530 = AXIS2_PLACEMENT_3D('',#2531,#2532,#2533);
#2531 = CARTESIAN_POINT('',(151.95,7.,0.));
#2532 = DIRECTION('',(0.,-0.,-1.));
#2533 = DIRECTION('',(1.,0.,-0.));
#2534 = PCURVE('',#368,#2535);
#2535 = DEFINITIONAL_REPRESENTATION('',(#2536),#2544);
#2536 = ( BOUNDED_CURVE() B_SPLINE_CURVE(2,(#2537,#2538,#2539,#2540,
#2541,#2542,#2543),.UNSPECIFIED.,.T.,.F.) B_SPLINE_CURVE_WITH_KNOTS((1,2
    ,2,2,2,1),(-2.094395102393,0.,2.094395102393,4.188790204786,
6.28318530718,8.377580409573),.UNSPECIFIED.) CURVE() 
GEOMETRIC_REPRESENTATION_ITEM() RATIONAL_B_SPLINE_CURVE((1.,0.5,1.,0.5,
1.,0.5,1.)) REPRESENTATION_ITEM('') );
#2537 = CARTESIAN_POINT('',(78.675,-42.));
#2538 = CARTESIAN_POINT('',(78.675,-52.73871500692));
#2539 = CARTESIAN_POINT('',(69.375,-47.36935750346));
#2540 = CARTESIAN_POINT('',(60.075,-42.));
#2541 = CARTESIAN_POINT('',(69.375,-36.63064249653));
#2542 = CARTESIAN_POINT('',(78.675,-31.26128499307));
#2543 = CARTESIAN_POINT('',(78.675,-42.));
#2544 = ( GEOMETRIC_REPRESENTATION_CONTEXT(2) 
PARAMETRIC_REPRESENTATION_CONTEXT() REPRESENTATION_CONTEXT('2D SPACE',''
  ) );
#2545 = PCURVE('',#2546,#2551);
#2546 = CONICAL_SURFACE('',#2547,7.,0.785398163397);
#2547 = AXIS2_PLACEMENT_3D('',#2548,#2549,#2550);
#2548 = CARTESIAN_POINT('',(151.95,7.,0.8));
#2549 = DIRECTION('',(0.,0.,1.));
#2550 = DIRECTION('',(1.,0.,-0.));
#2551 = DEFINITIONAL_REPRESENTATION('',(#2552),#2556);
#2552 = LINE('',#2553,#2554);
#2553 = CARTESIAN_POINT('',(-0.,-0.8));
#2554 = VECTOR('',#2555,1.);
#2555 = DIRECTION('',(-1.,-0.));
#2556 = ( GEOMETRIC_REPRESENTATION_CONTEXT(2) 
PARAMETRIC_REPRESENTATION_CONTEXT() REPRESENTATION_CONTEXT('2D SPACE',''
  ) );
#2557 = ORIENTED_EDGE('',*,*,#2558,.F.);
#2558 = EDGE_CURVE('',#2559,#2526,#2561,.T.);
#2559 = VERTEX_POINT('',#2560);
#2560 = CARTESIAN_POINT('',(158.15,91.,5.662137425588E-15));
#2561 = SURFACE_CURVE('',#2562,(#2566,#2573),.PCURVE_S1.);
#2562 = LINE('',#2563,#2564);
#2563 = CARTESIAN_POINT('',(158.15,91.,0.));
#2564 = VECTOR('',#2565,1.);
#2565 = DIRECTION('',(-0.,-1.,-0.));
#2566 = PCURVE('',#368,#2567);
#2567 = DEFINITIONAL_REPRESENTATION('',(#2568),#2572);
#2568 = LINE('',#2569,#2570);
#2569 = CARTESIAN_POINT('',(78.675,42.));
#2570 = VECTOR('',#2571,1.);
#2571 = DIRECTION('',(0.,-1.));
#2572 = ( GEOMETRIC_REPRESENTATION_CONTEXT(2) 
PARAMETRIC_REPRESENTATION_CONTEXT() REPRESENTATION_CONTEXT('2D SPACE',''
  ) );
#2573 = PCURVE('',#2574,#2579);
#2574 = PLANE('',#2575);
#2575 = AXIS2_PLACEMENT_3D('',#2576,#2577,#2578);
#2576 = CARTESIAN_POINT('',(158.55,91.,0.4));
#2577 = DIRECTION('',(0.707106781187,0.,-0.707106781187));
#2578 = DIRECTION('',(0.,-1.,-0.));
#2579 = DEFINITIONAL_REPRESENTATION('',(#2580),#2584);
#2580 = LINE('',#2581,#2582);
#2581 = CARTESIAN_POINT('',(0.,0.565685424949));
#2582 = VECTOR('',#2583,1.);
#2583 = DIRECTION('',(1.,0.));
#2584 = ( GEOMETRIC_REPRESENTATION_CONTEXT(2) 
PARAMETRIC_REPRESENTATION_CONTEXT() REPRESENTATION_CONTEXT('2D SPACE',''
  ) );
#2585 = ORIENTED_EDGE('',*,*,#2586,.F.);
#2586 = EDGE_CURVE('',#2587,#2559,#2589,.T.);
#2587 = VERTEX_POINT('',#2588);
#2588 = CARTESIAN_POINT('',(151.95,97.2,9.436895709314E-15));
#2589 = SURFACE_CURVE('',#2590,(#2595,#2606),.PCURVE_S1.);
#2590 = CIRCLE('',#2591,6.2);
#2591 = AXIS2_PLACEMENT_3D('',#2592,#2593,#2594);
#2592 = CARTESIAN_POINT('',(151.95,91.,0.));
#2593 = DIRECTION('',(0.,-0.,-1.));
#2594 = DIRECTION('',(0.,1.,-0.));
#2595 = PCURVE('',#368,#2596);
#2596 = DEFINITIONAL_REPRESENTATION('',(#2597),#2605);
#2597 = ( BOUNDED_CURVE() B_SPLINE_CURVE(2,(#2598,#2599,#2600,#2601,
#2602,#2603,#2604),.UNSPECIFIED.,.T.,.F.) B_SPLINE_CURVE_WITH_KNOTS((1,2
    ,2,2,2,1),(-2.094395102393,0.,2.094395102393,4.188790204786,
6.28318530718,8.377580409573),.UNSPECIFIED.) CURVE() 
GEOMETRIC_REPRESENTATION_ITEM() RATIONAL_B_SPLINE_CURVE((1.,0.5,1.,0.5,
1.,0.5,1.)) REPRESENTATION_ITEM('') );
#2598 = CARTESIAN_POINT('',(72.475,48.2));
#2599 = CARTESIAN_POINT('',(83.213715006927,48.2));
#2600 = CARTESIAN_POINT('',(77.844357503464,38.9));
#2601 = CARTESIAN_POINT('',(72.475,29.6));
#2602 = CARTESIAN_POINT('',(67.105642496536,38.9));
#2603 = CARTESIAN_POINT('',(61.736284993073,48.2));
#2604 = CARTESIAN_POINT('',(72.475,48.2));
#2605 = ( GEOMETRIC_REPRESENTATION_CONTEXT(2) 
PARAMETRIC_REPRESENTATION_CONTEXT() REPRESENTATION_CONTEXT('2D SPACE',''
  ) );
#2606 = PCURVE('',#2607,#2612);
#2607 = CONICAL_SURFACE('',#2608,7.,0.785398163397);
#2608 = AXIS2_PLACEMENT_3D('',#2609,#2610,#2611);
#2609 = CARTESIAN_POINT('',(151.95,91.,0.8));
#2610 = DIRECTION('',(0.,0.,1.));
#2611 = DIRECTION('',(0.,1.,0.));
#2612 = DEFINITIONAL_REPRESENTATION('',(#2613),#2617);
#2613 = LINE('',#2614,#2615);
#2614 = CARTESIAN_POINT('',(-0.,-0.8));
#2615 = VECTOR('',#2616,1.);
#2616 = DIRECTION('',(-1.,-0.));
#2617 = ( GEOMETRIC_REPRESENTATION_CONTEXT(2) 
PARAMETRIC_REPRESENTATION_CONTEXT() REPRESENTATION_CONTEXT('2D SPACE',''
  ) );
#2618 = ORIENTED_EDGE('',*,*,#2619,.F.);
#2619 = EDGE_CURVE('',#2620,#2587,#2622,.T.);
#2620 = VERTEX_POINT('',#2621);
#2621 = CARTESIAN_POINT('',(7.,97.2,-1.110223024625E-16));
#2622 = SURFACE_CURVE('',#2623,(#2627,#2634),.PCURVE_S1.);
#2623 = LINE('',#2624,#2625);
#2624 = CARTESIAN_POINT('',(7.,97.2,0.));
#2625 = VECTOR('',#2626,1.);
#2626 = DIRECTION('',(1.,0.,0.));
#2627 = PCURVE('',#368,#2628);
#2628 = DEFINITIONAL_REPRESENTATION('',(#2629),#2633);
#2629 = LINE('',#2630,#2631);
#2630 = CARTESIAN_POINT('',(-72.475,48.2));
#2631 = VECTOR('',#2632,1.);
#2632 = DIRECTION('',(1.,0.));
#2633 = ( GEOMETRIC_REPRESENTATION_CONTEXT(2) 
PARAMETRIC_REPRESENTATION_CONTEXT() REPRESENTATION_CONTEXT('2D SPACE',''
  ) );
#2634 = PCURVE('',#2635,#2640);
#2635 = PLANE('',#2636);
#2636 = AXIS2_PLACEMENT_3D('',#2637,#2638,#2639);
#2637 = CARTESIAN_POINT('',(7.,97.6,0.4));
#2638 = DIRECTION('',(6.983161618628E-18,-0.707106781187,0.707106781187)
  );
#2639 = DIRECTION('',(-1.,-4.937840934654E-18,4.937840934654E-18));
#2640 = DEFINITIONAL_REPRESENTATION('',(#2641),#2645);
#2641 = LINE('',#2642,#2643);
#2642 = CARTESIAN_POINT('',(-0.,0.565685424949));
#2643 = VECTOR('',#2644,1.);
#2644 = DIRECTION('',(-1.,0.));
#2645 = ( GEOMETRIC_REPRESENTATION_CONTEXT(2) 
PARAMETRIC_REPRESENTATION_CONTEXT() REPRESENTATION_CONTEXT('2D SPACE',''
  ) );
#2646 = ORIENTED_EDGE('',*,*,#2647,.F.);
#2647 = EDGE_CURVE('',#329,#2620,#2648,.T.);
#2648 = SURFACE_CURVE('',#2649,(#2654,#2665),.PCURVE_S1.);
#2649 = CIRCLE('',#2650,6.2);
#2650 = AXIS2_PLACEMENT_3D('',#2651,#2652,#2653);
#2651 = CARTESIAN_POINT('',(7.,91.,0.));
#2652 = DIRECTION('',(-0.,0.,-1.));
#2653 = DIRECTION('',(-1.,0.,0.));
#2654 = PCURVE('',#368,#2655);
#2655 = DEFINITIONAL_REPRESENTATION('',(#2656),#2664);
#2656 = ( BOUNDED_CURVE() B_SPLINE_CURVE(2,(#2657,#2658,#2659,#2660,
#2661,#2662,#2663),.UNSPECIFIED.,.T.,.F.) B_SPLINE_CURVE_WITH_KNOTS((1,2
    ,2,2,2,1),(-2.094395102393,0.,2.094395102393,4.188790204786,
6.28318530718,8.377580409573),.UNSPECIFIED.) CURVE() 
GEOMETRIC_REPRESENTATION_ITEM() RATIONAL_B_SPLINE_CURVE((1.,0.5,1.,0.5,
1.,0.5,1.)) REPRESENTATION_ITEM('') );
#2657 = CARTESIAN_POINT('',(-78.675,42.));
#2658 = CARTESIAN_POINT('',(-78.675,52.738715006927));
#2659 = CARTESIAN_POINT('',(-69.375,47.369357503464));
#2660 = CARTESIAN_POINT('',(-60.075,42.));
#2661 = CARTESIAN_POINT('',(-69.375,36.630642496536));
#2662 = CARTESIAN_POINT('',(-78.675,31.261284993073));
#2663 = CARTESIAN_POINT('',(-78.675,42.));
#2664 = ( GEOMETRIC_REPRESENTATION_CONTEXT(2) 
PARAMETRIC_REPRESENTATION_CONTEXT() REPRESENTATION_CONTEXT('2D SPACE',''
  ) );
#2665 = PCURVE('',#343,#2666);
#2666 = DEFINITIONAL_REPRESENTATION('',(#2667),#2671);
#2667 = LINE('',#2668,#2669);
#2668 = CARTESIAN_POINT('',(-0.,-0.8));
#2669 = VECTOR('',#2670,1.);
#2670 = DIRECTION('',(-1.,-0.));
#2671 = ( GEOMETRIC_REPRESENTATION_CONTEXT(2) 
PARAMETRIC_REPRESENTATION_CONTEXT() REPRESENTATION_CONTEXT('2D SPACE',''
  ) );
#2672 = FACE_BOUND('',#2673,.F.);
#2673 = EDGE_LOOP('',(#2674));
#2674 = ORIENTED_EDGE('',*,*,#2675,.F.);
#2675 = EDGE_CURVE('',#2676,#2676,#2678,.T.);
#2676 = VERTEX_POINT('',#2677);
#2677 = CARTESIAN_POINT('',(9.59,6.2,0.));
#2678 = SURFACE_CURVE('',#2679,(#2684,#2691),.PCURVE_S1.);
#2679 = CIRCLE('',#2680,3.39);
#2680 = AXIS2_PLACEMENT_3D('',#2681,#2682,#2683);
#2681 = CARTESIAN_POINT('',(6.2,6.2,0.));
#2682 = DIRECTION('',(0.,0.,1.));
#2683 = DIRECTION('',(1.,0.,-0.));
#2684 = PCURVE('',#368,#2685);
#2685 = DEFINITIONAL_REPRESENTATION('',(#2686),#2690);
#2686 = CIRCLE('',#2687,3.39);
#2687 = AXIS2_PLACEMENT_2D('',#2688,#2689);
#2688 = CARTESIAN_POINT('',(-73.275,-42.8));
#2689 = DIRECTION('',(1.,0.));
#2690 = ( GEOMETRIC_REPRESENTATION_CONTEXT(2) 
PARAMETRIC_REPRESENTATION_CONTEXT() REPRESENTATION_CONTEXT('2D SPACE',''
  ) );
#2691 = PCURVE('',#2692,#2697);
#2692 = CONICAL_SURFACE('',#2693,3.4,0.785398163397);
#2693 = AXIS2_PLACEMENT_3D('',#2694,#2695,#2696);
#2694 = CARTESIAN_POINT('',(6.2,6.2,-1.E-02));
#2695 = DIRECTION('',(-0.,-0.,-1.));
#2696 = DIRECTION('',(1.,0.,-0.));
#2697 = DEFINITIONAL_REPRESENTATION('',(#2698),#2702);
#2698 = LINE('',#2699,#2700);
#2699 = CARTESIAN_POINT('',(-0.,-1.E-02));
#2700 = VECTOR('',#2701,1.);
#2701 = DIRECTION('',(-1.,-0.));
#2702 = ( GEOMETRIC_REPRESENTATION_CONTEXT(2) 
PARAMETRIC_REPRESENTATION_CONTEXT() REPRESENTATION_CONTEXT('2D SPACE',''
  ) );
#2703 = FACE_BOUND('',#2704,.F.);
#2704 = EDGE_LOOP('',(#2705));
#2705 = ORIENTED_EDGE('',*,*,#2706,.F.);
#2706 = EDGE_CURVE('',#2707,#2707,#2709,.T.);
#2707 = VERTEX_POINT('',#2708);
#2708 = CARTESIAN_POINT('',(21.25,16.,0.));
#2709 = SURFACE_CURVE('',#2710,(#2715,#2722),.PCURVE_S1.);
#2710 = CIRCLE('',#2711,5.25);
#2711 = AXIS2_PLACEMENT_3D('',#2712,#2713,#2714);
#2712 = CARTESIAN_POINT('',(16.,16.,0.));
#2713 = DIRECTION('',(0.,0.,1.));
#2714 = DIRECTION('',(1.,0.,-0.));
#2715 = PCURVE('',#368,#2716);
#2716 = DEFINITIONAL_REPRESENTATION('',(#2717),#2721);
#2717 = CIRCLE('',#2718,5.25);
#2718 = AXIS2_PLACEMENT_2D('',#2719,#2720);
#2719 = CARTESIAN_POINT('',(-63.475,-33.));
#2720 = DIRECTION('',(1.,0.));
#2721 = ( GEOMETRIC_REPRESENTATION_CONTEXT(2) 
PARAMETRIC_REPRESENTATION_CONTEXT() REPRESENTATION_CONTEXT('2D SPACE',''
  ) );
#2722 = PCURVE('',#2723,#2728);
#2723 = CYLINDRICAL_SURFACE('',#2724,5.25);
#2724 = AXIS2_PLACEMENT_3D('',#2725,#2726,#2727);
#2725 = CARTESIAN_POINT('',(16.,16.,-0.1));
#2726 = DIRECTION('',(0.,0.,1.));
#2727 = DIRECTION('',(1.,0.,-0.));
#2728 = DEFINITIONAL_REPRESENTATION('',(#2729),#2733);
#2729 = LINE('',#2730,#2731);
#2730 = CARTESIAN_POINT('',(0.,0.1));
#2731 = VECTOR('',#2732,1.);
#2732 = DIRECTION('',(1.,0.));
#2733 = ( GEOMETRIC_REPRESENTATION_CONTEXT(2) 
PARAMETRIC_REPRESENTATION_CONTEXT() REPRESENTATION_CONTEXT('2D SPACE',''
  ) );
#2734 = FACE_BOUND('',#2735,.F.);
#2735 = EDGE_LOOP('',(#2736));
#2736 = ORIENTED_EDGE('',*,*,#2737,.F.);
#2737 = EDGE_CURVE('',#2738,#2738,#2740,.T.);
#2738 = VERTEX_POINT('',#2739);
#2739 = CARTESIAN_POINT('',(57.92,6.2,0.));
#2740 = SURFACE_CURVE('',#2741,(#2746,#2753),.PCURVE_S1.);
#2741 = CIRCLE('',#2742,3.39);
#2742 = AXIS2_PLACEMENT_3D('',#2743,#2744,#2745);
#2743 = CARTESIAN_POINT('',(54.53,6.2,0.));
#2744 = DIRECTION('',(0.,0.,1.));
#2745 = DIRECTION('',(1.,0.,-0.));
#2746 = PCURVE('',#368,#2747);
#2747 = DEFINITIONAL_REPRESENTATION('',(#2748),#2752);
#2748 = CIRCLE('',#2749,3.39);
#2749 = AXIS2_PLACEMENT_2D('',#2750,#2751);
#2750 = CARTESIAN_POINT('',(-24.945,-42.8));
#2751 = DIRECTION('',(1.,0.));
#2752 = ( GEOMETRIC_REPRESENTATION_CONTEXT(2) 
PARAMETRIC_REPRESENTATION_CONTEXT() REPRESENTATION_CONTEXT('2D SPACE',''
  ) );
#2753 = PCURVE('',#2754,#2759);
#2754 = CONICAL_SURFACE('',#2755,3.4,0.785398163397);
#2755 = AXIS2_PLACEMENT_3D('',#2756,#2757,#2758);
#2756 = CARTESIAN_POINT('',(54.53,6.2,-1.E-02));
#2757 = DIRECTION('',(-0.,-0.,-1.));
#2758 = DIRECTION('',(1.,0.,-0.));
#2759 = DEFINITIONAL_REPRESENTATION('',(#2760),#2764);
#2760 = LINE('',#2761,#2762);
#2761 = CARTESIAN_POINT('',(-0.,-1.E-02));
#2762 = VECTOR('',#2763,1.);
#2763 = DIRECTION('',(-1.,-0.));
#2764 = ( GEOMETRIC_REPRESENTATION_CONTEXT(2) 
PARAMETRIC_REPRESENTATION_CONTEXT() REPRESENTATION_CONTEXT('2D SPACE',''
  ) );
#2765 = FACE_BOUND('',#2766,.F.);
#2766 = EDGE_LOOP('',(#2767));
#2767 = ORIENTED_EDGE('',*,*,#2768,.F.);
#2768 = EDGE_CURVE('',#2769,#2769,#2771,.T.);
#2769 = VERTEX_POINT('',#2770);
#2770 = CARTESIAN_POINT('',(109.92,6.2,0.));
#2771 = SURFACE_CURVE('',#2772,(#2777,#2784),.PCURVE_S1.);
#2772 = CIRCLE('',#2773,3.39);
#2773 = AXIS2_PLACEMENT_3D('',#2774,#2775,#2776);
#2774 = CARTESIAN_POINT('',(106.53,6.2,0.));
#2775 = DIRECTION('',(0.,0.,1.));
#2776 = DIRECTION('',(1.,0.,-0.));
#2777 = PCURVE('',#368,#2778);
#2778 = DEFINITIONAL_REPRESENTATION('',(#2779),#2783);
#2779 = CIRCLE('',#2780,3.39);
#2780 = AXIS2_PLACEMENT_2D('',#2781,#2782);
#2781 = CARTESIAN_POINT('',(27.055,-42.8));
#2782 = DIRECTION('',(1.,0.));
#2783 = ( GEOMETRIC_REPRESENTATION_CONTEXT(2) 
PARAMETRIC_REPRESENTATION_CONTEXT() REPRESENTATION_CONTEXT('2D SPACE',''
  ) );
#2784 = PCURVE('',#2785,#2790);
#2785 = CONICAL_SURFACE('',#2786,3.4,0.785398163397);
#2786 = AXIS2_PLACEMENT_3D('',#2787,#2788,#2789);
#2787 = CARTESIAN_POINT('',(106.53,6.2,-1.E-02));
#2788 = DIRECTION('',(-0.,-0.,-1.));
#2789 = DIRECTION('',(1.,0.,-0.));
#2790 = DEFINITIONAL_REPRESENTATION('',(#2791),#2795);
#2791 = LINE('',#2792,#2793);
#2792 = CARTESIAN_POINT('',(-0.,-1.E-02));
#2793 = VECTOR('',#2794,1.);
#2794 = DIRECTION('',(-1.,-0.));
#2795 = ( GEOMETRIC_REPRESENTATION_CONTEXT(2) 
PARAMETRIC_REPRESENTATION_CONTEXT() REPRESENTATION_CONTEXT('2D SPACE',''
  ) );
#2796 = FACE_BOUND('',#2797,.F.);
#2797 = EDGE_LOOP('',(#2798));
#2798 = ORIENTED_EDGE('',*,*,#2799,.F.);
#2799 = EDGE_CURVE('',#2800,#2800,#2802,.T.);
#2800 = VERTEX_POINT('',#2801);
#2801 = CARTESIAN_POINT('',(156.14,6.2,0.));
#2802 = SURFACE_CURVE('',#2803,(#2808,#2815),.PCURVE_S1.);
#2803 = CIRCLE('',#2804,3.39);
#2804 = AXIS2_PLACEMENT_3D('',#2805,#2806,#2807);
#2805 = CARTESIAN_POINT('',(152.75,6.2,0.));
#2806 = DIRECTION('',(0.,0.,1.));
#2807 = DIRECTION('',(1.,0.,-0.));
#2808 = PCURVE('',#368,#2809);
#2809 = DEFINITIONAL_REPRESENTATION('',(#2810),#2814);
#2810 = CIRCLE('',#2811,3.39);
#2811 = AXIS2_PLACEMENT_2D('',#2812,#2813);
#2812 = CARTESIAN_POINT('',(73.275,-42.8));
#2813 = DIRECTION('',(1.,0.));
#2814 = ( GEOMETRIC_REPRESENTATION_CONTEXT(2) 
PARAMETRIC_REPRESENTATION_CONTEXT() REPRESENTATION_CONTEXT('2D SPACE',''
  ) );
#2815 = PCURVE('',#2816,#2821);
#2816 = CONICAL_SURFACE('',#2817,3.4,0.785398163397);
#2817 = AXIS2_PLACEMENT_3D('',#2818,#2819,#2820);
#2818 = CARTESIAN_POINT('',(152.75,6.2,-1.E-02));
#2819 = DIRECTION('',(-0.,-0.,-1.));
#2820 = DIRECTION('',(1.,0.,-0.));
#2821 = DEFINITIONAL_REPRESENTATION('',(#2822),#2826);
#2822 = LINE('',#2823,#2824);
#2823 = CARTESIAN_POINT('',(-0.,-1.E-02));
#2824 = VECTOR('',#2825,1.);
#2825 = DIRECTION('',(-1.,-0.));
#2826 = ( GEOMETRIC_REPRESENTATION_CONTEXT(2) 
PARAMETRIC_REPRESENTATION_CONTEXT() REPRESENTATION_CONTEXT('2D SPACE',''
  ) );
#2827 = FACE_BOUND('',#2828,.F.);
#2828 = EDGE_LOOP('',(#2829));
#2829 = ORIENTED_EDGE('',*,*,#2830,.F.);
#2830 = EDGE_CURVE('',#2831,#2831,#2833,.T.);
#2831 = VERTEX_POINT('',#2832);
#2832 = CARTESIAN_POINT('',(148.2,16.,0.));
#2833 = SURFACE_CURVE('',#2834,(#2839,#2846),.PCURVE_S1.);
#2834 = CIRCLE('',#2835,5.25);
#2835 = AXIS2_PLACEMENT_3D('',#2836,#2837,#2838);
#2836 = CARTESIAN_POINT('',(142.95,16.,0.));
#2837 = DIRECTION('',(0.,0.,1.));
#2838 = DIRECTION('',(1.,0.,-0.));
#2839 = PCURVE('',#368,#2840);
#2840 = DEFINITIONAL_REPRESENTATION('',(#2841),#2845);
#2841 = CIRCLE('',#2842,5.25);
#2842 = AXIS2_PLACEMENT_2D('',#2843,#2844);
#2843 = CARTESIAN_POINT('',(63.475,-33.));
#2844 = DIRECTION('',(1.,0.));
#2845 = ( GEOMETRIC_REPRESENTATION_CONTEXT(2) 
PARAMETRIC_REPRESENTATION_CONTEXT() REPRESENTATION_CONTEXT('2D SPACE',''
  ) );
#2846 = PCURVE('',#2847,#2852);
#2847 = CYLINDRICAL_SURFACE('',#2848,5.25);
#2848 = AXIS2_PLACEMENT_3D('',#2849,#2850,#2851);
#2849 = CARTESIAN_POINT('',(142.95,16.,-0.1));
#2850 = DIRECTION('',(0.,0.,1.));
#2851 = DIRECTION('',(1.,0.,-0.));
#2852 = DEFINITIONAL_REPRESENTATION('',(#2853),#2857);
#2853 = LINE('',#2854,#2855);
#2854 = CARTESIAN_POINT('',(0.,0.1));
#2855 = VECTOR('',#2856,1.);
#2856 = DIRECTION('',(1.,0.));
#2857 = ( GEOMETRIC_REPRESENTATION_CONTEXT(2) 
PARAMETRIC_REPRESENTATION_CONTEXT() REPRESENTATION_CONTEXT('2D SPACE',''
  ) );
#2858 = FACE_BOUND('',#2859,.F.);
#2859 = EDGE_LOOP('',(#2860));
#2860 = ORIENTED_EDGE('',*,*,#2861,.F.);
#2861 = EDGE_CURVE('',#2862,#2862,#2864,.T.);
#2862 = VERTEX_POINT('',#2863);
#2863 = CARTESIAN_POINT('',(21.25,82.,0.));
#2864 = SURFACE_CURVE('',#2865,(#2870,#2877),.PCURVE_S1.);
#2865 = CIRCLE('',#2866,5.25);
#2866 = AXIS2_PLACEMENT_3D('',#2867,#2868,#2869);
#2867 = CARTESIAN_POINT('',(16.,82.,0.));
#2868 = DIRECTION('',(0.,0.,1.));
#2869 = DIRECTION('',(1.,0.,-0.));
#2870 = PCURVE('',#368,#2871);
#2871 = DEFINITIONAL_REPRESENTATION('',(#2872),#2876);
#2872 = CIRCLE('',#2873,5.25);
#2873 = AXIS2_PLACEMENT_2D('',#2874,#2875);
#2874 = CARTESIAN_POINT('',(-63.475,33.));
#2875 = DIRECTION('',(1.,0.));
#2876 = ( GEOMETRIC_REPRESENTATION_CONTEXT(2) 
PARAMETRIC_REPRESENTATION_CONTEXT() REPRESENTATION_CONTEXT('2D SPACE',''
  ) );
#2877 = PCURVE('',#2878,#2883);
#2878 = CYLINDRICAL_SURFACE('',#2879,5.25);
#2879 = AXIS2_PLACEMENT_3D('',#2880,#2881,#2882);
#2880 = CARTESIAN_POINT('',(16.,82.,-0.1));
#2881 = DIRECTION('',(0.,0.,1.));
#2882 = DIRECTION('',(1.,0.,-0.));
#2883 = DEFINITIONAL_REPRESENTATION('',(#2884),#2888);
#2884 = LINE('',#2885,#2886);
#2885 = CARTESIAN_POINT('',(0.,0.1));
#2886 = VECTOR('',#2887,1.);
#2887 = DIRECTION('',(1.,0.));
#2888 = ( GEOMETRIC_REPRESENTATION_CONTEXT(2) 
PARAMETRIC_REPRESENTATION_CONTEXT() REPRESENTATION_CONTEXT('2D SPACE',''
  ) );
#2889 = FACE_BOUND('',#2890,.F.);
#2890 = EDGE_LOOP('',(#2891));
#2891 = ORIENTED_EDGE('',*,*,#2892,.F.);
#2892 = EDGE_CURVE('',#2893,#2893,#2895,.T.);
#2893 = VERTEX_POINT('',#2894);
#2894 = CARTESIAN_POINT('',(9.59,91.8,0.));
#2895 = SURFACE_CURVE('',#2896,(#2901,#2908),.PCURVE_S1.);
#2896 = CIRCLE('',#2897,3.39);
#2897 = AXIS2_PLACEMENT_3D('',#2898,#2899,#2900);
#2898 = CARTESIAN_POINT('',(6.2,91.8,0.));
#2899 = DIRECTION('',(0.,0.,1.));
#2900 = DIRECTION('',(1.,0.,-0.));
#2901 = PCURVE('',#368,#2902);
#2902 = DEFINITIONAL_REPRESENTATION('',(#2903),#2907);
#2903 = CIRCLE('',#2904,3.39);
#2904 = AXIS2_PLACEMENT_2D('',#2905,#2906);
#2905 = CARTESIAN_POINT('',(-73.275,42.8));
#2906 = DIRECTION('',(1.,0.));
#2907 = ( GEOMETRIC_REPRESENTATION_CONTEXT(2) 
PARAMETRIC_REPRESENTATION_CONTEXT() REPRESENTATION_CONTEXT('2D SPACE',''
  ) );
#2908 = PCURVE('',#2909,#2914);
#2909 = CONICAL_SURFACE('',#2910,3.4,0.785398163397);
#2910 = AXIS2_PLACEMENT_3D('',#2911,#2912,#2913);
#2911 = CARTESIAN_POINT('',(6.2,91.8,-1.E-02));
#2912 = DIRECTION('',(-0.,-0.,-1.));
#2913 = DIRECTION('',(1.,0.,-0.));
#2914 = DEFINITIONAL_REPRESENTATION('',(#2915),#2919);
#2915 = LINE('',#2916,#2917);
#2916 = CARTESIAN_POINT('',(-0.,-1.E-02));
#2917 = VECTOR('',#2918,1.);
#2918 = DIRECTION('',(-1.,-0.));
#2919 = ( GEOMETRIC_REPRESENTATION_CONTEXT(2) 
PARAMETRIC_REPRESENTATION_CONTEXT() REPRESENTATION_CONTEXT('2D SPACE',''
  ) );
#2920 = FACE_BOUND('',#2921,.F.);
#2921 = EDGE_LOOP('',(#2922));
#2922 = ORIENTED_EDGE('',*,*,#2923,.F.);
#2923 = EDGE_CURVE('',#2924,#2924,#2926,.T.);
#2924 = VERTEX_POINT('',#2925);
#2925 = CARTESIAN_POINT('',(60.865,91.8,0.));
#2926 = SURFACE_CURVE('',#2927,(#2932,#2939),.PCURVE_S1.);
#2927 = CIRCLE('',#2928,3.39);
#2928 = AXIS2_PLACEMENT_3D('',#2929,#2930,#2931);
#2929 = CARTESIAN_POINT('',(57.475,91.8,0.));
#2930 = DIRECTION('',(0.,0.,1.));
#2931 = DIRECTION('',(1.,0.,-0.));
#2932 = PCURVE('',#368,#2933);
#2933 = DEFINITIONAL_REPRESENTATION('',(#2934),#2938);
#2934 = CIRCLE('',#2935,3.39);
#2935 = AXIS2_PLACEMENT_2D('',#2936,#2937);
#2936 = CARTESIAN_POINT('',(-22.,42.8));
#2937 = DIRECTION('',(1.,0.));
#2938 = ( GEOMETRIC_REPRESENTATION_CONTEXT(2) 
PARAMETRIC_REPRESENTATION_CONTEXT() REPRESENTATION_CONTEXT('2D SPACE',''
  ) );
#2939 = PCURVE('',#2940,#2945);
#2940 = CONICAL_SURFACE('',#2941,3.4,0.785398163397);
#2941 = AXIS2_PLACEMENT_3D('',#2942,#2943,#2944);
#2942 = CARTESIAN_POINT('',(57.475,91.8,-1.E-02));
#2943 = DIRECTION('',(-0.,-0.,-1.));
#2944 = DIRECTION('',(1.,0.,-0.));
#2945 = DEFINITIONAL_REPRESENTATION('',(#2946),#2950);
#2946 = LINE('',#2947,#2948);
#2947 = CARTESIAN_POINT('',(-0.,-1.E-02));
#2948 = VECTOR('',#2949,1.);
#2949 = DIRECTION('',(-1.,-0.));
#2950 = ( GEOMETRIC_REPRESENTATION_CONTEXT(2) 
PARAMETRIC_REPRESENTATION_CONTEXT() REPRESENTATION_CONTEXT('2D SPACE',''
  ) );
#2951 = FACE_BOUND('',#2952,.F.);
#2952 = EDGE_LOOP('',(#2953));
#2953 = ORIENTED_EDGE('',*,*,#2954,.F.);
#2954 = EDGE_CURVE('',#2955,#2955,#2957,.T.);
#2955 = VERTEX_POINT('',#2956);
#2956 = CARTESIAN_POINT('',(104.865,91.8,0.));
#2957 = SURFACE_CURVE('',#2958,(#2963,#2970),.PCURVE_S1.);
#2958 = CIRCLE('',#2959,3.39);
#2959 = AXIS2_PLACEMENT_3D('',#2960,#2961,#2962);
#2960 = CARTESIAN_POINT('',(101.475,91.8,0.));
#2961 = DIRECTION('',(0.,0.,1.));
#2962 = DIRECTION('',(1.,0.,-0.));
#2963 = PCURVE('',#368,#2964);
#2964 = DEFINITIONAL_REPRESENTATION('',(#2965),#2969);
#2965 = CIRCLE('',#2966,3.39);
#2966 = AXIS2_PLACEMENT_2D('',#2967,#2968);
#2967 = CARTESIAN_POINT('',(22.,42.8));
#2968 = DIRECTION('',(1.,0.));
#2969 = ( GEOMETRIC_REPRESENTATION_CONTEXT(2) 
PARAMETRIC_REPRESENTATION_CONTEXT() REPRESENTATION_CONTEXT('2D SPACE',''
  ) );
#2970 = PCURVE('',#2971,#2976);
#2971 = CONICAL_SURFACE('',#2972,3.4,0.785398163397);
#2972 = AXIS2_PLACEMENT_3D('',#2973,#2974,#2975);
#2973 = CARTESIAN_POINT('',(101.475,91.8,-1.E-02));
#2974 = DIRECTION('',(-0.,-0.,-1.));
#2975 = DIRECTION('',(1.,0.,-0.));
#2976 = DEFINITIONAL_REPRESENTATION('',(#2977),#2981);
#2977 = LINE('',#2978,#2979);
#2978 = CARTESIAN_POINT('',(-0.,-1.E-02));
#2979 = VECTOR('',#2980,1.);
#2980 = DIRECTION('',(-1.,-0.));
#2981 = ( GEOMETRIC_REPRESENTATION_CONTEXT(2) 
PARAMETRIC_REPRESENTATION_CONTEXT() REPRESENTATION_CONTEXT('2D SPACE',''
  ) );
#2982 = FACE_BOUND('',#2983,.F.);
#2983 = EDGE_LOOP('',(#2984));
#2984 = ORIENTED_EDGE('',*,*,#2985,.F.);
#2985 = EDGE_CURVE('',#2986,#2986,#2988,.T.);
#2986 = VERTEX_POINT('',#2987);
#2987 = CARTESIAN_POINT('',(148.2,82.,0.));
#2988 = SURFACE_CURVE('',#2989,(#2994,#3001),.PCURVE_S1.);
#2989 = CIRCLE('',#2990,5.25);
#2990 = AXIS2_PLACEMENT_3D('',#2991,#2992,#2993);
#2991 = CARTESIAN_POINT('',(142.95,82.,0.));
#2992 = DIRECTION('',(0.,0.,1.));
#2993 = DIRECTION('',(1.,0.,-0.));
#2994 = PCURVE('',#368,#2995);
#2995 = DEFINITIONAL_REPRESENTATION('',(#2996),#3000);
#2996 = CIRCLE('',#2997,5.25);
#2997 = AXIS2_PLACEMENT_2D('',#2998,#2999);
#2998 = CARTESIAN_POINT('',(63.475,33.));
#2999 = DIRECTION('',(1.,0.));
#3000 = ( GEOMETRIC_REPRESENTATION_CONTEXT(2) 
PARAMETRIC_REPRESENTATION_CONTEXT() REPRESENTATION_CONTEXT('2D SPACE',''
  ) );
#3001 = PCURVE('',#3002,#3007);
#3002 = CYLINDRICAL_SURFACE('',#3003,5.25);
#3003 = AXIS2_PLACEMENT_3D('',#3004,#3005,#3006);
#3004 = CARTESIAN_POINT('',(142.95,82.,-0.1));
#3005 = DIRECTION('',(0.,0.,1.));
#3006 = DIRECTION('',(1.,0.,-0.));
#3007 = DEFINITIONAL_REPRESENTATION('',(#3008),#3012);
#3008 = LINE('',#3009,#3010);
#3009 = CARTESIAN_POINT('',(0.,0.1));
#3010 = VECTOR('',#3011,1.);
#3011 = DIRECTION('',(1.,0.));
#3012 = ( GEOMETRIC_REPRESENTATION_CONTEXT(2) 
PARAMETRIC_REPRESENTATION_CONTEXT() REPRESENTATION_CONTEXT('2D SPACE',''
  ) );
#3013 = FACE_BOUND('',#3014,.F.);
#3014 = EDGE_LOOP('',(#3015));
#3015 = ORIENTED_EDGE('',*,*,#3016,.F.);
#3016 = EDGE_CURVE('',#3017,#3017,#3019,.T.);
#3017 = VERTEX_POINT('',#3018);
#3018 = CARTESIAN_POINT('',(156.14,91.8,0.));
#3019 = SURFACE_CURVE('',#3020,(#3025,#3032),.PCURVE_S1.);
#3020 = CIRCLE('',#3021,3.39);
#3021 = AXIS2_PLACEMENT_3D('',#3022,#3023,#3024);
#3022 = CARTESIAN_POINT('',(152.75,91.8,0.));
#3023 = DIRECTION('',(0.,0.,1.));
#3024 = DIRECTION('',(1.,0.,-0.));
#3025 = PCURVE('',#368,#3026);
#3026 = DEFINITIONAL_REPRESENTATION('',(#3027),#3031);
#3027 = CIRCLE('',#3028,3.39);
#3028 = AXIS2_PLACEMENT_2D('',#3029,#3030);
#3029 = CARTESIAN_POINT('',(73.275,42.8));
#3030 = DIRECTION('',(1.,0.));
#3031 = ( GEOMETRIC_REPRESENTATION_CONTEXT(2) 
PARAMETRIC_REPRESENTATION_CONTEXT() REPRESENTATION_CONTEXT('2D SPACE',''
  ) );
#3032 = PCURVE('',#3033,#3038);
#3033 = CONICAL_SURFACE('',#3034,3.4,0.785398163397);
#3034 = AXIS2_PLACEMENT_3D('',#3035,#3036,#3037);
#3035 = CARTESIAN_POINT('',(152.75,91.8,-1.E-02));
#3036 = DIRECTION('',(-0.,-0.,-1.));
#3037 = DIRECTION('',(1.,0.,-0.));
#3038 = DEFINITIONAL_REPRESENTATION('',(#3039),#3043);
#3039 = LINE('',#3040,#3041);
#3040 = CARTESIAN_POINT('',(-0.,-1.E-02));
#3041 = VECTOR('',#3042,1.);
#3042 = DIRECTION('',(-1.,-0.));
#3043 = ( GEOMETRIC_REPRESENTATION_CONTEXT(2) 
PARAMETRIC_REPRESENTATION_CONTEXT() REPRESENTATION_CONTEXT('2D SPACE',''
  ) );
#3044 = ADVANCED_FACE('',(#3045),#343,.T.);
#3045 = FACE_BOUND('',#3046,.T.);
#3046 = EDGE_LOOP('',(#3047,#3048,#3049,#3068));
#3047 = ORIENTED_EDGE('',*,*,#328,.F.);
#3048 = ORIENTED_EDGE('',*,*,#436,.T.);
#3049 = ORIENTED_EDGE('',*,*,#3050,.T.);
#3050 = EDGE_CURVE('',#384,#2620,#3051,.T.);
#3051 = SURFACE_CURVE('',#3052,(#3056,#3062),.PCURVE_S1.);
#3052 = LINE('',#3053,#3054);
#3053 = CARTESIAN_POINT('',(7.,98.,0.8));
#3054 = VECTOR('',#3055,1.);
#3055 = DIRECTION('',(4.329780281177E-17,-0.707106781187,-0.707106781187
    ));
#3056 = PCURVE('',#343,#3057);
#3057 = DEFINITIONAL_REPRESENTATION('',(#3058),#3061);
#3058 = B_SPLINE_CURVE_WITH_KNOTS('',1,(#3059,#3060),.UNSPECIFIED.,.F.,
  .F.,(2,2),(0.,1.131370849898),.PIECEWISE_BEZIER_KNOTS.);
#3059 = CARTESIAN_POINT('',(-1.570796326795,0.));
#3060 = CARTESIAN_POINT('',(-1.570796326795,-0.8));
#3061 = ( GEOMETRIC_REPRESENTATION_CONTEXT(2) 
PARAMETRIC_REPRESENTATION_CONTEXT() REPRESENTATION_CONTEXT('2D SPACE',''
  ) );
#3062 = PCURVE('',#2635,#3063);
#3063 = DEFINITIONAL_REPRESENTATION('',(#3064),#3067);
#3064 = B_SPLINE_CURVE_WITH_KNOTS('',1,(#3065,#3066),.UNSPECIFIED.,.F.,
  .F.,(2,2),(0.,1.131370849898),.PIECEWISE_BEZIER_KNOTS.);
#3065 = CARTESIAN_POINT('',(0.,-0.565685424949));
#3066 = CARTESIAN_POINT('',(0.,0.565685424949));
#3067 = ( GEOMETRIC_REPRESENTATION_CONTEXT(2) 
PARAMETRIC_REPRESENTATION_CONTEXT() REPRESENTATION_CONTEXT('2D SPACE',''
  ) );
#3068 = ORIENTED_EDGE('',*,*,#2647,.F.);
#3069 = ADVANCED_FACE('',(#3070),#401,.T.);
#3070 = FACE_BOUND('',#3071,.T.);
#3071 = EDGE_LOOP('',(#3072,#3073,#3096,#3124));
#3072 = ORIENTED_EDGE('',*,*,#383,.T.);
#3073 = ORIENTED_EDGE('',*,*,#3074,.T.);
#3074 = EDGE_CURVE('',#386,#3075,#3077,.T.);
#3075 = VERTEX_POINT('',#3076);
#3076 = CARTESIAN_POINT('',(151.95,98.,2.5));
#3077 = SURFACE_CURVE('',#3078,(#3082,#3089),.PCURVE_S1.);
#3078 = LINE('',#3079,#3080);
#3079 = CARTESIAN_POINT('',(7.,98.,2.5));
#3080 = VECTOR('',#3081,1.);
#3081 = DIRECTION('',(1.,0.,0.));
#3082 = PCURVE('',#401,#3083);
#3083 = DEFINITIONAL_REPRESENTATION('',(#3084),#3088);
#3084 = LINE('',#3085,#3086);
#3085 = CARTESIAN_POINT('',(0.,-2.5));
#3086 = VECTOR('',#3087,1.);
#3087 = DIRECTION('',(1.,0.));
#3088 = ( GEOMETRIC_REPRESENTATION_CONTEXT(2) 
PARAMETRIC_REPRESENTATION_CONTEXT() REPRESENTATION_CONTEXT('2D SPACE',''
  ) );
#3089 = PCURVE('',#786,#3090);
#3090 = DEFINITIONAL_REPRESENTATION('',(#3091),#3095);
#3091 = LINE('',#3092,#3093);
#3092 = CARTESIAN_POINT('',(-0.,-0.353553390593));
#3093 = VECTOR('',#3094,1.);
#3094 = DIRECTION('',(-1.,0.));
#3095 = ( GEOMETRIC_REPRESENTATION_CONTEXT(2) 
PARAMETRIC_REPRESENTATION_CONTEXT() REPRESENTATION_CONTEXT('2D SPACE',''
  ) );
#3096 = ORIENTED_EDGE('',*,*,#3097,.F.);
#3097 = EDGE_CURVE('',#3098,#3075,#3100,.T.);
#3098 = VERTEX_POINT('',#3099);
#3099 = CARTESIAN_POINT('',(151.95,98.,0.8));
#3100 = SURFACE_CURVE('',#3101,(#3105,#3112),.PCURVE_S1.);
#3101 = LINE('',#3102,#3103);
#3102 = CARTESIAN_POINT('',(151.95,98.,0.));
#3103 = VECTOR('',#3104,1.);
#3104 = DIRECTION('',(0.,0.,1.));
#3105 = PCURVE('',#401,#3106);
#3106 = DEFINITIONAL_REPRESENTATION('',(#3107),#3111);
#3107 = LINE('',#3108,#3109);
#3108 = CARTESIAN_POINT('',(144.95,0.));
#3109 = VECTOR('',#3110,1.);
#3110 = DIRECTION('',(0.,-1.));
#3111 = ( GEOMETRIC_REPRESENTATION_CONTEXT(2) 
PARAMETRIC_REPRESENTATION_CONTEXT() REPRESENTATION_CONTEXT('2D SPACE',''
  ) );
#3112 = PCURVE('',#3113,#3118);
#3113 = CYLINDRICAL_SURFACE('',#3114,7.);
#3114 = AXIS2_PLACEMENT_3D('',#3115,#3116,#3117);
#3115 = CARTESIAN_POINT('',(151.95,91.,0.));
#3116 = DIRECTION('',(-0.,-0.,-1.));
#3117 = DIRECTION('',(1.,0.,0.));
#3118 = DEFINITIONAL_REPRESENTATION('',(#3119),#3123);
#3119 = LINE('',#3120,#3121);
#3120 = CARTESIAN_POINT('',(-1.570796326795,0.));
#3121 = VECTOR('',#3122,1.);
#3122 = DIRECTION('',(-0.,-1.));
#3123 = ( GEOMETRIC_REPRESENTATION_CONTEXT(2) 
PARAMETRIC_REPRESENTATION_CONTEXT() REPRESENTATION_CONTEXT('2D SPACE',''
  ) );
#3124 = ORIENTED_EDGE('',*,*,#3125,.F.);
#3125 = EDGE_CURVE('',#384,#3098,#3126,.T.);
#3126 = SURFACE_CURVE('',#3127,(#3131,#3138),.PCURVE_S1.);
#3127 = LINE('',#3128,#3129);
#3128 = CARTESIAN_POINT('',(7.,98.,0.8));
#3129 = VECTOR('',#3130,1.);
#3130 = DIRECTION('',(1.,0.,0.));
#3131 = PCURVE('',#401,#3132);
#3132 = DEFINITIONAL_REPRESENTATION('',(#3133),#3137);
#3133 = LINE('',#3134,#3135);
#3134 = CARTESIAN_POINT('',(0.,-0.8));
#3135 = VECTOR('',#3136,1.);
#3136 = DIRECTION('',(1.,0.));
#3137 = ( GEOMETRIC_REPRESENTATION_CONTEXT(2) 
PARAMETRIC_REPRESENTATION_CONTEXT() REPRESENTATION_CONTEXT('2D SPACE',''
  ) );
#3138 = PCURVE('',#2635,#3139);
#3139 = DEFINITIONAL_REPRESENTATION('',(#3140),#3144);
#3140 = LINE('',#3141,#3142);
#3141 = CARTESIAN_POINT('',(-0.,-0.565685424949));
#3142 = VECTOR('',#3143,1.);
#3143 = DIRECTION('',(-1.,0.));
#3144 = ( GEOMETRIC_REPRESENTATION_CONTEXT(2) 
PARAMETRIC_REPRESENTATION_CONTEXT() REPRESENTATION_CONTEXT('2D SPACE',''
  ) );
#3145 = ADVANCED_FACE('',(#3146),#476,.F.);
#3146 = FACE_BOUND('',#3147,.F.);
#3147 = EDGE_LOOP('',(#3148,#3167,#3168,#3169));
#3148 = ORIENTED_EDGE('',*,*,#3149,.F.);
#3149 = EDGE_CURVE('',#577,#654,#3150,.T.);
#3150 = SURFACE_CURVE('',#3151,(#3155,#3161),.PCURVE_S1.);
#3151 = LINE('',#3152,#3153);
#3152 = CARTESIAN_POINT('',(151.95,0.,2.5));
#3153 = VECTOR('',#3154,1.);
#3154 = DIRECTION('',(-4.329780281177E-17,0.707106781187,0.707106781187)
  );
#3155 = PCURVE('',#476,#3156);
#3156 = DEFINITIONAL_REPRESENTATION('',(#3157),#3160);
#3157 = B_SPLINE_CURVE_WITH_KNOTS('',1,(#3158,#3159),.UNSPECIFIED.,.F.,
  .F.,(2,2),(0.,0.707106781187),.PIECEWISE_BEZIER_KNOTS.);
#3158 = CARTESIAN_POINT('',(0.,-0.353553390593));
#3159 = CARTESIAN_POINT('',(0.,0.353553390593));
#3160 = ( GEOMETRIC_REPRESENTATION_CONTEXT(2) 
PARAMETRIC_REPRESENTATION_CONTEXT() REPRESENTATION_CONTEXT('2D SPACE',''
  ) );
#3161 = PCURVE('',#697,#3162);
#3162 = DEFINITIONAL_REPRESENTATION('',(#3163),#3166);
#3163 = B_SPLINE_CURVE_WITH_KNOTS('',1,(#3164,#3165),.UNSPECIFIED.,.F.,
  .F.,(2,2),(0.,0.707106781187),.PIECEWISE_BEZIER_KNOTS.);
#3164 = CARTESIAN_POINT('',(1.570796326795,0.));
#3165 = CARTESIAN_POINT('',(1.570796326795,-0.5));
#3166 = ( GEOMETRIC_REPRESENTATION_CONTEXT(2) 
PARAMETRIC_REPRESENTATION_CONTEXT() REPRESENTATION_CONTEXT('2D SPACE',''
  ) );
#3167 = ORIENTED_EDGE('',*,*,#576,.T.);
#3168 = ORIENTED_EDGE('',*,*,#461,.T.);
#3169 = ORIENTED_EDGE('',*,*,#653,.F.);
#3170 = ADVANCED_FACE('',(#3171),#533,.T.);
#3171 = FACE_BOUND('',#3172,.T.);
#3172 = EDGE_LOOP('',(#3173,#3192,#3193,#3194));
#3173 = ORIENTED_EDGE('',*,*,#3174,.F.);
#3174 = EDGE_CURVE('',#600,#2503,#3175,.T.);
#3175 = SURFACE_CURVE('',#3176,(#3180,#3186),.PCURVE_S1.);
#3176 = LINE('',#3177,#3178);
#3177 = CARTESIAN_POINT('',(151.95,0.,0.8));
#3178 = VECTOR('',#3179,1.);
#3179 = DIRECTION('',(-4.329780281177E-17,0.707106781187,-0.707106781187
    ));
#3180 = PCURVE('',#533,#3181);
#3181 = DEFINITIONAL_REPRESENTATION('',(#3182),#3185);
#3182 = B_SPLINE_CURVE_WITH_KNOTS('',1,(#3183,#3184),.UNSPECIFIED.,.F.,
  .F.,(2,2),(0.,1.131370849898),.PIECEWISE_BEZIER_KNOTS.);
#3183 = CARTESIAN_POINT('',(0.,-0.565685424949));
#3184 = CARTESIAN_POINT('',(0.,0.565685424949));
#3185 = ( GEOMETRIC_REPRESENTATION_CONTEXT(2) 
PARAMETRIC_REPRESENTATION_CONTEXT() REPRESENTATION_CONTEXT('2D SPACE',''
  ) );
#3186 = PCURVE('',#2546,#3187);
#3187 = DEFINITIONAL_REPRESENTATION('',(#3188),#3191);
#3188 = B_SPLINE_CURVE_WITH_KNOTS('',1,(#3189,#3190),.UNSPECIFIED.,.F.,
  .F.,(2,2),(0.,1.131370849898),.PIECEWISE_BEZIER_KNOTS.);
#3189 = CARTESIAN_POINT('',(-1.570796326795,0.));
#3190 = CARTESIAN_POINT('',(-1.570796326795,-0.8));
#3191 = ( GEOMETRIC_REPRESENTATION_CONTEXT(2) 
PARAMETRIC_REPRESENTATION_CONTEXT() REPRESENTATION_CONTEXT('2D SPACE',''
  ) );
#3192 = ORIENTED_EDGE('',*,*,#627,.T.);
#3193 = ORIENTED_EDGE('',*,*,#518,.T.);
#3194 = ORIENTED_EDGE('',*,*,#2502,.F.);
#3195 = ADVANCED_FACE('',(#3196),#615,.T.);
#3196 = FACE_BOUND('',#3197,.F.);
#3197 = EDGE_LOOP('',(#3198,#3199,#3223,#3251));
#3198 = ORIENTED_EDGE('',*,*,#599,.T.);
#3199 = ORIENTED_EDGE('',*,*,#3200,.F.);
#3200 = EDGE_CURVE('',#3201,#577,#3203,.T.);
#3201 = VERTEX_POINT('',#3202);
#3202 = CARTESIAN_POINT('',(158.95,7.,2.5));
#3203 = SURFACE_CURVE('',#3204,(#3209,#3216),.PCURVE_S1.);
#3204 = CIRCLE('',#3205,7.);
#3205 = AXIS2_PLACEMENT_3D('',#3206,#3207,#3208);
#3206 = CARTESIAN_POINT('',(151.95,7.,2.5));
#3207 = DIRECTION('',(0.,0.,-1.));
#3208 = DIRECTION('',(1.,0.,0.));
#3209 = PCURVE('',#615,#3210);
#3210 = DEFINITIONAL_REPRESENTATION('',(#3211),#3215);
#3211 = LINE('',#3212,#3213);
#3212 = CARTESIAN_POINT('',(-6.28318530718,-2.5));
#3213 = VECTOR('',#3214,1.);
#3214 = DIRECTION('',(1.,-0.));
#3215 = ( GEOMETRIC_REPRESENTATION_CONTEXT(2) 
PARAMETRIC_REPRESENTATION_CONTEXT() REPRESENTATION_CONTEXT('2D SPACE',''
  ) );
#3216 = PCURVE('',#697,#3217);
#3217 = DEFINITIONAL_REPRESENTATION('',(#3218),#3222);
#3218 = LINE('',#3219,#3220);
#3219 = CARTESIAN_POINT('',(0.,-0.));
#3220 = VECTOR('',#3221,1.);
#3221 = DIRECTION('',(1.,-0.));
#3222 = ( GEOMETRIC_REPRESENTATION_CONTEXT(2) 
PARAMETRIC_REPRESENTATION_CONTEXT() REPRESENTATION_CONTEXT('2D SPACE',''
  ) );
#3223 = ORIENTED_EDGE('',*,*,#3224,.F.);
#3224 = EDGE_CURVE('',#3225,#3201,#3227,.T.);
#3225 = VERTEX_POINT('',#3226);
#3226 = CARTESIAN_POINT('',(158.95,7.,0.8));
#3227 = SURFACE_CURVE('',#3228,(#3232,#3239),.PCURVE_S1.);
#3228 = LINE('',#3229,#3230);
#3229 = CARTESIAN_POINT('',(158.95,7.,0.));
#3230 = VECTOR('',#3231,1.);
#3231 = DIRECTION('',(0.,0.,1.));
#3232 = PCURVE('',#615,#3233);
#3233 = DEFINITIONAL_REPRESENTATION('',(#3234),#3238);
#3234 = LINE('',#3235,#3236);
#3235 = CARTESIAN_POINT('',(-6.28318530718,0.));
#3236 = VECTOR('',#3237,1.);
#3237 = DIRECTION('',(-0.,-1.));
#3238 = ( GEOMETRIC_REPRESENTATION_CONTEXT(2) 
PARAMETRIC_REPRESENTATION_CONTEXT() REPRESENTATION_CONTEXT('2D SPACE',''
  ) );
#3239 = PCURVE('',#3240,#3245);
#3240 = PLANE('',#3241);
#3241 = AXIS2_PLACEMENT_3D('',#3242,#3243,#3244);
#3242 = CARTESIAN_POINT('',(158.95,7.,0.));
#3243 = DIRECTION('',(-1.,0.,0.));
#3244 = DIRECTION('',(0.,1.,0.));
#3245 = DEFINITIONAL_REPRESENTATION('',(#3246),#3250);
#3246 = LINE('',#3247,#3248);
#3247 = CARTESIAN_POINT('',(0.,0.));
#3248 = VECTOR('',#3249,1.);
#3249 = DIRECTION('',(0.,-1.));
#3250 = ( GEOMETRIC_REPRESENTATION_CONTEXT(2) 
PARAMETRIC_REPRESENTATION_CONTEXT() REPRESENTATION_CONTEXT('2D SPACE',''
  ) );
#3251 = ORIENTED_EDGE('',*,*,#3252,.T.);
#3252 = EDGE_CURVE('',#3225,#600,#3253,.T.);
#3253 = SURFACE_CURVE('',#3254,(#3259,#3266),.PCURVE_S1.);
#3254 = CIRCLE('',#3255,7.);
#3255 = AXIS2_PLACEMENT_3D('',#3256,#3257,#3258);
#3256 = CARTESIAN_POINT('',(151.95,7.,0.8));
#3257 = DIRECTION('',(0.,-0.,-1.));
#3258 = DIRECTION('',(1.,0.,-0.));
#3259 = PCURVE('',#615,#3260);
#3260 = DEFINITIONAL_REPRESENTATION('',(#3261),#3265);
#3261 = LINE('',#3262,#3263);
#3262 = CARTESIAN_POINT('',(-6.28318530718,-0.8));
#3263 = VECTOR('',#3264,1.);
#3264 = DIRECTION('',(1.,-0.));
#3265 = ( GEOMETRIC_REPRESENTATION_CONTEXT(2) 
PARAMETRIC_REPRESENTATION_CONTEXT() REPRESENTATION_CONTEXT('2D SPACE',''
  ) );
#3266 = PCURVE('',#2546,#3267);
#3267 = DEFINITIONAL_REPRESENTATION('',(#3268),#3272);
#3268 = LINE('',#3269,#3270);
#3269 = CARTESIAN_POINT('',(-0.,-0.));
#3270 = VECTOR('',#3271,1.);
#3271 = DIRECTION('',(-1.,-0.));
#3272 = ( GEOMETRIC_REPRESENTATION_CONTEXT(2) 
PARAMETRIC_REPRESENTATION_CONTEXT() REPRESENTATION_CONTEXT('2D SPACE',''
  ) );
#3273 = ADVANCED_FACE('',(#3274),#786,.T.);
#3274 = FACE_BOUND('',#3275,.F.);
#3275 = EDGE_LOOP('',(#3276,#3277,#3278,#3297));
#3276 = ORIENTED_EDGE('',*,*,#2477,.F.);
#3277 = ORIENTED_EDGE('',*,*,#3074,.T.);
#3278 = ORIENTED_EDGE('',*,*,#3279,.T.);
#3279 = EDGE_CURVE('',#3075,#738,#3280,.T.);
#3280 = SURFACE_CURVE('',#3281,(#3285,#3291),.PCURVE_S1.);
#3281 = LINE('',#3282,#3283);
#3282 = CARTESIAN_POINT('',(151.95,97.75,2.75));
#3283 = VECTOR('',#3284,1.);
#3284 = DIRECTION('',(0.,-0.707106781187,0.707106781187));
#3285 = PCURVE('',#786,#3286);
#3286 = DEFINITIONAL_REPRESENTATION('',(#3287),#3290);
#3287 = B_SPLINE_CURVE_WITH_KNOTS('',1,(#3288,#3289),.UNSPECIFIED.,.F.,
  .F.,(2,2),(-0.353553390593,0.353553390593),.PIECEWISE_BEZIER_KNOTS.);
#3288 = CARTESIAN_POINT('',(-144.95,-0.353553390593));
#3289 = CARTESIAN_POINT('',(-144.95,0.353553390593));
#3290 = ( GEOMETRIC_REPRESENTATION_CONTEXT(2) 
PARAMETRIC_REPRESENTATION_CONTEXT() REPRESENTATION_CONTEXT('2D SPACE',''
  ) );
#3291 = PCURVE('',#758,#3292);
#3292 = DEFINITIONAL_REPRESENTATION('',(#3293),#3296);
#3293 = B_SPLINE_CURVE_WITH_KNOTS('',1,(#3294,#3295),.UNSPECIFIED.,.F.,
  .F.,(2,2),(-0.353553390593,0.353553390593),.PIECEWISE_BEZIER_KNOTS.);
#3294 = CARTESIAN_POINT('',(0.,0.));
#3295 = CARTESIAN_POINT('',(0.,-0.5));
#3296 = ( GEOMETRIC_REPRESENTATION_CONTEXT(2) 
PARAMETRIC_REPRESENTATION_CONTEXT() REPRESENTATION_CONTEXT('2D SPACE',''
  ) );
#3297 = ORIENTED_EDGE('',*,*,#770,.F.);
#3298 = ADVANCED_FACE('',(#3299),#697,.T.);
#3299 = FACE_BOUND('',#3300,.F.);
#3300 = EDGE_LOOP('',(#3301,#3320,#3321,#3322));
#3301 = ORIENTED_EDGE('',*,*,#3302,.F.);
#3302 = EDGE_CURVE('',#3201,#677,#3303,.T.);
#3303 = SURFACE_CURVE('',#3304,(#3308,#3314),.PCURVE_S1.);
#3304 = LINE('',#3305,#3306);
#3305 = CARTESIAN_POINT('',(158.7,7.,2.75));
#3306 = VECTOR('',#3307,1.);
#3307 = DIRECTION('',(-0.707106781187,-0.,0.707106781187));
#3308 = PCURVE('',#697,#3309);
#3309 = DEFINITIONAL_REPRESENTATION('',(#3310),#3313);
#3310 = B_SPLINE_CURVE_WITH_KNOTS('',1,(#3311,#3312),.UNSPECIFIED.,.F.,
  .F.,(2,2),(-0.353553390593,0.353553390593),.PIECEWISE_BEZIER_KNOTS.);
#3311 = CARTESIAN_POINT('',(0.,0.));
#3312 = CARTESIAN_POINT('',(0.,-0.5));
#3313 = ( GEOMETRIC_REPRESENTATION_CONTEXT(2) 
PARAMETRIC_REPRESENTATION_CONTEXT() REPRESENTATION_CONTEXT('2D SPACE',''
  ) );
#3314 = PCURVE('',#725,#3315);
#3315 = DEFINITIONAL_REPRESENTATION('',(#3316),#3319);
#3316 = B_SPLINE_CURVE_WITH_KNOTS('',1,(#3317,#3318),.UNSPECIFIED.,.F.,
  .F.,(2,2),(-0.353553390593,0.353553390593),.PIECEWISE_BEZIER_KNOTS.);
#3317 = CARTESIAN_POINT('',(84.,-0.353553390593));
#3318 = CARTESIAN_POINT('',(84.,0.353553390593));
#3319 = ( GEOMETRIC_REPRESENTATION_CONTEXT(2) 
PARAMETRIC_REPRESENTATION_CONTEXT() REPRESENTATION_CONTEXT('2D SPACE',''
  ) );
#3320 = ORIENTED_EDGE('',*,*,#3200,.T.);
#3321 = ORIENTED_EDGE('',*,*,#3149,.T.);
#3322 = ORIENTED_EDGE('',*,*,#676,.F.);
#3323 = ADVANCED_FACE('',(#3324),#758,.T.);
#3324 = FACE_BOUND('',#3325,.F.);
#3325 = EDGE_LOOP('',(#3326,#3327,#3351,#3370));
#3326 = ORIENTED_EDGE('',*,*,#3279,.F.);
#3327 = ORIENTED_EDGE('',*,*,#3328,.T.);
#3328 = EDGE_CURVE('',#3075,#3329,#3331,.T.);
#3329 = VERTEX_POINT('',#3330);
#3330 = CARTESIAN_POINT('',(158.95,91.,2.5));
#3331 = SURFACE_CURVE('',#3332,(#3337,#3344),.PCURVE_S1.);
#3332 = CIRCLE('',#3333,7.);
#3333 = AXIS2_PLACEMENT_3D('',#3334,#3335,#3336);
#3334 = CARTESIAN_POINT('',(151.95,91.,2.5));
#3335 = DIRECTION('',(0.,-0.,-1.));
#3336 = DIRECTION('',(0.,1.,-0.));
#3337 = PCURVE('',#758,#3338);
#3338 = DEFINITIONAL_REPRESENTATION('',(#3339),#3343);
#3339 = LINE('',#3340,#3341);
#3340 = CARTESIAN_POINT('',(0.,-0.));
#3341 = VECTOR('',#3342,1.);
#3342 = DIRECTION('',(1.,-0.));
#3343 = ( GEOMETRIC_REPRESENTATION_CONTEXT(2) 
PARAMETRIC_REPRESENTATION_CONTEXT() REPRESENTATION_CONTEXT('2D SPACE',''
  ) );
#3344 = PCURVE('',#3113,#3345);
#3345 = DEFINITIONAL_REPRESENTATION('',(#3346),#3350);
#3346 = LINE('',#3347,#3348);
#3347 = CARTESIAN_POINT('',(-1.570796326795,-2.5));
#3348 = VECTOR('',#3349,1.);
#3349 = DIRECTION('',(1.,-0.));
#3350 = ( GEOMETRIC_REPRESENTATION_CONTEXT(2) 
PARAMETRIC_REPRESENTATION_CONTEXT() REPRESENTATION_CONTEXT('2D SPACE',''
  ) );
#3351 = ORIENTED_EDGE('',*,*,#3352,.T.);
#3352 = EDGE_CURVE('',#3329,#710,#3353,.T.);
#3353 = SURFACE_CURVE('',#3354,(#3358,#3364),.PCURVE_S1.);
#3354 = LINE('',#3355,#3356);
#3355 = CARTESIAN_POINT('',(158.95,91.,2.5));
#3356 = VECTOR('',#3357,1.);
#3357 = DIRECTION('',(-0.707106781187,-4.329780281177E-17,0.707106781187
    ));
#3358 = PCURVE('',#758,#3359);
#3359 = DEFINITIONAL_REPRESENTATION('',(#3360),#3363);
#3360 = B_SPLINE_CURVE_WITH_KNOTS('',1,(#3361,#3362),.UNSPECIFIED.,.F.,
  .F.,(2,2),(0.,0.707106781187),.PIECEWISE_BEZIER_KNOTS.);
#3361 = CARTESIAN_POINT('',(1.570796326795,0.));
#3362 = CARTESIAN_POINT('',(1.570796326795,-0.5));
#3363 = ( GEOMETRIC_REPRESENTATION_CONTEXT(2) 
PARAMETRIC_REPRESENTATION_CONTEXT() REPRESENTATION_CONTEXT('2D SPACE',''
  ) );
#3364 = PCURVE('',#725,#3365);
#3365 = DEFINITIONAL_REPRESENTATION('',(#3366),#3369);
#3366 = B_SPLINE_CURVE_WITH_KNOTS('',1,(#3367,#3368),.UNSPECIFIED.,.F.,
  .F.,(2,2),(0.,0.707106781187),.PIECEWISE_BEZIER_KNOTS.);
#3367 = CARTESIAN_POINT('',(0.,-0.353553390593));
#3368 = CARTESIAN_POINT('',(0.,0.353553390593));
#3369 = ( GEOMETRIC_REPRESENTATION_CONTEXT(2) 
PARAMETRIC_REPRESENTATION_CONTEXT() REPRESENTATION_CONTEXT('2D SPACE',''
  ) );
#3370 = ORIENTED_EDGE('',*,*,#737,.F.);
#3371 = ADVANCED_FACE('',(#3372),#725,.F.);
#3372 = FACE_BOUND('',#3373,.F.);
#3373 = EDGE_LOOP('',(#3374,#3375,#3396,#3397));
#3374 = ORIENTED_EDGE('',*,*,#3352,.F.);
#3375 = ORIENTED_EDGE('',*,*,#3376,.T.);
#3376 = EDGE_CURVE('',#3329,#3201,#3377,.T.);
#3377 = SURFACE_CURVE('',#3378,(#3382,#3389),.PCURVE_S1.);
#3378 = LINE('',#3379,#3380);
#3379 = CARTESIAN_POINT('',(158.95,91.,2.5));
#3380 = VECTOR('',#3381,1.);
#3381 = DIRECTION('',(-0.,-1.,-0.));
#3382 = PCURVE('',#725,#3383);
#3383 = DEFINITIONAL_REPRESENTATION('',(#3384),#3388);
#3384 = LINE('',#3385,#3386);
#3385 = CARTESIAN_POINT('',(0.,-0.353553390593));
#3386 = VECTOR('',#3387,1.);
#3387 = DIRECTION('',(1.,0.));
#3388 = ( GEOMETRIC_REPRESENTATION_CONTEXT(2) 
PARAMETRIC_REPRESENTATION_CONTEXT() REPRESENTATION_CONTEXT('2D SPACE',''
  ) );
#3389 = PCURVE('',#3240,#3390);
#3390 = DEFINITIONAL_REPRESENTATION('',(#3391),#3395);
#3391 = LINE('',#3392,#3393);
#3392 = CARTESIAN_POINT('',(84.,-2.5));
#3393 = VECTOR('',#3394,1.);
#3394 = DIRECTION('',(-1.,0.));
#3395 = ( GEOMETRIC_REPRESENTATION_CONTEXT(2) 
PARAMETRIC_REPRESENTATION_CONTEXT() REPRESENTATION_CONTEXT('2D SPACE',''
  ) );
#3396 = ORIENTED_EDGE('',*,*,#3302,.T.);
#3397 = ORIENTED_EDGE('',*,*,#709,.F.);
#3398 = ADVANCED_FACE('',(#3399),#843,.F.);
#3399 = FACE_BOUND('',#3400,.F.);
#3400 = EDGE_LOOP('',(#3401,#3424,#3425,#3426));
#3401 = ORIENTED_EDGE('',*,*,#3402,.T.);
#3402 = EDGE_CURVE('',#3403,#827,#3405,.T.);
#3403 = VERTEX_POINT('',#3404);
#3404 = CARTESIAN_POINT('',(7.9,6.2,1.69));
#3405 = SEAM_CURVE('',#3406,(#3410,#3417),.PCURVE_S1.);
#3406 = LINE('',#3407,#3408);
#3407 = CARTESIAN_POINT('',(7.9,6.2,-1.));
#3408 = VECTOR('',#3409,1.);
#3409 = DIRECTION('',(0.,0.,1.));
#3410 = PCURVE('',#843,#3411);
#3411 = DEFINITIONAL_REPRESENTATION('',(#3412),#3416);
#3412 = LINE('',#3413,#3414);
#3413 = CARTESIAN_POINT('',(6.28318530718,-0.));
#3414 = VECTOR('',#3415,1.);
#3415 = DIRECTION('',(0.,1.));
#3416 = ( GEOMETRIC_REPRESENTATION_CONTEXT(2) 
PARAMETRIC_REPRESENTATION_CONTEXT() REPRESENTATION_CONTEXT('2D SPACE',''
  ) );
#3417 = PCURVE('',#843,#3418);
#3418 = DEFINITIONAL_REPRESENTATION('',(#3419),#3423);
#3419 = LINE('',#3420,#3421);
#3420 = CARTESIAN_POINT('',(0.,-0.));
#3421 = VECTOR('',#3422,1.);
#3422 = DIRECTION('',(0.,1.));
#3423 = ( GEOMETRIC_REPRESENTATION_CONTEXT(2) 
PARAMETRIC_REPRESENTATION_CONTEXT() REPRESENTATION_CONTEXT('2D SPACE',''
  ) );
#3424 = ORIENTED_EDGE('',*,*,#826,.F.);
#3425 = ORIENTED_EDGE('',*,*,#3402,.F.);
#3426 = ORIENTED_EDGE('',*,*,#3427,.T.);
#3427 = EDGE_CURVE('',#3403,#3403,#3428,.T.);
#3428 = SURFACE_CURVE('',#3429,(#3434,#3441),.PCURVE_S1.);
#3429 = CIRCLE('',#3430,1.7);
#3430 = AXIS2_PLACEMENT_3D('',#3431,#3432,#3433);
#3431 = CARTESIAN_POINT('',(6.2,6.2,1.69));
#3432 = DIRECTION('',(0.,0.,1.));
#3433 = DIRECTION('',(1.,0.,-0.));
#3434 = PCURVE('',#843,#3435);
#3435 = DEFINITIONAL_REPRESENTATION('',(#3436),#3440);
#3436 = LINE('',#3437,#3438);
#3437 = CARTESIAN_POINT('',(0.,2.69));
#3438 = VECTOR('',#3439,1.);
#3439 = DIRECTION('',(1.,0.));
#3440 = ( GEOMETRIC_REPRESENTATION_CONTEXT(2) 
PARAMETRIC_REPRESENTATION_CONTEXT() REPRESENTATION_CONTEXT('2D SPACE',''
  ) );
#3441 = PCURVE('',#2692,#3442);
#3442 = DEFINITIONAL_REPRESENTATION('',(#3443),#3447);
#3443 = LINE('',#3444,#3445);
#3444 = CARTESIAN_POINT('',(-0.,-1.7));
#3445 = VECTOR('',#3446,1.);
#3446 = DIRECTION('',(-1.,-0.));
#3447 = ( GEOMETRIC_REPRESENTATION_CONTEXT(2) 
PARAMETRIC_REPRESENTATION_CONTEXT() REPRESENTATION_CONTEXT('2D SPACE',''
  ) );
#3448 = ADVANCED_FACE('',(#3449),#874,.F.);
#3449 = FACE_BOUND('',#3450,.F.);
#3450 = EDGE_LOOP('',(#3451,#3452,#3473,#3501));
#3451 = ORIENTED_EDGE('',*,*,#857,.T.);
#3452 = ORIENTED_EDGE('',*,*,#3453,.T.);
#3453 = EDGE_CURVE('',#860,#3454,#3456,.T.);
#3454 = VERTEX_POINT('',#3455);
#3455 = CARTESIAN_POINT('',(10.2,3.2,5.));
#3456 = SURFACE_CURVE('',#3457,(#3461,#3467),.PCURVE_S1.);
#3457 = LINE('',#3458,#3459);
#3458 = CARTESIAN_POINT('',(10.2,3.2,0.));
#3459 = VECTOR('',#3460,1.);
#3460 = DIRECTION('',(0.,0.,1.));
#3461 = PCURVE('',#874,#3462);
#3462 = DEFINITIONAL_REPRESENTATION('',(#3463),#3466);
#3463 = B_SPLINE_CURVE_WITH_KNOTS('',1,(#3464,#3465),.UNSPECIFIED.,.F.,
  .F.,(2,2),(2.25,5.25),.PIECEWISE_BEZIER_KNOTS.);
#3464 = CARTESIAN_POINT('',(3.2,0.25));
#3465 = CARTESIAN_POINT('',(3.2,-2.75));
#3466 = ( GEOMETRIC_REPRESENTATION_CONTEXT(2) 
PARAMETRIC_REPRESENTATION_CONTEXT() REPRESENTATION_CONTEXT('2D SPACE',''
  ) );
#3467 = PCURVE('',#902,#3468);
#3468 = DEFINITIONAL_REPRESENTATION('',(#3469),#3472);
#3469 = B_SPLINE_CURVE_WITH_KNOTS('',1,(#3470,#3471),.UNSPECIFIED.,.F.,
  .F.,(2,2),(2.25,5.25),.PIECEWISE_BEZIER_KNOTS.);
#3470 = CARTESIAN_POINT('',(5.639684198386,2.25));
#3471 = CARTESIAN_POINT('',(5.639684198386,5.25));
#3472 = ( GEOMETRIC_REPRESENTATION_CONTEXT(2) 
PARAMETRIC_REPRESENTATION_CONTEXT() REPRESENTATION_CONTEXT('2D SPACE',''
  ) );
#3473 = ORIENTED_EDGE('',*,*,#3474,.T.);
#3474 = EDGE_CURVE('',#3454,#3475,#3477,.T.);
#3475 = VERTEX_POINT('',#3476);
#3476 = CARTESIAN_POINT('',(50.53,3.2,5.));
#3477 = SURFACE_CURVE('',#3478,(#3482,#3489),.PCURVE_S1.);
#3478 = LINE('',#3479,#3480);
#3479 = CARTESIAN_POINT('',(79.475,3.2,5.));
#3480 = VECTOR('',#3481,1.);
#3481 = DIRECTION('',(1.,0.,0.));
#3482 = PCURVE('',#874,#3483);
#3483 = DEFINITIONAL_REPRESENTATION('',(#3484),#3488);
#3484 = LINE('',#3485,#3486);
#3485 = CARTESIAN_POINT('',(72.475,-2.5));
#3486 = VECTOR('',#3487,1.);
#3487 = DIRECTION('',(1.,0.));
#3488 = ( GEOMETRIC_REPRESENTATION_CONTEXT(2) 
PARAMETRIC_REPRESENTATION_CONTEXT() REPRESENTATION_CONTEXT('2D SPACE',''
  ) );
#3489 = PCURVE('',#3490,#3495);
#3490 = PLANE('',#3491);
#3491 = AXIS2_PLACEMENT_3D('',#3492,#3493,#3494);
#3492 = CARTESIAN_POINT('',(79.475,49.,5.));
#3493 = DIRECTION('',(0.,0.,1.));
#3494 = DIRECTION('',(1.,0.,-0.));
#3495 = DEFINITIONAL_REPRESENTATION('',(#3496),#3500);
#3496 = LINE('',#3497,#3498);
#3497 = CARTESIAN_POINT('',(-9.76895313476E-15,-45.8));
#3498 = VECTOR('',#3499,1.);
#3499 = DIRECTION('',(1.,0.));
#3500 = ( GEOMETRIC_REPRESENTATION_CONTEXT(2) 
PARAMETRIC_REPRESENTATION_CONTEXT() REPRESENTATION_CONTEXT('2D SPACE',''
  ) );
#3501 = ORIENTED_EDGE('',*,*,#3502,.F.);
#3502 = EDGE_CURVE('',#858,#3475,#3503,.T.);
#3503 = SURFACE_CURVE('',#3504,(#3508,#3514),.PCURVE_S1.);
#3504 = LINE('',#3505,#3506);
#3505 = CARTESIAN_POINT('',(50.53,3.2,0.));
#3506 = VECTOR('',#3507,1.);
#3507 = DIRECTION('',(0.,0.,1.));
#3508 = PCURVE('',#874,#3509);
#3509 = DEFINITIONAL_REPRESENTATION('',(#3510),#3513);
#3510 = B_SPLINE_CURVE_WITH_KNOTS('',1,(#3511,#3512),.UNSPECIFIED.,.F.,
  .F.,(2,2),(2.25,5.25),.PIECEWISE_BEZIER_KNOTS.);
#3511 = CARTESIAN_POINT('',(43.53,0.25));
#3512 = CARTESIAN_POINT('',(43.53,-2.75));
#3513 = ( GEOMETRIC_REPRESENTATION_CONTEXT(2) 
PARAMETRIC_REPRESENTATION_CONTEXT() REPRESENTATION_CONTEXT('2D SPACE',''
  ) );
#3514 = PCURVE('',#955,#3515);
#3515 = DEFINITIONAL_REPRESENTATION('',(#3516),#3519);
#3516 = B_SPLINE_CURVE_WITH_KNOTS('',1,(#3517,#3518),.UNSPECIFIED.,.F.,
  .F.,(2,2),(2.25,5.25),.PIECEWISE_BEZIER_KNOTS.);
#3517 = CARTESIAN_POINT('',(3.785093762383,2.25));
#3518 = CARTESIAN_POINT('',(3.785093762383,5.25));
#3519 = ( GEOMETRIC_REPRESENTATION_CONTEXT(2) 
PARAMETRIC_REPRESENTATION_CONTEXT() REPRESENTATION_CONTEXT('2D SPACE',''
  ) );
#3520 = ADVANCED_FACE('',(#3521),#955,.F.);
#3521 = FACE_BOUND('',#3522,.F.);
#3522 = EDGE_LOOP('',(#3523,#3544,#3545,#3546));
#3523 = ORIENTED_EDGE('',*,*,#3524,.F.);
#3524 = EDGE_CURVE('',#915,#3525,#3527,.T.);
#3525 = VERTEX_POINT('',#3526);
#3526 = CARTESIAN_POINT('',(49.73,4.8,5.));
#3527 = SURFACE_CURVE('',#3528,(#3532,#3538),.PCURVE_S1.);
#3528 = LINE('',#3529,#3530);
#3529 = CARTESIAN_POINT('',(49.73,4.8,0.));
#3530 = VECTOR('',#3531,1.);
#3531 = DIRECTION('',(0.,0.,1.));
#3532 = PCURVE('',#955,#3533);
#3533 = DEFINITIONAL_REPRESENTATION('',(#3534),#3537);
#3534 = B_SPLINE_CURVE_WITH_KNOTS('',1,(#3535,#3536),.UNSPECIFIED.,.F.,
  .F.,(2,2),(2.25,5.25),.PIECEWISE_BEZIER_KNOTS.);
#3535 = CARTESIAN_POINT('',(3.425386762798,2.25));
#3536 = CARTESIAN_POINT('',(3.425386762798,5.25));
#3537 = ( GEOMETRIC_REPRESENTATION_CONTEXT(2) 
PARAMETRIC_REPRESENTATION_CONTEXT() REPRESENTATION_CONTEXT('2D SPACE',''
  ) );
#3538 = PCURVE('',#929,#3539);
#3539 = DEFINITIONAL_REPRESENTATION('',(#3540),#3543);
#3540 = B_SPLINE_CURVE_WITH_KNOTS('',1,(#3541,#3542),.UNSPECIFIED.,.F.,
  .F.,(2,2),(2.25,5.25),.PIECEWISE_BEZIER_KNOTS.);
#3541 = CARTESIAN_POINT('',(42.73,0.25));
#3542 = CARTESIAN_POINT('',(42.73,-2.75));
#3543 = ( GEOMETRIC_REPRESENTATION_CONTEXT(2) 
PARAMETRIC_REPRESENTATION_CONTEXT() REPRESENTATION_CONTEXT('2D SPACE',''
  ) );
#3544 = ORIENTED_EDGE('',*,*,#940,.T.);
#3545 = ORIENTED_EDGE('',*,*,#3502,.T.);
#3546 = ORIENTED_EDGE('',*,*,#3547,.F.);
#3547 = EDGE_CURVE('',#3525,#3475,#3548,.T.);
#3548 = SURFACE_CURVE('',#3549,(#3554,#3561),.PCURVE_S1.);
#3549 = CIRCLE('',#3550,5.);
#3550 = AXIS2_PLACEMENT_3D('',#3551,#3552,#3553);
#3551 = CARTESIAN_POINT('',(54.53,6.2,5.));
#3552 = DIRECTION('',(0.,0.,1.));
#3553 = DIRECTION('',(1.,0.,-0.));
#3554 = PCURVE('',#955,#3555);
#3555 = DEFINITIONAL_REPRESENTATION('',(#3556),#3560);
#3556 = LINE('',#3557,#3558);
#3557 = CARTESIAN_POINT('',(0.,5.));
#3558 = VECTOR('',#3559,1.);
#3559 = DIRECTION('',(1.,0.));
#3560 = ( GEOMETRIC_REPRESENTATION_CONTEXT(2) 
PARAMETRIC_REPRESENTATION_CONTEXT() REPRESENTATION_CONTEXT('2D SPACE',''
  ) );
#3561 = PCURVE('',#3490,#3562);
#3562 = DEFINITIONAL_REPRESENTATION('',(#3563),#3567);
#3563 = CIRCLE('',#3564,5.);
#3564 = AXIS2_PLACEMENT_2D('',#3565,#3566);
#3565 = CARTESIAN_POINT('',(-24.945,-42.8));
#3566 = DIRECTION('',(1.,0.));
#3567 = ( GEOMETRIC_REPRESENTATION_CONTEXT(2) 
PARAMETRIC_REPRESENTATION_CONTEXT() REPRESENTATION_CONTEXT('2D SPACE',''
  ) );
#3568 = ADVANCED_FACE('',(#3569),#902,.F.);
#3569 = FACE_BOUND('',#3570,.F.);
#3570 = EDGE_LOOP('',(#3571,#3572,#3573,#3594));
#3571 = ORIENTED_EDGE('',*,*,#3453,.F.);
#3572 = ORIENTED_EDGE('',*,*,#885,.T.);
#3573 = ORIENTED_EDGE('',*,*,#3574,.T.);
#3574 = EDGE_CURVE('',#886,#3575,#3577,.T.);
#3575 = VERTEX_POINT('',#3576);
#3576 = CARTESIAN_POINT('',(11.,4.8,5.));
#3577 = SURFACE_CURVE('',#3578,(#3582,#3588),.PCURVE_S1.);
#3578 = LINE('',#3579,#3580);
#3579 = CARTESIAN_POINT('',(11.,4.8,0.));
#3580 = VECTOR('',#3581,1.);
#3581 = DIRECTION('',(0.,0.,1.));
#3582 = PCURVE('',#902,#3583);
#3583 = DEFINITIONAL_REPRESENTATION('',(#3584),#3587);
#3584 = B_SPLINE_CURVE_WITH_KNOTS('',1,(#3585,#3586),.UNSPECIFIED.,.F.,
  .F.,(2,2),(2.25,5.25),.PIECEWISE_BEZIER_KNOTS.);
#3585 = CARTESIAN_POINT('',(5.999391197971,2.25));
#3586 = CARTESIAN_POINT('',(5.999391197971,5.25));
#3587 = ( GEOMETRIC_REPRESENTATION_CONTEXT(2) 
PARAMETRIC_REPRESENTATION_CONTEXT() REPRESENTATION_CONTEXT('2D SPACE',''
  ) );
#3588 = PCURVE('',#929,#3589);
#3589 = DEFINITIONAL_REPRESENTATION('',(#3590),#3593);
#3590 = B_SPLINE_CURVE_WITH_KNOTS('',1,(#3591,#3592),.UNSPECIFIED.,.F.,
  .F.,(2,2),(2.25,5.25),.PIECEWISE_BEZIER_KNOTS.);
#3591 = CARTESIAN_POINT('',(4.,0.25));
#3592 = CARTESIAN_POINT('',(4.,-2.75));
#3593 = ( GEOMETRIC_REPRESENTATION_CONTEXT(2) 
PARAMETRIC_REPRESENTATION_CONTEXT() REPRESENTATION_CONTEXT('2D SPACE',''
  ) );
#3594 = ORIENTED_EDGE('',*,*,#3595,.F.);
#3595 = EDGE_CURVE('',#3454,#3575,#3596,.T.);
#3596 = SURFACE_CURVE('',#3597,(#3602,#3609),.PCURVE_S1.);
#3597 = CIRCLE('',#3598,5.);
#3598 = AXIS2_PLACEMENT_3D('',#3599,#3600,#3601);
#3599 = CARTESIAN_POINT('',(6.2,6.2,5.));
#3600 = DIRECTION('',(0.,0.,1.));
#3601 = DIRECTION('',(1.,0.,-0.));
#3602 = PCURVE('',#902,#3603);
#3603 = DEFINITIONAL_REPRESENTATION('',(#3604),#3608);
#3604 = LINE('',#3605,#3606);
#3605 = CARTESIAN_POINT('',(0.,5.));
#3606 = VECTOR('',#3607,1.);
#3607 = DIRECTION('',(1.,0.));
#3608 = ( GEOMETRIC_REPRESENTATION_CONTEXT(2) 
PARAMETRIC_REPRESENTATION_CONTEXT() REPRESENTATION_CONTEXT('2D SPACE',''
  ) );
#3609 = PCURVE('',#3490,#3610);
#3610 = DEFINITIONAL_REPRESENTATION('',(#3611),#3615);
#3611 = CIRCLE('',#3612,5.);
#3612 = AXIS2_PLACEMENT_2D('',#3613,#3614);
#3613 = CARTESIAN_POINT('',(-73.275,-42.8));
#3614 = DIRECTION('',(1.,0.));
#3615 = ( GEOMETRIC_REPRESENTATION_CONTEXT(2) 
PARAMETRIC_REPRESENTATION_CONTEXT() REPRESENTATION_CONTEXT('2D SPACE',''
  ) );
#3616 = ADVANCED_FACE('',(#3617),#929,.T.);
#3617 = FACE_BOUND('',#3618,.T.);
#3618 = EDGE_LOOP('',(#3619,#3620,#3621,#3642));
#3619 = ORIENTED_EDGE('',*,*,#914,.T.);
#3620 = ORIENTED_EDGE('',*,*,#3574,.T.);
#3621 = ORIENTED_EDGE('',*,*,#3622,.T.);
#3622 = EDGE_CURVE('',#3575,#3525,#3623,.T.);
#3623 = SURFACE_CURVE('',#3624,(#3628,#3635),.PCURVE_S1.);
#3624 = LINE('',#3625,#3626);
#3625 = CARTESIAN_POINT('',(79.475,4.8,5.));
#3626 = VECTOR('',#3627,1.);
#3627 = DIRECTION('',(1.,0.,0.));
#3628 = PCURVE('',#929,#3629);
#3629 = DEFINITIONAL_REPRESENTATION('',(#3630),#3634);
#3630 = LINE('',#3631,#3632);
#3631 = CARTESIAN_POINT('',(72.475,-2.5));
#3632 = VECTOR('',#3633,1.);
#3633 = DIRECTION('',(1.,0.));
#3634 = ( GEOMETRIC_REPRESENTATION_CONTEXT(2) 
PARAMETRIC_REPRESENTATION_CONTEXT() REPRESENTATION_CONTEXT('2D SPACE',''
  ) );
#3635 = PCURVE('',#3490,#3636);
#3636 = DEFINITIONAL_REPRESENTATION('',(#3637),#3641);
#3637 = LINE('',#3638,#3639);
#3638 = CARTESIAN_POINT('',(4.441901580442E-15,-44.2));
#3639 = VECTOR('',#3640,1.);
#3640 = DIRECTION('',(1.,0.));
#3641 = ( GEOMETRIC_REPRESENTATION_CONTEXT(2) 
PARAMETRIC_REPRESENTATION_CONTEXT() REPRESENTATION_CONTEXT('2D SPACE',''
  ) );
#3642 = ORIENTED_EDGE('',*,*,#3524,.F.);
#3643 = ADVANCED_FACE('',(#3644),#986,.F.);
#3644 = FACE_BOUND('',#3645,.F.);
#3645 = EDGE_LOOP('',(#3646,#3669,#3670,#3671));
#3646 = ORIENTED_EDGE('',*,*,#3647,.T.);
#3647 = EDGE_CURVE('',#3648,#970,#3650,.T.);
#3648 = VERTEX_POINT('',#3649);
#3649 = CARTESIAN_POINT('',(56.23,6.2,1.69));
#3650 = SEAM_CURVE('',#3651,(#3655,#3662),.PCURVE_S1.);
#3651 = LINE('',#3652,#3653);
#3652 = CARTESIAN_POINT('',(56.23,6.2,-1.));
#3653 = VECTOR('',#3654,1.);
#3654 = DIRECTION('',(0.,0.,1.));
#3655 = PCURVE('',#986,#3656);
#3656 = DEFINITIONAL_REPRESENTATION('',(#3657),#3661);
#3657 = LINE('',#3658,#3659);
#3658 = CARTESIAN_POINT('',(6.28318530718,-0.));
#3659 = VECTOR('',#3660,1.);
#3660 = DIRECTION('',(0.,1.));
#3661 = ( GEOMETRIC_REPRESENTATION_CONTEXT(2) 
PARAMETRIC_REPRESENTATION_CONTEXT() REPRESENTATION_CONTEXT('2D SPACE',''
  ) );
#3662 = PCURVE('',#986,#3663);
#3663 = DEFINITIONAL_REPRESENTATION('',(#3664),#3668);
#3664 = LINE('',#3665,#3666);
#3665 = CARTESIAN_POINT('',(0.,-0.));
#3666 = VECTOR('',#3667,1.);
#3667 = DIRECTION('',(0.,1.));
#3668 = ( GEOMETRIC_REPRESENTATION_CONTEXT(2) 
PARAMETRIC_REPRESENTATION_CONTEXT() REPRESENTATION_CONTEXT('2D SPACE',''
  ) );
#3669 = ORIENTED_EDGE('',*,*,#969,.F.);
#3670 = ORIENTED_EDGE('',*,*,#3647,.F.);
#3671 = ORIENTED_EDGE('',*,*,#3672,.T.);
#3672 = EDGE_CURVE('',#3648,#3648,#3673,.T.);
#3673 = SURFACE_CURVE('',#3674,(#3679,#3686),.PCURVE_S1.);
#3674 = CIRCLE('',#3675,1.7);
#3675 = AXIS2_PLACEMENT_3D('',#3676,#3677,#3678);
#3676 = CARTESIAN_POINT('',(54.53,6.2,1.69));
#3677 = DIRECTION('',(0.,0.,1.));
#3678 = DIRECTION('',(1.,0.,-0.));
#3679 = PCURVE('',#986,#3680);
#3680 = DEFINITIONAL_REPRESENTATION('',(#3681),#3685);
#3681 = LINE('',#3682,#3683);
#3682 = CARTESIAN_POINT('',(0.,2.69));
#3683 = VECTOR('',#3684,1.);
#3684 = DIRECTION('',(1.,0.));
#3685 = ( GEOMETRIC_REPRESENTATION_CONTEXT(2) 
PARAMETRIC_REPRESENTATION_CONTEXT() REPRESENTATION_CONTEXT('2D SPACE',''
  ) );
#3686 = PCURVE('',#2754,#3687);
#3687 = DEFINITIONAL_REPRESENTATION('',(#3688),#3692);
#3688 = LINE('',#3689,#3690);
#3689 = CARTESIAN_POINT('',(-0.,-1.7));
#3690 = VECTOR('',#3691,1.);
#3691 = DIRECTION('',(-1.,-0.));
#3692 = ( GEOMETRIC_REPRESENTATION_CONTEXT(2) 
PARAMETRIC_REPRESENTATION_CONTEXT() REPRESENTATION_CONTEXT('2D SPACE',''
  ) );
#3693 = ADVANCED_FACE('',(#3694),#1017,.T.);
#3694 = FACE_BOUND('',#3695,.T.);
#3695 = EDGE_LOOP('',(#3696,#3719,#3746,#3747));
#3696 = ORIENTED_EDGE('',*,*,#3697,.T.);
#3697 = EDGE_CURVE('',#1001,#3698,#3700,.T.);
#3698 = VERTEX_POINT('',#3699);
#3699 = CARTESIAN_POINT('',(47.075,47.8,6.));
#3700 = SEAM_CURVE('',#3701,(#3705,#3712),.PCURVE_S1.);
#3701 = LINE('',#3702,#3703);
#3702 = CARTESIAN_POINT('',(47.075,47.8,2.5));
#3703 = VECTOR('',#3704,1.);
#3704 = DIRECTION('',(0.,0.,1.));
#3705 = PCURVE('',#1017,#3706);
#3706 = DEFINITIONAL_REPRESENTATION('',(#3707),#3711);
#3707 = LINE('',#3708,#3709);
#3708 = CARTESIAN_POINT('',(6.28318530718,-0.));
#3709 = VECTOR('',#3710,1.);
#3710 = DIRECTION('',(0.,1.));
#3711 = ( GEOMETRIC_REPRESENTATION_CONTEXT(2) 
PARAMETRIC_REPRESENTATION_CONTEXT() REPRESENTATION_CONTEXT('2D SPACE',''
  ) );
#3712 = PCURVE('',#1017,#3713);
#3713 = DEFINITIONAL_REPRESENTATION('',(#3714),#3718);
#3714 = LINE('',#3715,#3716);
#3715 = CARTESIAN_POINT('',(0.,-0.));
#3716 = VECTOR('',#3717,1.);
#3717 = DIRECTION('',(0.,1.));
#3718 = ( GEOMETRIC_REPRESENTATION_CONTEXT(2) 
PARAMETRIC_REPRESENTATION_CONTEXT() REPRESENTATION_CONTEXT('2D SPACE',''
  ) );
#3719 = ORIENTED_EDGE('',*,*,#3720,.F.);
#3720 = EDGE_CURVE('',#3698,#3698,#3721,.T.);
#3721 = SURFACE_CURVE('',#3722,(#3727,#3734),.PCURVE_S1.);
#3722 = CIRCLE('',#3723,2.5);
#3723 = AXIS2_PLACEMENT_3D('',#3724,#3725,#3726);
#3724 = CARTESIAN_POINT('',(44.575,47.8,6.));
#3725 = DIRECTION('',(0.,0.,1.));
#3726 = DIRECTION('',(1.,0.,-0.));
#3727 = PCURVE('',#1017,#3728);
#3728 = DEFINITIONAL_REPRESENTATION('',(#3729),#3733);
#3729 = LINE('',#3730,#3731);
#3730 = CARTESIAN_POINT('',(0.,3.5));
#3731 = VECTOR('',#3732,1.);
#3732 = DIRECTION('',(1.,0.));
#3733 = ( GEOMETRIC_REPRESENTATION_CONTEXT(2) 
PARAMETRIC_REPRESENTATION_CONTEXT() REPRESENTATION_CONTEXT('2D SPACE',''
  ) );
#3734 = PCURVE('',#3735,#3740);
#3735 = PLANE('',#3736);
#3736 = AXIS2_PLACEMENT_3D('',#3737,#3738,#3739);
#3737 = CARTESIAN_POINT('',(44.575,47.8,6.));
#3738 = DIRECTION('',(0.,0.,1.));
#3739 = DIRECTION('',(1.,0.,-0.));
#3740 = DEFINITIONAL_REPRESENTATION('',(#3741),#3745);
#3741 = CIRCLE('',#3742,2.5);
#3742 = AXIS2_PLACEMENT_2D('',#3743,#3744);
#3743 = CARTESIAN_POINT('',(0.,0.));
#3744 = DIRECTION('',(1.,0.));
#3745 = ( GEOMETRIC_REPRESENTATION_CONTEXT(2) 
PARAMETRIC_REPRESENTATION_CONTEXT() REPRESENTATION_CONTEXT('2D SPACE',''
  ) );
#3746 = ORIENTED_EDGE('',*,*,#3697,.F.);
#3747 = ORIENTED_EDGE('',*,*,#1000,.T.);
#3748 = ADVANCED_FACE('',(#3749),#1048,.F.);
#3749 = FACE_BOUND('',#3750,.F.);
#3750 = EDGE_LOOP('',(#3751,#3774,#3775,#3798));
#3751 = ORIENTED_EDGE('',*,*,#3752,.F.);
#3752 = EDGE_CURVE('',#1032,#3753,#3755,.T.);
#3753 = VERTEX_POINT('',#3754);
#3754 = CARTESIAN_POINT('',(75.475,41.1,8.));
#3755 = SURFACE_CURVE('',#3756,(#3760,#3767),.PCURVE_S1.);
#3756 = LINE('',#3757,#3758);
#3757 = CARTESIAN_POINT('',(75.475,41.1,2.5));
#3758 = VECTOR('',#3759,1.);
#3759 = DIRECTION('',(0.,0.,1.));
#3760 = PCURVE('',#1048,#3761);
#3761 = DEFINITIONAL_REPRESENTATION('',(#3762),#3766);
#3762 = LINE('',#3763,#3764);
#3763 = CARTESIAN_POINT('',(0.,2.5));
#3764 = VECTOR('',#3765,1.);
#3765 = DIRECTION('',(1.,0.));
#3766 = ( GEOMETRIC_REPRESENTATION_CONTEXT(2) 
PARAMETRIC_REPRESENTATION_CONTEXT() REPRESENTATION_CONTEXT('2D SPACE',''
  ) );
#3767 = PCURVE('',#1124,#3768);
#3768 = DEFINITIONAL_REPRESENTATION('',(#3769),#3773);
#3769 = LINE('',#3770,#3771);
#3770 = CARTESIAN_POINT('',(0.,0.));
#3771 = VECTOR('',#3772,1.);
#3772 = DIRECTION('',(1.,0.));
#3773 = ( GEOMETRIC_REPRESENTATION_CONTEXT(2) 
PARAMETRIC_REPRESENTATION_CONTEXT() REPRESENTATION_CONTEXT('2D SPACE',''
  ) );
#3774 = ORIENTED_EDGE('',*,*,#1031,.T.);
#3775 = ORIENTED_EDGE('',*,*,#3776,.T.);
#3776 = EDGE_CURVE('',#1034,#3777,#3779,.T.);
#3777 = VERTEX_POINT('',#3778);
#3778 = CARTESIAN_POINT('',(75.475,43.6,8.));
#3779 = SURFACE_CURVE('',#3780,(#3784,#3791),.PCURVE_S1.);
#3780 = LINE('',#3781,#3782);
#3781 = CARTESIAN_POINT('',(75.475,43.6,2.5));
#3782 = VECTOR('',#3783,1.);
#3783 = DIRECTION('',(0.,0.,1.));
#3784 = PCURVE('',#1048,#3785);
#3785 = DEFINITIONAL_REPRESENTATION('',(#3786),#3790);
#3786 = LINE('',#3787,#3788);
#3787 = CARTESIAN_POINT('',(0.,0.));
#3788 = VECTOR('',#3789,1.);
#3789 = DIRECTION('',(1.,0.));
#3790 = ( GEOMETRIC_REPRESENTATION_CONTEXT(2) 
PARAMETRIC_REPRESENTATION_CONTEXT() REPRESENTATION_CONTEXT('2D SPACE',''
  ) );
#3791 = PCURVE('',#1074,#3792);
#3792 = DEFINITIONAL_REPRESENTATION('',(#3793),#3797);
#3793 = LINE('',#3794,#3795);
#3794 = CARTESIAN_POINT('',(0.,0.));
#3795 = VECTOR('',#3796,1.);
#3796 = DIRECTION('',(1.,0.));
#3797 = ( GEOMETRIC_REPRESENTATION_CONTEXT(2) 
PARAMETRIC_REPRESENTATION_CONTEXT() REPRESENTATION_CONTEXT('2D SPACE',''
  ) );
#3798 = ORIENTED_EDGE('',*,*,#3799,.T.);
#3799 = EDGE_CURVE('',#3777,#3753,#3800,.T.);
#3800 = SURFACE_CURVE('',#3801,(#3805,#3812),.PCURVE_S1.);
#3801 = LINE('',#3802,#3803);
#3802 = CARTESIAN_POINT('',(75.475,43.6,8.));
#3803 = VECTOR('',#3804,1.);
#3804 = DIRECTION('',(2.22044604925E-16,-1.,0.));
#3805 = PCURVE('',#1048,#3806);
#3806 = DEFINITIONAL_REPRESENTATION('',(#3807),#3811);
#3807 = LINE('',#3808,#3809);
#3808 = CARTESIAN_POINT('',(5.5,0.));
#3809 = VECTOR('',#3810,1.);
#3810 = DIRECTION('',(0.,1.));
#3811 = ( GEOMETRIC_REPRESENTATION_CONTEXT(2) 
PARAMETRIC_REPRESENTATION_CONTEXT() REPRESENTATION_CONTEXT('2D SPACE',''
  ) );
#3812 = PCURVE('',#3813,#3818);
#3813 = PLANE('',#3814);
#3814 = AXIS2_PLACEMENT_3D('',#3815,#3816,#3817);
#3815 = CARTESIAN_POINT('',(75.475,43.6,8.));
#3816 = DIRECTION('',(0.,0.,1.));
#3817 = DIRECTION('',(2.22044604925E-16,-1.,0.));
#3818 = DEFINITIONAL_REPRESENTATION('',(#3819),#3823);
#3819 = LINE('',#3820,#3821);
#3820 = CARTESIAN_POINT('',(0.,0.));
#3821 = VECTOR('',#3822,1.);
#3822 = DIRECTION('',(1.,0.));
#3823 = ( GEOMETRIC_REPRESENTATION_CONTEXT(2) 
PARAMETRIC_REPRESENTATION_CONTEXT() REPRESENTATION_CONTEXT('2D SPACE',''
  ) );
#3824 = ADVANCED_FACE('',(#3825),#1124,.T.);
#3825 = FACE_BOUND('',#3826,.T.);
#3826 = EDGE_LOOP('',(#3827,#3828,#3829,#3852));
#3827 = ORIENTED_EDGE('',*,*,#3752,.F.);
#3828 = ORIENTED_EDGE('',*,*,#1111,.T.);
#3829 = ORIENTED_EDGE('',*,*,#3830,.T.);
#3830 = EDGE_CURVE('',#1086,#3831,#3833,.T.);
#3831 = VERTEX_POINT('',#3832);
#3832 = CARTESIAN_POINT('',(83.475,41.1,8.));
#3833 = SURFACE_CURVE('',#3834,(#3838,#3845),.PCURVE_S1.);
#3834 = LINE('',#3835,#3836);
#3835 = CARTESIAN_POINT('',(83.475,41.1,2.5));
#3836 = VECTOR('',#3837,1.);
#3837 = DIRECTION('',(0.,0.,1.));
#3838 = PCURVE('',#1124,#3839);
#3839 = DEFINITIONAL_REPRESENTATION('',(#3840),#3844);
#3840 = LINE('',#3841,#3842);
#3841 = CARTESIAN_POINT('',(0.,-8.));
#3842 = VECTOR('',#3843,1.);
#3843 = DIRECTION('',(1.,0.));
#3844 = ( GEOMETRIC_REPRESENTATION_CONTEXT(2) 
PARAMETRIC_REPRESENTATION_CONTEXT() REPRESENTATION_CONTEXT('2D SPACE',''
  ) );
#3845 = PCURVE('',#1100,#3846);
#3846 = DEFINITIONAL_REPRESENTATION('',(#3847),#3851);
#3847 = LINE('',#3848,#3849);
#3848 = CARTESIAN_POINT('',(0.,2.5));
#3849 = VECTOR('',#3850,1.);
#3850 = DIRECTION('',(1.,0.));
#3851 = ( GEOMETRIC_REPRESENTATION_CONTEXT(2) 
PARAMETRIC_REPRESENTATION_CONTEXT() REPRESENTATION_CONTEXT('2D SPACE',''
  ) );
#3852 = ORIENTED_EDGE('',*,*,#3853,.F.);
#3853 = EDGE_CURVE('',#3753,#3831,#3854,.T.);
#3854 = SURFACE_CURVE('',#3855,(#3859,#3866),.PCURVE_S1.);
#3855 = LINE('',#3856,#3857);
#3856 = CARTESIAN_POINT('',(75.475,41.1,8.));
#3857 = VECTOR('',#3858,1.);
#3858 = DIRECTION('',(1.,2.22044604925E-16,0.));
#3859 = PCURVE('',#1124,#3860);
#3860 = DEFINITIONAL_REPRESENTATION('',(#3861),#3865);
#3861 = LINE('',#3862,#3863);
#3862 = CARTESIAN_POINT('',(5.5,0.));
#3863 = VECTOR('',#3864,1.);
#3864 = DIRECTION('',(0.,-1.));
#3865 = ( GEOMETRIC_REPRESENTATION_CONTEXT(2) 
PARAMETRIC_REPRESENTATION_CONTEXT() REPRESENTATION_CONTEXT('2D SPACE',''
  ) );
#3866 = PCURVE('',#3813,#3867);
#3867 = DEFINITIONAL_REPRESENTATION('',(#3868),#3872);
#3868 = LINE('',#3869,#3870);
#3869 = CARTESIAN_POINT('',(2.5,0.));
#3870 = VECTOR('',#3871,1.);
#3871 = DIRECTION('',(0.,1.));
#3872 = ( GEOMETRIC_REPRESENTATION_CONTEXT(2) 
PARAMETRIC_REPRESENTATION_CONTEXT() REPRESENTATION_CONTEXT('2D SPACE',''
  ) );
#3873 = ADVANCED_FACE('',(#3874),#1074,.F.);
#3874 = FACE_BOUND('',#3875,.F.);
#3875 = EDGE_LOOP('',(#3876,#3877,#3878,#3901));
#3876 = ORIENTED_EDGE('',*,*,#3776,.F.);
#3877 = ORIENTED_EDGE('',*,*,#1059,.T.);
#3878 = ORIENTED_EDGE('',*,*,#3879,.T.);
#3879 = EDGE_CURVE('',#1060,#3880,#3882,.T.);
#3880 = VERTEX_POINT('',#3881);
#3881 = CARTESIAN_POINT('',(83.475,43.6,8.));
#3882 = SURFACE_CURVE('',#3883,(#3887,#3894),.PCURVE_S1.);
#3883 = LINE('',#3884,#3885);
#3884 = CARTESIAN_POINT('',(83.475,43.6,2.5));
#3885 = VECTOR('',#3886,1.);
#3886 = DIRECTION('',(0.,0.,1.));
#3887 = PCURVE('',#1074,#3888);
#3888 = DEFINITIONAL_REPRESENTATION('',(#3889),#3893);
#3889 = LINE('',#3890,#3891);
#3890 = CARTESIAN_POINT('',(0.,-8.));
#3891 = VECTOR('',#3892,1.);
#3892 = DIRECTION('',(1.,0.));
#3893 = ( GEOMETRIC_REPRESENTATION_CONTEXT(2) 
PARAMETRIC_REPRESENTATION_CONTEXT() REPRESENTATION_CONTEXT('2D SPACE',''
  ) );
#3894 = PCURVE('',#1100,#3895);
#3895 = DEFINITIONAL_REPRESENTATION('',(#3896),#3900);
#3896 = LINE('',#3897,#3898);
#3897 = CARTESIAN_POINT('',(0.,0.));
#3898 = VECTOR('',#3899,1.);
#3899 = DIRECTION('',(1.,0.));
#3900 = ( GEOMETRIC_REPRESENTATION_CONTEXT(2) 
PARAMETRIC_REPRESENTATION_CONTEXT() REPRESENTATION_CONTEXT('2D SPACE',''
  ) );
#3901 = ORIENTED_EDGE('',*,*,#3902,.F.);
#3902 = EDGE_CURVE('',#3777,#3880,#3903,.T.);
#3903 = SURFACE_CURVE('',#3904,(#3908,#3915),.PCURVE_S1.);
#3904 = LINE('',#3905,#3906);
#3905 = CARTESIAN_POINT('',(75.475,43.6,8.));
#3906 = VECTOR('',#3907,1.);
#3907 = DIRECTION('',(1.,2.22044604925E-16,0.));
#3908 = PCURVE('',#1074,#3909);
#3909 = DEFINITIONAL_REPRESENTATION('',(#3910),#3914);
#3910 = LINE('',#3911,#3912);
#3911 = CARTESIAN_POINT('',(5.5,0.));
#3912 = VECTOR('',#3913,1.);
#3913 = DIRECTION('',(0.,-1.));
#3914 = ( GEOMETRIC_REPRESENTATION_CONTEXT(2) 
PARAMETRIC_REPRESENTATION_CONTEXT() REPRESENTATION_CONTEXT('2D SPACE',''
  ) );
#3915 = PCURVE('',#3813,#3916);
#3916 = DEFINITIONAL_REPRESENTATION('',(#3917),#3921);
#3917 = LINE('',#3918,#3919);
#3918 = CARTESIAN_POINT('',(0.,0.));
#3919 = VECTOR('',#3920,1.);
#3920 = DIRECTION('',(0.,1.));
#3921 = ( GEOMETRIC_REPRESENTATION_CONTEXT(2) 
PARAMETRIC_REPRESENTATION_CONTEXT() REPRESENTATION_CONTEXT('2D SPACE',''
  ) );
#3922 = ADVANCED_FACE('',(#3923),#1100,.T.);
#3923 = FACE_BOUND('',#3924,.T.);
#3924 = EDGE_LOOP('',(#3925,#3926,#3927,#3928));
#3925 = ORIENTED_EDGE('',*,*,#3830,.F.);
#3926 = ORIENTED_EDGE('',*,*,#1085,.T.);
#3927 = ORIENTED_EDGE('',*,*,#3879,.T.);
#3928 = ORIENTED_EDGE('',*,*,#3929,.T.);
#3929 = EDGE_CURVE('',#3880,#3831,#3930,.T.);
#3930 = SURFACE_CURVE('',#3931,(#3935,#3942),.PCURVE_S1.);
#3931 = LINE('',#3932,#3933);
#3932 = CARTESIAN_POINT('',(83.475,43.6,8.));
#3933 = VECTOR('',#3934,1.);
#3934 = DIRECTION('',(2.22044604925E-16,-1.,0.));
#3935 = PCURVE('',#1100,#3936);
#3936 = DEFINITIONAL_REPRESENTATION('',(#3937),#3941);
#3937 = LINE('',#3938,#3939);
#3938 = CARTESIAN_POINT('',(5.5,0.));
#3939 = VECTOR('',#3940,1.);
#3940 = DIRECTION('',(0.,1.));
#3941 = ( GEOMETRIC_REPRESENTATION_CONTEXT(2) 
PARAMETRIC_REPRESENTATION_CONTEXT() REPRESENTATION_CONTEXT('2D SPACE',''
  ) );
#3942 = PCURVE('',#3813,#3943);
#3943 = DEFINITIONAL_REPRESENTATION('',(#3944),#3948);
#3944 = LINE('',#3945,#3946);
#3945 = CARTESIAN_POINT('',(0.,8.));
#3946 = VECTOR('',#3947,1.);
#3947 = DIRECTION('',(1.,0.));
#3948 = ( GEOMETRIC_REPRESENTATION_CONTEXT(2) 
PARAMETRIC_REPRESENTATION_CONTEXT() REPRESENTATION_CONTEXT('2D SPACE',''
  ) );
#3949 = ADVANCED_FACE('',(#3950),#1154,.T.);
#3950 = FACE_BOUND('',#3951,.T.);
#3951 = EDGE_LOOP('',(#3952,#3975,#4002,#4003));
#3952 = ORIENTED_EDGE('',*,*,#3953,.T.);
#3953 = EDGE_CURVE('',#1138,#3954,#3956,.T.);
#3954 = VERTEX_POINT('',#3955);
#3955 = CARTESIAN_POINT('',(73.775,43.8,6.));
#3956 = SEAM_CURVE('',#3957,(#3961,#3968),.PCURVE_S1.);
#3957 = LINE('',#3958,#3959);
#3958 = CARTESIAN_POINT('',(73.775,43.8,2.5));
#3959 = VECTOR('',#3960,1.);
#3960 = DIRECTION('',(0.,0.,1.));
#3961 = PCURVE('',#1154,#3962);
#3962 = DEFINITIONAL_REPRESENTATION('',(#3963),#3967);
#3963 = LINE('',#3964,#3965);
#3964 = CARTESIAN_POINT('',(6.28318530718,-0.));
#3965 = VECTOR('',#3966,1.);
#3966 = DIRECTION('',(0.,1.));
#3967 = ( GEOMETRIC_REPRESENTATION_CONTEXT(2) 
PARAMETRIC_REPRESENTATION_CONTEXT() REPRESENTATION_CONTEXT('2D SPACE',''
  ) );
#3968 = PCURVE('',#1154,#3969);
#3969 = DEFINITIONAL_REPRESENTATION('',(#3970),#3974);
#3970 = LINE('',#3971,#3972);
#3971 = CARTESIAN_POINT('',(0.,-0.));
#3972 = VECTOR('',#3973,1.);
#3973 = DIRECTION('',(0.,1.));
#3974 = ( GEOMETRIC_REPRESENTATION_CONTEXT(2) 
PARAMETRIC_REPRESENTATION_CONTEXT() REPRESENTATION_CONTEXT('2D SPACE',''
  ) );
#3975 = ORIENTED_EDGE('',*,*,#3976,.F.);
#3976 = EDGE_CURVE('',#3954,#3954,#3977,.T.);
#3977 = SURFACE_CURVE('',#3978,(#3983,#3990),.PCURVE_S1.);
#3978 = CIRCLE('',#3979,2.1);
#3979 = AXIS2_PLACEMENT_3D('',#3980,#3981,#3982);
#3980 = CARTESIAN_POINT('',(73.775,45.9,6.));
#3981 = DIRECTION('',(-0.,0.,1.));
#3982 = DIRECTION('',(2.22044604925E-16,-1.,0.));
#3983 = PCURVE('',#1154,#3984);
#3984 = DEFINITIONAL_REPRESENTATION('',(#3985),#3989);
#3985 = LINE('',#3986,#3987);
#3986 = CARTESIAN_POINT('',(0.,3.5));
#3987 = VECTOR('',#3988,1.);
#3988 = DIRECTION('',(1.,0.));
#3989 = ( GEOMETRIC_REPRESENTATION_CONTEXT(2) 
PARAMETRIC_REPRESENTATION_CONTEXT() REPRESENTATION_CONTEXT('2D SPACE',''
  ) );
#3990 = PCURVE('',#3991,#3996);
#3991 = PLANE('',#3992);
#3992 = AXIS2_PLACEMENT_3D('',#3993,#3994,#3995);
#3993 = CARTESIAN_POINT('',(73.775,45.9,6.));
#3994 = DIRECTION('',(0.,0.,1.));
#3995 = DIRECTION('',(2.22044604925E-16,-1.,0.));
#3996 = DEFINITIONAL_REPRESENTATION('',(#3997),#4001);
#3997 = CIRCLE('',#3998,2.1);
#3998 = AXIS2_PLACEMENT_2D('',#3999,#4000);
#3999 = CARTESIAN_POINT('',(0.,0.));
#4000 = DIRECTION('',(1.,0.));
#4001 = ( GEOMETRIC_REPRESENTATION_CONTEXT(2) 
PARAMETRIC_REPRESENTATION_CONTEXT() REPRESENTATION_CONTEXT('2D SPACE',''
  ) );
#4002 = ORIENTED_EDGE('',*,*,#3953,.F.);
#4003 = ORIENTED_EDGE('',*,*,#1137,.T.);
#4004 = ADVANCED_FACE('',(#4005),#1185,.F.);
#4005 = FACE_BOUND('',#4006,.F.);
#4006 = EDGE_LOOP('',(#4007,#4008,#4029,#4057));
#4007 = ORIENTED_EDGE('',*,*,#1168,.T.);
#4008 = ORIENTED_EDGE('',*,*,#4009,.T.);
#4009 = EDGE_CURVE('',#1171,#4010,#4012,.T.);
#4010 = VERTEX_POINT('',#4011);
#4011 = CARTESIAN_POINT('',(58.53,3.2,5.));
#4012 = SURFACE_CURVE('',#4013,(#4017,#4023),.PCURVE_S1.);
#4013 = LINE('',#4014,#4015);
#4014 = CARTESIAN_POINT('',(58.53,3.2,0.));
#4015 = VECTOR('',#4016,1.);
#4016 = DIRECTION('',(0.,0.,1.));
#4017 = PCURVE('',#1185,#4018);
#4018 = DEFINITIONAL_REPRESENTATION('',(#4019),#4022);
#4019 = B_SPLINE_CURVE_WITH_KNOTS('',1,(#4020,#4021),.UNSPECIFIED.,.F.,
  .F.,(2,2),(2.25,5.25),.PIECEWISE_BEZIER_KNOTS.);
#4020 = CARTESIAN_POINT('',(51.53,0.25));
#4021 = CARTESIAN_POINT('',(51.53,-2.75));
#4022 = ( GEOMETRIC_REPRESENTATION_CONTEXT(2) 
PARAMETRIC_REPRESENTATION_CONTEXT() REPRESENTATION_CONTEXT('2D SPACE',''
  ) );
#4023 = PCURVE('',#1213,#4024);
#4024 = DEFINITIONAL_REPRESENTATION('',(#4025),#4028);
#4025 = B_SPLINE_CURVE_WITH_KNOTS('',1,(#4026,#4027),.UNSPECIFIED.,.F.,
  .F.,(2,2),(2.25,5.25),.PIECEWISE_BEZIER_KNOTS.);
#4026 = CARTESIAN_POINT('',(5.639684198386,2.25));
#4027 = CARTESIAN_POINT('',(5.639684198386,5.25));
#4028 = ( GEOMETRIC_REPRESENTATION_CONTEXT(2) 
PARAMETRIC_REPRESENTATION_CONTEXT() REPRESENTATION_CONTEXT('2D SPACE',''
  ) );
#4029 = ORIENTED_EDGE('',*,*,#4030,.T.);
#4030 = EDGE_CURVE('',#4010,#4031,#4033,.T.);
#4031 = VERTEX_POINT('',#4032);
#4032 = CARTESIAN_POINT('',(102.53,3.2,5.));
#4033 = SURFACE_CURVE('',#4034,(#4038,#4045),.PCURVE_S1.);
#4034 = LINE('',#4035,#4036);
#4035 = CARTESIAN_POINT('',(79.475,3.2,5.));
#4036 = VECTOR('',#4037,1.);
#4037 = DIRECTION('',(1.,0.,0.));
#4038 = PCURVE('',#1185,#4039);
#4039 = DEFINITIONAL_REPRESENTATION('',(#4040),#4044);
#4040 = LINE('',#4041,#4042);
#4041 = CARTESIAN_POINT('',(72.475,-2.5));
#4042 = VECTOR('',#4043,1.);
#4043 = DIRECTION('',(1.,0.));
#4044 = ( GEOMETRIC_REPRESENTATION_CONTEXT(2) 
PARAMETRIC_REPRESENTATION_CONTEXT() REPRESENTATION_CONTEXT('2D SPACE',''
  ) );
#4045 = PCURVE('',#4046,#4051);
#4046 = PLANE('',#4047);
#4047 = AXIS2_PLACEMENT_3D('',#4048,#4049,#4050);
#4048 = CARTESIAN_POINT('',(79.475,49.,5.));
#4049 = DIRECTION('',(0.,0.,1.));
#4050 = DIRECTION('',(1.,0.,-0.));
#4051 = DEFINITIONAL_REPRESENTATION('',(#4052),#4056);
#4052 = LINE('',#4053,#4054);
#4053 = CARTESIAN_POINT('',(-9.76895313476E-15,-45.8));
#4054 = VECTOR('',#4055,1.);
#4055 = DIRECTION('',(1.,0.));
#4056 = ( GEOMETRIC_REPRESENTATION_CONTEXT(2) 
PARAMETRIC_REPRESENTATION_CONTEXT() REPRESENTATION_CONTEXT('2D SPACE',''
  ) );
#4057 = ORIENTED_EDGE('',*,*,#4058,.F.);
#4058 = EDGE_CURVE('',#1169,#4031,#4059,.T.);
#4059 = SURFACE_CURVE('',#4060,(#4064,#4070),.PCURVE_S1.);
#4060 = LINE('',#4061,#4062);
#4061 = CARTESIAN_POINT('',(102.53,3.2,0.));
#4062 = VECTOR('',#4063,1.);
#4063 = DIRECTION('',(0.,0.,1.));
#4064 = PCURVE('',#1185,#4065);
#4065 = DEFINITIONAL_REPRESENTATION('',(#4066),#4069);
#4066 = B_SPLINE_CURVE_WITH_KNOTS('',1,(#4067,#4068),.UNSPECIFIED.,.F.,
  .F.,(2,2),(2.25,5.25),.PIECEWISE_BEZIER_KNOTS.);
#4067 = CARTESIAN_POINT('',(95.53,0.25));
#4068 = CARTESIAN_POINT('',(95.53,-2.75));
#4069 = ( GEOMETRIC_REPRESENTATION_CONTEXT(2) 
PARAMETRIC_REPRESENTATION_CONTEXT() REPRESENTATION_CONTEXT('2D SPACE',''
  ) );
#4070 = PCURVE('',#1266,#4071);
#4071 = DEFINITIONAL_REPRESENTATION('',(#4072),#4075);
#4072 = B_SPLINE_CURVE_WITH_KNOTS('',1,(#4073,#4074),.UNSPECIFIED.,.F.,
  .F.,(2,2),(2.25,5.25),.PIECEWISE_BEZIER_KNOTS.);
#4073 = CARTESIAN_POINT('',(3.785093762383,2.25));
#4074 = CARTESIAN_POINT('',(3.785093762383,5.25));
#4075 = ( GEOMETRIC_REPRESENTATION_CONTEXT(2) 
PARAMETRIC_REPRESENTATION_CONTEXT() REPRESENTATION_CONTEXT('2D SPACE',''
  ) );
#4076 = ADVANCED_FACE('',(#4077),#1266,.F.);
#4077 = FACE_BOUND('',#4078,.F.);
#4078 = EDGE_LOOP('',(#4079,#4100,#4101,#4102));
#4079 = ORIENTED_EDGE('',*,*,#4080,.F.);
#4080 = EDGE_CURVE('',#1226,#4081,#4083,.T.);
#4081 = VERTEX_POINT('',#4082);
#4082 = CARTESIAN_POINT('',(101.73,4.8,5.));
#4083 = SURFACE_CURVE('',#4084,(#4088,#4094),.PCURVE_S1.);
#4084 = LINE('',#4085,#4086);
#4085 = CARTESIAN_POINT('',(101.73,4.8,0.));
#4086 = VECTOR('',#4087,1.);
#4087 = DIRECTION('',(0.,0.,1.));
#4088 = PCURVE('',#1266,#4089);
#4089 = DEFINITIONAL_REPRESENTATION('',(#4090),#4093);
#4090 = B_SPLINE_CURVE_WITH_KNOTS('',1,(#4091,#4092),.UNSPECIFIED.,.F.,
  .F.,(2,2),(2.25,5.25),.PIECEWISE_BEZIER_KNOTS.);
#4091 = CARTESIAN_POINT('',(3.425386762798,2.25));
#4092 = CARTESIAN_POINT('',(3.425386762798,5.25));
#4093 = ( GEOMETRIC_REPRESENTATION_CONTEXT(2) 
PARAMETRIC_REPRESENTATION_CONTEXT() REPRESENTATION_CONTEXT('2D SPACE',''
  ) );
#4094 = PCURVE('',#1240,#4095);
#4095 = DEFINITIONAL_REPRESENTATION('',(#4096),#4099);
#4096 = B_SPLINE_CURVE_WITH_KNOTS('',1,(#4097,#4098),.UNSPECIFIED.,.F.,
  .F.,(2,2),(2.25,5.25),.PIECEWISE_BEZIER_KNOTS.);
#4097 = CARTESIAN_POINT('',(94.73,0.25));
#4098 = CARTESIAN_POINT('',(94.73,-2.75));
#4099 = ( GEOMETRIC_REPRESENTATION_CONTEXT(2) 
PARAMETRIC_REPRESENTATION_CONTEXT() REPRESENTATION_CONTEXT('2D SPACE',''
  ) );
#4100 = ORIENTED_EDGE('',*,*,#1251,.T.);
#4101 = ORIENTED_EDGE('',*,*,#4058,.T.);
#4102 = ORIENTED_EDGE('',*,*,#4103,.F.);
#4103 = EDGE_CURVE('',#4081,#4031,#4104,.T.);
#4104 = SURFACE_CURVE('',#4105,(#4110,#4117),.PCURVE_S1.);
#4105 = CIRCLE('',#4106,5.);
#4106 = AXIS2_PLACEMENT_3D('',#4107,#4108,#4109);
#4107 = CARTESIAN_POINT('',(106.53,6.2,5.));
#4108 = DIRECTION('',(0.,0.,1.));
#4109 = DIRECTION('',(1.,0.,-0.));
#4110 = PCURVE('',#1266,#4111);
#4111 = DEFINITIONAL_REPRESENTATION('',(#4112),#4116);
#4112 = LINE('',#4113,#4114);
#4113 = CARTESIAN_POINT('',(0.,5.));
#4114 = VECTOR('',#4115,1.);
#4115 = DIRECTION('',(1.,0.));
#4116 = ( GEOMETRIC_REPRESENTATION_CONTEXT(2) 
PARAMETRIC_REPRESENTATION_CONTEXT() REPRESENTATION_CONTEXT('2D SPACE',''
  ) );
#4117 = PCURVE('',#4046,#4118);
#4118 = DEFINITIONAL_REPRESENTATION('',(#4119),#4123);
#4119 = CIRCLE('',#4120,5.);
#4120 = AXIS2_PLACEMENT_2D('',#4121,#4122);
#4121 = CARTESIAN_POINT('',(27.055,-42.8));
#4122 = DIRECTION('',(1.,0.));
#4123 = ( GEOMETRIC_REPRESENTATION_CONTEXT(2) 
PARAMETRIC_REPRESENTATION_CONTEXT() REPRESENTATION_CONTEXT('2D SPACE',''
  ) );
#4124 = ADVANCED_FACE('',(#4125),#1213,.F.);
#4125 = FACE_BOUND('',#4126,.F.);
#4126 = EDGE_LOOP('',(#4127,#4128,#4129,#4150));
#4127 = ORIENTED_EDGE('',*,*,#4009,.F.);
#4128 = ORIENTED_EDGE('',*,*,#1196,.T.);
#4129 = ORIENTED_EDGE('',*,*,#4130,.T.);
#4130 = EDGE_CURVE('',#1197,#4131,#4133,.T.);
#4131 = VERTEX_POINT('',#4132);
#4132 = CARTESIAN_POINT('',(59.33,4.8,5.));
#4133 = SURFACE_CURVE('',#4134,(#4138,#4144),.PCURVE_S1.);
#4134 = LINE('',#4135,#4136);
#4135 = CARTESIAN_POINT('',(59.33,4.8,0.));
#4136 = VECTOR('',#4137,1.);
#4137 = DIRECTION('',(0.,0.,1.));
#4138 = PCURVE('',#1213,#4139);
#4139 = DEFINITIONAL_REPRESENTATION('',(#4140),#4143);
#4140 = B_SPLINE_CURVE_WITH_KNOTS('',1,(#4141,#4142),.UNSPECIFIED.,.F.,
  .F.,(2,2),(2.25,5.25),.PIECEWISE_BEZIER_KNOTS.);
#4141 = CARTESIAN_POINT('',(5.999391197971,2.25));
#4142 = CARTESIAN_POINT('',(5.999391197971,5.25));
#4143 = ( GEOMETRIC_REPRESENTATION_CONTEXT(2) 
PARAMETRIC_REPRESENTATION_CONTEXT() REPRESENTATION_CONTEXT('2D SPACE',''
  ) );
#4144 = PCURVE('',#1240,#4145);
#4145 = DEFINITIONAL_REPRESENTATION('',(#4146),#4149);
#4146 = B_SPLINE_CURVE_WITH_KNOTS('',1,(#4147,#4148),.UNSPECIFIED.,.F.,
  .F.,(2,2),(2.25,5.25),.PIECEWISE_BEZIER_KNOTS.);
#4147 = CARTESIAN_POINT('',(52.33,0.25));
#4148 = CARTESIAN_POINT('',(52.33,-2.75));
#4149 = ( GEOMETRIC_REPRESENTATION_CONTEXT(2) 
PARAMETRIC_REPRESENTATION_CONTEXT() REPRESENTATION_CONTEXT('2D SPACE',''
  ) );
#4150 = ORIENTED_EDGE('',*,*,#4151,.F.);
#4151 = EDGE_CURVE('',#4010,#4131,#4152,.T.);
#4152 = SURFACE_CURVE('',#4153,(#4158,#4165),.PCURVE_S1.);
#4153 = CIRCLE('',#4154,5.);
#4154 = AXIS2_PLACEMENT_3D('',#4155,#4156,#4157);
#4155 = CARTESIAN_POINT('',(54.53,6.2,5.));
#4156 = DIRECTION('',(0.,0.,1.));
#4157 = DIRECTION('',(1.,0.,-0.));
#4158 = PCURVE('',#1213,#4159);
#4159 = DEFINITIONAL_REPRESENTATION('',(#4160),#4164);
#4160 = LINE('',#4161,#4162);
#4161 = CARTESIAN_POINT('',(0.,5.));
#4162 = VECTOR('',#4163,1.);
#4163 = DIRECTION('',(1.,0.));
#4164 = ( GEOMETRIC_REPRESENTATION_CONTEXT(2) 
PARAMETRIC_REPRESENTATION_CONTEXT() REPRESENTATION_CONTEXT('2D SPACE',''
  ) );
#4165 = PCURVE('',#4046,#4166);
#4166 = DEFINITIONAL_REPRESENTATION('',(#4167),#4171);
#4167 = CIRCLE('',#4168,5.);
#4168 = AXIS2_PLACEMENT_2D('',#4169,#4170);
#4169 = CARTESIAN_POINT('',(-24.945,-42.8));
#4170 = DIRECTION('',(1.,0.));
#4171 = ( GEOMETRIC_REPRESENTATION_CONTEXT(2) 
PARAMETRIC_REPRESENTATION_CONTEXT() REPRESENTATION_CONTEXT('2D SPACE',''
  ) );
#4172 = ADVANCED_FACE('',(#4173),#1240,.T.);
#4173 = FACE_BOUND('',#4174,.T.);
#4174 = EDGE_LOOP('',(#4175,#4176,#4177,#4198));
#4175 = ORIENTED_EDGE('',*,*,#1225,.T.);
#4176 = ORIENTED_EDGE('',*,*,#4130,.T.);
#4177 = ORIENTED_EDGE('',*,*,#4178,.T.);
#4178 = EDGE_CURVE('',#4131,#4081,#4179,.T.);
#4179 = SURFACE_CURVE('',#4180,(#4184,#4191),.PCURVE_S1.);
#4180 = LINE('',#4181,#4182);
#4181 = CARTESIAN_POINT('',(79.475,4.8,5.));
#4182 = VECTOR('',#4183,1.);
#4183 = DIRECTION('',(1.,0.,0.));
#4184 = PCURVE('',#1240,#4185);
#4185 = DEFINITIONAL_REPRESENTATION('',(#4186),#4190);
#4186 = LINE('',#4187,#4188);
#4187 = CARTESIAN_POINT('',(72.475,-2.5));
#4188 = VECTOR('',#4189,1.);
#4189 = DIRECTION('',(1.,0.));
#4190 = ( GEOMETRIC_REPRESENTATION_CONTEXT(2) 
PARAMETRIC_REPRESENTATION_CONTEXT() REPRESENTATION_CONTEXT('2D SPACE',''
  ) );
#4191 = PCURVE('',#4046,#4192);
#4192 = DEFINITIONAL_REPRESENTATION('',(#4193),#4197);
#4193 = LINE('',#4194,#4195);
#4194 = CARTESIAN_POINT('',(4.441901580442E-15,-44.2));
#4195 = VECTOR('',#4196,1.);
#4196 = DIRECTION('',(1.,0.));
#4197 = ( GEOMETRIC_REPRESENTATION_CONTEXT(2) 
PARAMETRIC_REPRESENTATION_CONTEXT() REPRESENTATION_CONTEXT('2D SPACE',''
  ) );
#4198 = ORIENTED_EDGE('',*,*,#4080,.F.);
#4199 = ADVANCED_FACE('',(#4200),#1297,.F.);
#4200 = FACE_BOUND('',#4201,.F.);
#4201 = EDGE_LOOP('',(#4202,#4225,#4226,#4227));
#4202 = ORIENTED_EDGE('',*,*,#4203,.T.);
#4203 = EDGE_CURVE('',#4204,#1281,#4206,.T.);
#4204 = VERTEX_POINT('',#4205);
#4205 = CARTESIAN_POINT('',(108.23,6.2,1.69));
#4206 = SEAM_CURVE('',#4207,(#4211,#4218),.PCURVE_S1.);
#4207 = LINE('',#4208,#4209);
#4208 = CARTESIAN_POINT('',(108.23,6.2,-1.));
#4209 = VECTOR('',#4210,1.);
#4210 = DIRECTION('',(0.,0.,1.));
#4211 = PCURVE('',#1297,#4212);
#4212 = DEFINITIONAL_REPRESENTATION('',(#4213),#4217);
#4213 = LINE('',#4214,#4215);
#4214 = CARTESIAN_POINT('',(6.28318530718,-0.));
#4215 = VECTOR('',#4216,1.);
#4216 = DIRECTION('',(0.,1.));
#4217 = ( GEOMETRIC_REPRESENTATION_CONTEXT(2) 
PARAMETRIC_REPRESENTATION_CONTEXT() REPRESENTATION_CONTEXT('2D SPACE',''
  ) );
#4218 = PCURVE('',#1297,#4219);
#4219 = DEFINITIONAL_REPRESENTATION('',(#4220),#4224);
#4220 = LINE('',#4221,#4222);
#4221 = CARTESIAN_POINT('',(0.,-0.));
#4222 = VECTOR('',#4223,1.);
#4223 = DIRECTION('',(0.,1.));
#4224 = ( GEOMETRIC_REPRESENTATION_CONTEXT(2) 
PARAMETRIC_REPRESENTATION_CONTEXT() REPRESENTATION_CONTEXT('2D SPACE',''
  ) );
#4225 = ORIENTED_EDGE('',*,*,#1280,.F.);
#4226 = ORIENTED_EDGE('',*,*,#4203,.F.);
#4227 = ORIENTED_EDGE('',*,*,#4228,.T.);
#4228 = EDGE_CURVE('',#4204,#4204,#4229,.T.);
#4229 = SURFACE_CURVE('',#4230,(#4235,#4242),.PCURVE_S1.);
#4230 = CIRCLE('',#4231,1.7);
#4231 = AXIS2_PLACEMENT_3D('',#4232,#4233,#4234);
#4232 = CARTESIAN_POINT('',(106.53,6.2,1.69));
#4233 = DIRECTION('',(0.,0.,1.));
#4234 = DIRECTION('',(1.,0.,-0.));
#4235 = PCURVE('',#1297,#4236);
#4236 = DEFINITIONAL_REPRESENTATION('',(#4237),#4241);
#4237 = LINE('',#4238,#4239);
#4238 = CARTESIAN_POINT('',(0.,2.69));
#4239 = VECTOR('',#4240,1.);
#4240 = DIRECTION('',(1.,0.));
#4241 = ( GEOMETRIC_REPRESENTATION_CONTEXT(2) 
PARAMETRIC_REPRESENTATION_CONTEXT() REPRESENTATION_CONTEXT('2D SPACE',''
  ) );
#4242 = PCURVE('',#2785,#4243);
#4243 = DEFINITIONAL_REPRESENTATION('',(#4244),#4248);
#4244 = LINE('',#4245,#4246);
#4245 = CARTESIAN_POINT('',(-0.,-1.7));
#4246 = VECTOR('',#4247,1.);
#4247 = DIRECTION('',(-1.,-0.));
#4248 = ( GEOMETRIC_REPRESENTATION_CONTEXT(2) 
PARAMETRIC_REPRESENTATION_CONTEXT() REPRESENTATION_CONTEXT('2D SPACE',''
  ) );
#4249 = ADVANCED_FACE('',(#4250),#1328,.F.);
#4250 = FACE_BOUND('',#4251,.F.);
#4251 = EDGE_LOOP('',(#4252,#4253,#4274,#4302));
#4252 = ORIENTED_EDGE('',*,*,#1311,.T.);
#4253 = ORIENTED_EDGE('',*,*,#4254,.T.);
#4254 = EDGE_CURVE('',#1314,#4255,#4257,.T.);
#4255 = VERTEX_POINT('',#4256);
#4256 = CARTESIAN_POINT('',(110.53,3.2,5.));
#4257 = SURFACE_CURVE('',#4258,(#4262,#4268),.PCURVE_S1.);
#4258 = LINE('',#4259,#4260);
#4259 = CARTESIAN_POINT('',(110.53,3.2,0.));
#4260 = VECTOR('',#4261,1.);
#4261 = DIRECTION('',(0.,0.,1.));
#4262 = PCURVE('',#1328,#4263);
#4263 = DEFINITIONAL_REPRESENTATION('',(#4264),#4267);
#4264 = B_SPLINE_CURVE_WITH_KNOTS('',1,(#4265,#4266),.UNSPECIFIED.,.F.,
  .F.,(2,2),(2.25,5.25),.PIECEWISE_BEZIER_KNOTS.);
#4265 = CARTESIAN_POINT('',(103.53,0.25));
#4266 = CARTESIAN_POINT('',(103.53,-2.75));
#4267 = ( GEOMETRIC_REPRESENTATION_CONTEXT(2) 
PARAMETRIC_REPRESENTATION_CONTEXT() REPRESENTATION_CONTEXT('2D SPACE',''
  ) );
#4268 = PCURVE('',#1356,#4269);
#4269 = DEFINITIONAL_REPRESENTATION('',(#4270),#4273);
#4270 = B_SPLINE_CURVE_WITH_KNOTS('',1,(#4271,#4272),.UNSPECIFIED.,.F.,
  .F.,(2,2),(2.25,5.25),.PIECEWISE_BEZIER_KNOTS.);
#4271 = CARTESIAN_POINT('',(5.639684198386,2.25));
#4272 = CARTESIAN_POINT('',(5.639684198386,5.25));
#4273 = ( GEOMETRIC_REPRESENTATION_CONTEXT(2) 
PARAMETRIC_REPRESENTATION_CONTEXT() REPRESENTATION_CONTEXT('2D SPACE',''
  ) );
#4274 = ORIENTED_EDGE('',*,*,#4275,.T.);
#4275 = EDGE_CURVE('',#4255,#4276,#4278,.T.);
#4276 = VERTEX_POINT('',#4277);
#4277 = CARTESIAN_POINT('',(148.75,3.2,5.));
#4278 = SURFACE_CURVE('',#4279,(#4283,#4290),.PCURVE_S1.);
#4279 = LINE('',#4280,#4281);
#4280 = CARTESIAN_POINT('',(79.475,3.2,5.));
#4281 = VECTOR('',#4282,1.);
#4282 = DIRECTION('',(1.,0.,0.));
#4283 = PCURVE('',#1328,#4284);
#4284 = DEFINITIONAL_REPRESENTATION('',(#4285),#4289);
#4285 = LINE('',#4286,#4287);
#4286 = CARTESIAN_POINT('',(72.475,-2.5));
#4287 = VECTOR('',#4288,1.);
#4288 = DIRECTION('',(1.,0.));
#4289 = ( GEOMETRIC_REPRESENTATION_CONTEXT(2) 
PARAMETRIC_REPRESENTATION_CONTEXT() REPRESENTATION_CONTEXT('2D SPACE',''
  ) );
#4290 = PCURVE('',#4291,#4296);
#4291 = PLANE('',#4292);
#4292 = AXIS2_PLACEMENT_3D('',#4293,#4294,#4295);
#4293 = CARTESIAN_POINT('',(79.475,49.,5.));
#4294 = DIRECTION('',(0.,0.,1.));
#4295 = DIRECTION('',(1.,0.,-0.));
#4296 = DEFINITIONAL_REPRESENTATION('',(#4297),#4301);
#4297 = LINE('',#4298,#4299);
#4298 = CARTESIAN_POINT('',(-9.76895313476E-15,-45.8));
#4299 = VECTOR('',#4300,1.);
#4300 = DIRECTION('',(1.,0.));
#4301 = ( GEOMETRIC_REPRESENTATION_CONTEXT(2) 
PARAMETRIC_REPRESENTATION_CONTEXT() REPRESENTATION_CONTEXT('2D SPACE',''
  ) );
#4302 = ORIENTED_EDGE('',*,*,#4303,.F.);
#4303 = EDGE_CURVE('',#1312,#4276,#4304,.T.);
#4304 = SURFACE_CURVE('',#4305,(#4309,#4315),.PCURVE_S1.);
#4305 = LINE('',#4306,#4307);
#4306 = CARTESIAN_POINT('',(148.75,3.2,0.));
#4307 = VECTOR('',#4308,1.);
#4308 = DIRECTION('',(0.,0.,1.));
#4309 = PCURVE('',#1328,#4310);
#4310 = DEFINITIONAL_REPRESENTATION('',(#4311),#4314);
#4311 = B_SPLINE_CURVE_WITH_KNOTS('',1,(#4312,#4313),.UNSPECIFIED.,.F.,
  .F.,(2,2),(2.25,5.25),.PIECEWISE_BEZIER_KNOTS.);
#4312 = CARTESIAN_POINT('',(141.75,0.25));
#4313 = CARTESIAN_POINT('',(141.75,-2.75));
#4314 = ( GEOMETRIC_REPRESENTATION_CONTEXT(2) 
PARAMETRIC_REPRESENTATION_CONTEXT() REPRESENTATION_CONTEXT('2D SPACE',''
  ) );
#4315 = PCURVE('',#1409,#4316);
#4316 = DEFINITIONAL_REPRESENTATION('',(#4317),#4320);
#4317 = B_SPLINE_CURVE_WITH_KNOTS('',1,(#4318,#4319),.UNSPECIFIED.,.F.,
  .F.,(2,2),(2.25,5.25),.PIECEWISE_BEZIER_KNOTS.);
#4318 = CARTESIAN_POINT('',(3.785093762383,2.25));
#4319 = CARTESIAN_POINT('',(3.785093762383,5.25));
#4320 = ( GEOMETRIC_REPRESENTATION_CONTEXT(2) 
PARAMETRIC_REPRESENTATION_CONTEXT() REPRESENTATION_CONTEXT('2D SPACE',''
  ) );
#4321 = ADVANCED_FACE('',(#4322),#1409,.F.);
#4322 = FACE_BOUND('',#4323,.F.);
#4323 = EDGE_LOOP('',(#4324,#4345,#4346,#4347));
#4324 = ORIENTED_EDGE('',*,*,#4325,.F.);
#4325 = EDGE_CURVE('',#1369,#4326,#4328,.T.);
#4326 = VERTEX_POINT('',#4327);
#4327 = CARTESIAN_POINT('',(147.95,4.8,5.));
#4328 = SURFACE_CURVE('',#4329,(#4333,#4339),.PCURVE_S1.);
#4329 = LINE('',#4330,#4331);
#4330 = CARTESIAN_POINT('',(147.95,4.8,0.));
#4331 = VECTOR('',#4332,1.);
#4332 = DIRECTION('',(0.,0.,1.));
#4333 = PCURVE('',#1409,#4334);
#4334 = DEFINITIONAL_REPRESENTATION('',(#4335),#4338);
#4335 = B_SPLINE_CURVE_WITH_KNOTS('',1,(#4336,#4337),.UNSPECIFIED.,.F.,
  .F.,(2,2),(2.25,5.25),.PIECEWISE_BEZIER_KNOTS.);
#4336 = CARTESIAN_POINT('',(3.425386762798,2.25));
#4337 = CARTESIAN_POINT('',(3.425386762798,5.25));
#4338 = ( GEOMETRIC_REPRESENTATION_CONTEXT(2) 
PARAMETRIC_REPRESENTATION_CONTEXT() REPRESENTATION_CONTEXT('2D SPACE',''
  ) );
#4339 = PCURVE('',#1383,#4340);
#4340 = DEFINITIONAL_REPRESENTATION('',(#4341),#4344);
#4341 = B_SPLINE_CURVE_WITH_KNOTS('',1,(#4342,#4343),.UNSPECIFIED.,.F.,
  .F.,(2,2),(2.25,5.25),.PIECEWISE_BEZIER_KNOTS.);
#4342 = CARTESIAN_POINT('',(140.95,0.25));
#4343 = CARTESIAN_POINT('',(140.95,-2.75));
#4344 = ( GEOMETRIC_REPRESENTATION_CONTEXT(2) 
PARAMETRIC_REPRESENTATION_CONTEXT() REPRESENTATION_CONTEXT('2D SPACE',''
  ) );
#4345 = ORIENTED_EDGE('',*,*,#1394,.T.);
#4346 = ORIENTED_EDGE('',*,*,#4303,.T.);
#4347 = ORIENTED_EDGE('',*,*,#4348,.F.);
#4348 = EDGE_CURVE('',#4326,#4276,#4349,.T.);
#4349 = SURFACE_CURVE('',#4350,(#4355,#4362),.PCURVE_S1.);
#4350 = CIRCLE('',#4351,5.);
#4351 = AXIS2_PLACEMENT_3D('',#4352,#4353,#4354);
#4352 = CARTESIAN_POINT('',(152.75,6.2,5.));
#4353 = DIRECTION('',(0.,0.,1.));
#4354 = DIRECTION('',(1.,0.,-0.));
#4355 = PCURVE('',#1409,#4356);
#4356 = DEFINITIONAL_REPRESENTATION('',(#4357),#4361);
#4357 = LINE('',#4358,#4359);
#4358 = CARTESIAN_POINT('',(0.,5.));
#4359 = VECTOR('',#4360,1.);
#4360 = DIRECTION('',(1.,0.));
#4361 = ( GEOMETRIC_REPRESENTATION_CONTEXT(2) 
PARAMETRIC_REPRESENTATION_CONTEXT() REPRESENTATION_CONTEXT('2D SPACE',''
  ) );
#4362 = PCURVE('',#4291,#4363);
#4363 = DEFINITIONAL_REPRESENTATION('',(#4364),#4368);
#4364 = CIRCLE('',#4365,5.);
#4365 = AXIS2_PLACEMENT_2D('',#4366,#4367);
#4366 = CARTESIAN_POINT('',(73.275,-42.8));
#4367 = DIRECTION('',(1.,0.));
#4368 = ( GEOMETRIC_REPRESENTATION_CONTEXT(2) 
PARAMETRIC_REPRESENTATION_CONTEXT() REPRESENTATION_CONTEXT('2D SPACE',''
  ) );
#4369 = ADVANCED_FACE('',(#4370),#1356,.F.);
#4370 = FACE_BOUND('',#4371,.F.);
#4371 = EDGE_LOOP('',(#4372,#4373,#4374,#4395));
#4372 = ORIENTED_EDGE('',*,*,#4254,.F.);
#4373 = ORIENTED_EDGE('',*,*,#1339,.T.);
#4374 = ORIENTED_EDGE('',*,*,#4375,.T.);
#4375 = EDGE_CURVE('',#1340,#4376,#4378,.T.);
#4376 = VERTEX_POINT('',#4377);
#4377 = CARTESIAN_POINT('',(111.33,4.8,5.));
#4378 = SURFACE_CURVE('',#4379,(#4383,#4389),.PCURVE_S1.);
#4379 = LINE('',#4380,#4381);
#4380 = CARTESIAN_POINT('',(111.33,4.8,0.));
#4381 = VECTOR('',#4382,1.);
#4382 = DIRECTION('',(0.,0.,1.));
#4383 = PCURVE('',#1356,#4384);
#4384 = DEFINITIONAL_REPRESENTATION('',(#4385),#4388);
#4385 = B_SPLINE_CURVE_WITH_KNOTS('',1,(#4386,#4387),.UNSPECIFIED.,.F.,
  .F.,(2,2),(2.25,5.25),.PIECEWISE_BEZIER_KNOTS.);
#4386 = CARTESIAN_POINT('',(5.999391197971,2.25));
#4387 = CARTESIAN_POINT('',(5.999391197971,5.25));
#4388 = ( GEOMETRIC_REPRESENTATION_CONTEXT(2) 
PARAMETRIC_REPRESENTATION_CONTEXT() REPRESENTATION_CONTEXT('2D SPACE',''
  ) );
#4389 = PCURVE('',#1383,#4390);
#4390 = DEFINITIONAL_REPRESENTATION('',(#4391),#4394);
#4391 = B_SPLINE_CURVE_WITH_KNOTS('',1,(#4392,#4393),.UNSPECIFIED.,.F.,
  .F.,(2,2),(2.25,5.25),.PIECEWISE_BEZIER_KNOTS.);
#4392 = CARTESIAN_POINT('',(104.33,0.25));
#4393 = CARTESIAN_POINT('',(104.33,-2.75));
#4394 = ( GEOMETRIC_REPRESENTATION_CONTEXT(2) 
PARAMETRIC_REPRESENTATION_CONTEXT() REPRESENTATION_CONTEXT('2D SPACE',''
  ) );
#4395 = ORIENTED_EDGE('',*,*,#4396,.F.);
#4396 = EDGE_CURVE('',#4255,#4376,#4397,.T.);
#4397 = SURFACE_CURVE('',#4398,(#4403,#4410),.PCURVE_S1.);
#4398 = CIRCLE('',#4399,5.);
#4399 = AXIS2_PLACEMENT_3D('',#4400,#4401,#4402);
#4400 = CARTESIAN_POINT('',(106.53,6.2,5.));
#4401 = DIRECTION('',(0.,0.,1.));
#4402 = DIRECTION('',(1.,0.,-0.));
#4403 = PCURVE('',#1356,#4404);
#4404 = DEFINITIONAL_REPRESENTATION('',(#4405),#4409);
#4405 = LINE('',#4406,#4407);
#4406 = CARTESIAN_POINT('',(0.,5.));
#4407 = VECTOR('',#4408,1.);
#4408 = DIRECTION('',(1.,0.));
#4409 = ( GEOMETRIC_REPRESENTATION_CONTEXT(2) 
PARAMETRIC_REPRESENTATION_CONTEXT() REPRESENTATION_CONTEXT('2D SPACE',''
  ) );
#4410 = PCURVE('',#4291,#4411);
#4411 = DEFINITIONAL_REPRESENTATION('',(#4412),#4416);
#4412 = CIRCLE('',#4413,5.);
#4413 = AXIS2_PLACEMENT_2D('',#4414,#4415);
#4414 = CARTESIAN_POINT('',(27.055,-42.8));
#4415 = DIRECTION('',(1.,0.));
#4416 = ( GEOMETRIC_REPRESENTATION_CONTEXT(2) 
PARAMETRIC_REPRESENTATION_CONTEXT() REPRESENTATION_CONTEXT('2D SPACE',''
  ) );
#4417 = ADVANCED_FACE('',(#4418),#1383,.T.);
#4418 = FACE_BOUND('',#4419,.T.);
#4419 = EDGE_LOOP('',(#4420,#4421,#4422,#4443));
#4420 = ORIENTED_EDGE('',*,*,#1368,.T.);
#4421 = ORIENTED_EDGE('',*,*,#4375,.T.);
#4422 = ORIENTED_EDGE('',*,*,#4423,.T.);
#4423 = EDGE_CURVE('',#4376,#4326,#4424,.T.);
#4424 = SURFACE_CURVE('',#4425,(#4429,#4436),.PCURVE_S1.);
#4425 = LINE('',#4426,#4427);
#4426 = CARTESIAN_POINT('',(79.475,4.8,5.));
#4427 = VECTOR('',#4428,1.);
#4428 = DIRECTION('',(1.,0.,0.));
#4429 = PCURVE('',#1383,#4430);
#4430 = DEFINITIONAL_REPRESENTATION('',(#4431),#4435);
#4431 = LINE('',#4432,#4433);
#4432 = CARTESIAN_POINT('',(72.475,-2.5));
#4433 = VECTOR('',#4434,1.);
#4434 = DIRECTION('',(1.,0.));
#4435 = ( GEOMETRIC_REPRESENTATION_CONTEXT(2) 
PARAMETRIC_REPRESENTATION_CONTEXT() REPRESENTATION_CONTEXT('2D SPACE',''
  ) );
#4436 = PCURVE('',#4291,#4437);
#4437 = DEFINITIONAL_REPRESENTATION('',(#4438),#4442);
#4438 = LINE('',#4439,#4440);
#4439 = CARTESIAN_POINT('',(4.441901580442E-15,-44.2));
#4440 = VECTOR('',#4441,1.);
#4441 = DIRECTION('',(1.,0.));
#4442 = ( GEOMETRIC_REPRESENTATION_CONTEXT(2) 
PARAMETRIC_REPRESENTATION_CONTEXT() REPRESENTATION_CONTEXT('2D SPACE',''
  ) );
#4443 = ORIENTED_EDGE('',*,*,#4325,.F.);
#4444 = ADVANCED_FACE('',(#4445),#1440,.F.);
#4445 = FACE_BOUND('',#4446,.F.);
#4446 = EDGE_LOOP('',(#4447,#4470,#4471,#4472));
#4447 = ORIENTED_EDGE('',*,*,#4448,.T.);
#4448 = EDGE_CURVE('',#4449,#1424,#4451,.T.);
#4449 = VERTEX_POINT('',#4450);
#4450 = CARTESIAN_POINT('',(154.45,6.2,1.69));
#4451 = SEAM_CURVE('',#4452,(#4456,#4463),.PCURVE_S1.);
#4452 = LINE('',#4453,#4454);
#4453 = CARTESIAN_POINT('',(154.45,6.2,-1.));
#4454 = VECTOR('',#4455,1.);
#4455 = DIRECTION('',(0.,0.,1.));
#4456 = PCURVE('',#1440,#4457);
#4457 = DEFINITIONAL_REPRESENTATION('',(#4458),#4462);
#4458 = LINE('',#4459,#4460);
#4459 = CARTESIAN_POINT('',(6.28318530718,-0.));
#4460 = VECTOR('',#4461,1.);
#4461 = DIRECTION('',(0.,1.));
#4462 = ( GEOMETRIC_REPRESENTATION_CONTEXT(2) 
PARAMETRIC_REPRESENTATION_CONTEXT() REPRESENTATION_CONTEXT('2D SPACE',''
  ) );
#4463 = PCURVE('',#1440,#4464);
#4464 = DEFINITIONAL_REPRESENTATION('',(#4465),#4469);
#4465 = LINE('',#4466,#4467);
#4466 = CARTESIAN_POINT('',(0.,-0.));
#4467 = VECTOR('',#4468,1.);
#4468 = DIRECTION('',(0.,1.));
#4469 = ( GEOMETRIC_REPRESENTATION_CONTEXT(2) 
PARAMETRIC_REPRESENTATION_CONTEXT() REPRESENTATION_CONTEXT('2D SPACE',''
  ) );
#4470 = ORIENTED_EDGE('',*,*,#1423,.F.);
#4471 = ORIENTED_EDGE('',*,*,#4448,.F.);
#4472 = ORIENTED_EDGE('',*,*,#4473,.T.);
#4473 = EDGE_CURVE('',#4449,#4449,#4474,.T.);
#4474 = SURFACE_CURVE('',#4475,(#4480,#4487),.PCURVE_S1.);
#4475 = CIRCLE('',#4476,1.7);
#4476 = AXIS2_PLACEMENT_3D('',#4477,#4478,#4479);
#4477 = CARTESIAN_POINT('',(152.75,6.2,1.69));
#4478 = DIRECTION('',(0.,0.,1.));
#4479 = DIRECTION('',(1.,0.,-0.));
#4480 = PCURVE('',#1440,#4481);
#4481 = DEFINITIONAL_REPRESENTATION('',(#4482),#4486);
#4482 = LINE('',#4483,#4484);
#4483 = CARTESIAN_POINT('',(0.,2.69));
#4484 = VECTOR('',#4485,1.);
#4485 = DIRECTION('',(1.,0.));
#4486 = ( GEOMETRIC_REPRESENTATION_CONTEXT(2) 
PARAMETRIC_REPRESENTATION_CONTEXT() REPRESENTATION_CONTEXT('2D SPACE',''
  ) );
#4487 = PCURVE('',#2816,#4488);
#4488 = DEFINITIONAL_REPRESENTATION('',(#4489),#4493);
#4489 = LINE('',#4490,#4491);
#4490 = CARTESIAN_POINT('',(-0.,-1.7));
#4491 = VECTOR('',#4492,1.);
#4492 = DIRECTION('',(-1.,-0.));
#4493 = ( GEOMETRIC_REPRESENTATION_CONTEXT(2) 
PARAMETRIC_REPRESENTATION_CONTEXT() REPRESENTATION_CONTEXT('2D SPACE',''
  ) );
#4494 = ADVANCED_FACE('',(#4495),#1471,.T.);
#4495 = FACE_BOUND('',#4496,.T.);
#4496 = EDGE_LOOP('',(#4497,#4520,#4547,#4548));
#4497 = ORIENTED_EDGE('',*,*,#4498,.T.);
#4498 = EDGE_CURVE('',#1455,#4499,#4501,.T.);
#4499 = VERTEX_POINT('',#4500);
#4500 = CARTESIAN_POINT('',(85.175,43.8,6.));
#4501 = SEAM_CURVE('',#4502,(#4506,#4513),.PCURVE_S1.);
#4502 = LINE('',#4503,#4504);
#4503 = CARTESIAN_POINT('',(85.175,43.8,2.5));
#4504 = VECTOR('',#4505,1.);
#4505 = DIRECTION('',(0.,0.,1.));
#4506 = PCURVE('',#1471,#4507);
#4507 = DEFINITIONAL_REPRESENTATION('',(#4508),#4512);
#4508 = LINE('',#4509,#4510);
#4509 = CARTESIAN_POINT('',(6.28318530718,-0.));
#4510 = VECTOR('',#4511,1.);
#4511 = DIRECTION('',(0.,1.));
#4512 = ( GEOMETRIC_REPRESENTATION_CONTEXT(2) 
PARAMETRIC_REPRESENTATION_CONTEXT() REPRESENTATION_CONTEXT('2D SPACE',''
  ) );
#4513 = PCURVE('',#1471,#4514);
#4514 = DEFINITIONAL_REPRESENTATION('',(#4515),#4519);
#4515 = LINE('',#4516,#4517);
#4516 = CARTESIAN_POINT('',(0.,-0.));
#4517 = VECTOR('',#4518,1.);
#4518 = DIRECTION('',(0.,1.));
#4519 = ( GEOMETRIC_REPRESENTATION_CONTEXT(2) 
PARAMETRIC_REPRESENTATION_CONTEXT() REPRESENTATION_CONTEXT('2D SPACE',''
  ) );
#4520 = ORIENTED_EDGE('',*,*,#4521,.F.);
#4521 = EDGE_CURVE('',#4499,#4499,#4522,.T.);
#4522 = SURFACE_CURVE('',#4523,(#4528,#4535),.PCURVE_S1.);
#4523 = CIRCLE('',#4524,2.1);
#4524 = AXIS2_PLACEMENT_3D('',#4525,#4526,#4527);
#4525 = CARTESIAN_POINT('',(85.175,45.9,6.));
#4526 = DIRECTION('',(-0.,0.,1.));
#4527 = DIRECTION('',(2.22044604925E-16,-1.,0.));
#4528 = PCURVE('',#1471,#4529);
#4529 = DEFINITIONAL_REPRESENTATION('',(#4530),#4534);
#4530 = LINE('',#4531,#4532);
#4531 = CARTESIAN_POINT('',(0.,3.5));
#4532 = VECTOR('',#4533,1.);
#4533 = DIRECTION('',(1.,0.));
#4534 = ( GEOMETRIC_REPRESENTATION_CONTEXT(2) 
PARAMETRIC_REPRESENTATION_CONTEXT() REPRESENTATION_CONTEXT('2D SPACE',''
  ) );
#4535 = PCURVE('',#4536,#4541);
#4536 = PLANE('',#4537);
#4537 = AXIS2_PLACEMENT_3D('',#4538,#4539,#4540);
#4538 = CARTESIAN_POINT('',(85.175,45.9,6.));
#4539 = DIRECTION('',(0.,0.,1.));
#4540 = DIRECTION('',(2.22044604925E-16,-1.,0.));
#4541 = DEFINITIONAL_REPRESENTATION('',(#4542),#4546);
#4542 = CIRCLE('',#4543,2.1);
#4543 = AXIS2_PLACEMENT_2D('',#4544,#4545);
#4544 = CARTESIAN_POINT('',(0.,0.));
#4545 = DIRECTION('',(1.,0.));
#4546 = ( GEOMETRIC_REPRESENTATION_CONTEXT(2) 
PARAMETRIC_REPRESENTATION_CONTEXT() REPRESENTATION_CONTEXT('2D SPACE',''
  ) );
#4547 = ORIENTED_EDGE('',*,*,#4498,.F.);
#4548 = ORIENTED_EDGE('',*,*,#1454,.T.);
#4549 = ADVANCED_FACE('',(#4550),#1502,.T.);
#4550 = FACE_BOUND('',#4551,.T.);
#4551 = EDGE_LOOP('',(#4552,#4575,#4602,#4603));
#4552 = ORIENTED_EDGE('',*,*,#4553,.T.);
#4553 = EDGE_CURVE('',#1486,#4554,#4556,.T.);
#4554 = VERTEX_POINT('',#4555);
#4555 = CARTESIAN_POINT('',(116.875,47.8,6.));
#4556 = SEAM_CURVE('',#4557,(#4561,#4568),.PCURVE_S1.);
#4557 = LINE('',#4558,#4559);
#4558 = CARTESIAN_POINT('',(116.875,47.8,2.5));
#4559 = VECTOR('',#4560,1.);
#4560 = DIRECTION('',(0.,0.,1.));
#4561 = PCURVE('',#1502,#4562);
#4562 = DEFINITIONAL_REPRESENTATION('',(#4563),#4567);
#4563 = LINE('',#4564,#4565);
#4564 = CARTESIAN_POINT('',(6.28318530718,-0.));
#4565 = VECTOR('',#4566,1.);
#4566 = DIRECTION('',(0.,1.));
#4567 = ( GEOMETRIC_REPRESENTATION_CONTEXT(2) 
PARAMETRIC_REPRESENTATION_CONTEXT() REPRESENTATION_CONTEXT('2D SPACE',''
  ) );
#4568 = PCURVE('',#1502,#4569);
#4569 = DEFINITIONAL_REPRESENTATION('',(#4570),#4574);
#4570 = LINE('',#4571,#4572);
#4571 = CARTESIAN_POINT('',(0.,-0.));
#4572 = VECTOR('',#4573,1.);
#4573 = DIRECTION('',(0.,1.));
#4574 = ( GEOMETRIC_REPRESENTATION_CONTEXT(2) 
PARAMETRIC_REPRESENTATION_CONTEXT() REPRESENTATION_CONTEXT('2D SPACE',''
  ) );
#4575 = ORIENTED_EDGE('',*,*,#4576,.F.);
#4576 = EDGE_CURVE('',#4554,#4554,#4577,.T.);
#4577 = SURFACE_CURVE('',#4578,(#4583,#4590),.PCURVE_S1.);
#4578 = CIRCLE('',#4579,2.5);
#4579 = AXIS2_PLACEMENT_3D('',#4580,#4581,#4582);
#4580 = CARTESIAN_POINT('',(114.375,47.8,6.));
#4581 = DIRECTION('',(0.,0.,1.));
#4582 = DIRECTION('',(1.,0.,-0.));
#4583 = PCURVE('',#1502,#4584);
#4584 = DEFINITIONAL_REPRESENTATION('',(#4585),#4589);
#4585 = LINE('',#4586,#4587);
#4586 = CARTESIAN_POINT('',(0.,3.5));
#4587 = VECTOR('',#4588,1.);
#4588 = DIRECTION('',(1.,0.));
#4589 = ( GEOMETRIC_REPRESENTATION_CONTEXT(2) 
PARAMETRIC_REPRESENTATION_CONTEXT() REPRESENTATION_CONTEXT('2D SPACE',''
  ) );
#4590 = PCURVE('',#4591,#4596);
#4591 = PLANE('',#4592);
#4592 = AXIS2_PLACEMENT_3D('',#4593,#4594,#4595);
#4593 = CARTESIAN_POINT('',(114.375,47.8,6.));
#4594 = DIRECTION('',(0.,0.,1.));
#4595 = DIRECTION('',(1.,0.,-0.));
#4596 = DEFINITIONAL_REPRESENTATION('',(#4597),#4601);
#4597 = CIRCLE('',#4598,2.5);
#4598 = AXIS2_PLACEMENT_2D('',#4599,#4600);
#4599 = CARTESIAN_POINT('',(0.,0.));
#4600 = DIRECTION('',(1.,0.));
#4601 = ( GEOMETRIC_REPRESENTATION_CONTEXT(2) 
PARAMETRIC_REPRESENTATION_CONTEXT() REPRESENTATION_CONTEXT('2D SPACE',''
  ) );
#4602 = ORIENTED_EDGE('',*,*,#4553,.F.);
#4603 = ORIENTED_EDGE('',*,*,#1485,.T.);
#4604 = ADVANCED_FACE('',(#4605),#1535,.F.);
#4605 = FACE_BOUND('',#4606,.F.);
#4606 = EDGE_LOOP('',(#4607,#4628,#4629,#4650));
#4607 = ORIENTED_EDGE('',*,*,#4608,.F.);
#4608 = EDGE_CURVE('',#1517,#4609,#4611,.T.);
#4609 = VERTEX_POINT('',#4610);
#4610 = CARTESIAN_POINT('',(154.15,87.,5.));
#4611 = SURFACE_CURVE('',#4612,(#4616,#4622),.PCURVE_S1.);
#4612 = LINE('',#4613,#4614);
#4613 = CARTESIAN_POINT('',(154.15,87.,0.));
#4614 = VECTOR('',#4615,1.);
#4615 = DIRECTION('',(0.,0.,1.));
#4616 = PCURVE('',#1535,#4617);
#4617 = DEFINITIONAL_REPRESENTATION('',(#4618),#4621);
#4618 = B_SPLINE_CURVE_WITH_KNOTS('',1,(#4619,#4620),.UNSPECIFIED.,.F.,
  .F.,(2,2),(2.25,5.25),.PIECEWISE_BEZIER_KNOTS.);
#4619 = CARTESIAN_POINT('',(4.996183089593,2.25));
#4620 = CARTESIAN_POINT('',(4.996183089593,5.25));
#4621 = ( GEOMETRIC_REPRESENTATION_CONTEXT(2) 
PARAMETRIC_REPRESENTATION_CONTEXT() REPRESENTATION_CONTEXT('2D SPACE',''
  ) );
#4622 = PCURVE('',#1615,#4623);
#4623 = DEFINITIONAL_REPRESENTATION('',(#4624),#4627);
#4624 = B_SPLINE_CURVE_WITH_KNOTS('',1,(#4625,#4626),.UNSPECIFIED.,.F.,
  .F.,(2,2),(2.25,5.25),.PIECEWISE_BEZIER_KNOTS.);
#4625 = CARTESIAN_POINT('',(80.,0.25));
#4626 = CARTESIAN_POINT('',(80.,-2.75));
#4627 = ( GEOMETRIC_REPRESENTATION_CONTEXT(2) 
PARAMETRIC_REPRESENTATION_CONTEXT() REPRESENTATION_CONTEXT('2D SPACE',''
  ) );
#4628 = ORIENTED_EDGE('',*,*,#1516,.T.);
#4629 = ORIENTED_EDGE('',*,*,#4630,.T.);
#4630 = EDGE_CURVE('',#1519,#4631,#4633,.T.);
#4631 = VERTEX_POINT('',#4632);
#4632 = CARTESIAN_POINT('',(155.75,87.8,5.));
#4633 = SURFACE_CURVE('',#4634,(#4638,#4644),.PCURVE_S1.);
#4634 = LINE('',#4635,#4636);
#4635 = CARTESIAN_POINT('',(155.75,87.8,0.));
#4636 = VECTOR('',#4637,1.);
#4637 = DIRECTION('',(0.,0.,1.));
#4638 = PCURVE('',#1535,#4639);
#4639 = DEFINITIONAL_REPRESENTATION('',(#4640),#4643);
#4640 = B_SPLINE_CURVE_WITH_KNOTS('',1,(#4641,#4642),.UNSPECIFIED.,.F.,
  .F.,(2,2),(2.25,5.25),.PIECEWISE_BEZIER_KNOTS.);
#4641 = CARTESIAN_POINT('',(5.355890089178,2.25));
#4642 = CARTESIAN_POINT('',(5.355890089178,5.25));
#4643 = ( GEOMETRIC_REPRESENTATION_CONTEXT(2) 
PARAMETRIC_REPRESENTATION_CONTEXT() REPRESENTATION_CONTEXT('2D SPACE',''
  ) );
#4644 = PCURVE('',#1562,#4645);
#4645 = DEFINITIONAL_REPRESENTATION('',(#4646),#4649);
#4646 = B_SPLINE_CURVE_WITH_KNOTS('',1,(#4647,#4648),.UNSPECIFIED.,.F.,
  .F.,(2,2),(2.25,5.25),.PIECEWISE_BEZIER_KNOTS.);
#4647 = CARTESIAN_POINT('',(80.8,0.25));
#4648 = CARTESIAN_POINT('',(80.8,-2.75));
#4649 = ( GEOMETRIC_REPRESENTATION_CONTEXT(2) 
PARAMETRIC_REPRESENTATION_CONTEXT() REPRESENTATION_CONTEXT('2D SPACE',''
  ) );
#4650 = ORIENTED_EDGE('',*,*,#4651,.F.);
#4651 = EDGE_CURVE('',#4609,#4631,#4652,.T.);
#4652 = SURFACE_CURVE('',#4653,(#4658,#4665),.PCURVE_S1.);
#4653 = CIRCLE('',#4654,5.);
#4654 = AXIS2_PLACEMENT_3D('',#4655,#4656,#4657);
#4655 = CARTESIAN_POINT('',(152.75,91.8,5.));
#4656 = DIRECTION('',(0.,0.,1.));
#4657 = DIRECTION('',(1.,0.,-0.));
#4658 = PCURVE('',#1535,#4659);
#4659 = DEFINITIONAL_REPRESENTATION('',(#4660),#4664);
#4660 = LINE('',#4661,#4662);
#4661 = CARTESIAN_POINT('',(0.,5.));
#4662 = VECTOR('',#4663,1.);
#4663 = DIRECTION('',(1.,0.));
#4664 = ( GEOMETRIC_REPRESENTATION_CONTEXT(2) 
PARAMETRIC_REPRESENTATION_CONTEXT() REPRESENTATION_CONTEXT('2D SPACE',''
  ) );
#4665 = PCURVE('',#4666,#4671);
#4666 = PLANE('',#4667);
#4667 = AXIS2_PLACEMENT_3D('',#4668,#4669,#4670);
#4668 = CARTESIAN_POINT('',(79.475,49.,5.));
#4669 = DIRECTION('',(0.,0.,1.));
#4670 = DIRECTION('',(1.,0.,-0.));
#4671 = DEFINITIONAL_REPRESENTATION('',(#4672),#4676);
#4672 = CIRCLE('',#4673,5.);
#4673 = AXIS2_PLACEMENT_2D('',#4674,#4675);
#4674 = CARTESIAN_POINT('',(73.275,42.8));
#4675 = DIRECTION('',(1.,0.));
#4676 = ( GEOMETRIC_REPRESENTATION_CONTEXT(2) 
PARAMETRIC_REPRESENTATION_CONTEXT() REPRESENTATION_CONTEXT('2D SPACE',''
  ) );
#4677 = ADVANCED_FACE('',(#4678),#1615,.T.);
#4678 = FACE_BOUND('',#4679,.T.);
#4679 = EDGE_LOOP('',(#4680,#4681,#4702,#4723));
#4680 = ORIENTED_EDGE('',*,*,#1602,.T.);
#4681 = ORIENTED_EDGE('',*,*,#4682,.T.);
#4682 = EDGE_CURVE('',#1574,#4683,#4685,.T.);
#4683 = VERTEX_POINT('',#4684);
#4684 = CARTESIAN_POINT('',(154.15,11.,5.));
#4685 = SURFACE_CURVE('',#4686,(#4690,#4696),.PCURVE_S1.);
#4686 = LINE('',#4687,#4688);
#4687 = CARTESIAN_POINT('',(154.15,11.,0.));
#4688 = VECTOR('',#4689,1.);
#4689 = DIRECTION('',(0.,0.,1.));
#4690 = PCURVE('',#1615,#4691);
#4691 = DEFINITIONAL_REPRESENTATION('',(#4692),#4695);
#4692 = B_SPLINE_CURVE_WITH_KNOTS('',1,(#4693,#4694),.UNSPECIFIED.,.F.,
  .F.,(2,2),(2.25,5.25),.PIECEWISE_BEZIER_KNOTS.);
#4693 = CARTESIAN_POINT('',(4.,0.25));
#4694 = CARTESIAN_POINT('',(4.,-2.75));
#4695 = ( GEOMETRIC_REPRESENTATION_CONTEXT(2) 
PARAMETRIC_REPRESENTATION_CONTEXT() REPRESENTATION_CONTEXT('2D SPACE',''
  ) );
#4696 = PCURVE('',#1590,#4697);
#4697 = DEFINITIONAL_REPRESENTATION('',(#4698),#4701);
#4698 = B_SPLINE_CURVE_WITH_KNOTS('',1,(#4699,#4700),.UNSPECIFIED.,.F.,
  .F.,(2,2),(2.25,5.25),.PIECEWISE_BEZIER_KNOTS.);
#4699 = CARTESIAN_POINT('',(1.287002217587,2.25));
#4700 = CARTESIAN_POINT('',(1.287002217587,5.25));
#4701 = ( GEOMETRIC_REPRESENTATION_CONTEXT(2) 
PARAMETRIC_REPRESENTATION_CONTEXT() REPRESENTATION_CONTEXT('2D SPACE',''
  ) );
#4702 = ORIENTED_EDGE('',*,*,#4703,.T.);
#4703 = EDGE_CURVE('',#4683,#4609,#4704,.T.);
#4704 = SURFACE_CURVE('',#4705,(#4709,#4716),.PCURVE_S1.);
#4705 = LINE('',#4706,#4707);
#4706 = CARTESIAN_POINT('',(154.15,49.,5.));
#4707 = VECTOR('',#4708,1.);
#4708 = DIRECTION('',(0.,1.,0.));
#4709 = PCURVE('',#1615,#4710);
#4710 = DEFINITIONAL_REPRESENTATION('',(#4711),#4715);
#4711 = LINE('',#4712,#4713);
#4712 = CARTESIAN_POINT('',(42.,-2.5));
#4713 = VECTOR('',#4714,1.);
#4714 = DIRECTION('',(1.,0.));
#4715 = ( GEOMETRIC_REPRESENTATION_CONTEXT(2) 
PARAMETRIC_REPRESENTATION_CONTEXT() REPRESENTATION_CONTEXT('2D SPACE',''
  ) );
#4716 = PCURVE('',#4666,#4717);
#4717 = DEFINITIONAL_REPRESENTATION('',(#4718),#4722);
#4718 = LINE('',#4719,#4720);
#4719 = CARTESIAN_POINT('',(74.675,1.269078503911E-15));
#4720 = VECTOR('',#4721,1.);
#4721 = DIRECTION('',(0.,1.));
#4722 = ( GEOMETRIC_REPRESENTATION_CONTEXT(2) 
PARAMETRIC_REPRESENTATION_CONTEXT() REPRESENTATION_CONTEXT('2D SPACE',''
  ) );
#4723 = ORIENTED_EDGE('',*,*,#4608,.F.);
#4724 = ADVANCED_FACE('',(#4725),#1562,.F.);
#4725 = FACE_BOUND('',#4726,.F.);
#4726 = EDGE_LOOP('',(#4727,#4728,#4749,#4770));
#4727 = ORIENTED_EDGE('',*,*,#1547,.T.);
#4728 = ORIENTED_EDGE('',*,*,#4729,.T.);
#4729 = EDGE_CURVE('',#1548,#4730,#4732,.T.);
#4730 = VERTEX_POINT('',#4731);
#4731 = CARTESIAN_POINT('',(155.75,10.199999999999,5.));
#4732 = SURFACE_CURVE('',#4733,(#4737,#4743),.PCURVE_S1.);
#4733 = LINE('',#4734,#4735);
#4734 = CARTESIAN_POINT('',(155.75,10.2,0.));
#4735 = VECTOR('',#4736,1.);
#4736 = DIRECTION('',(0.,0.,1.));
#4737 = PCURVE('',#1562,#4738);
#4738 = DEFINITIONAL_REPRESENTATION('',(#4739),#4742);
#4739 = B_SPLINE_CURVE_WITH_KNOTS('',1,(#4740,#4741),.UNSPECIFIED.,.F.,
  .F.,(2,2),(2.25,5.25),.PIECEWISE_BEZIER_KNOTS.);
#4740 = CARTESIAN_POINT('',(3.2,0.25));
#4741 = CARTESIAN_POINT('',(3.2,-2.75));
#4742 = ( GEOMETRIC_REPRESENTATION_CONTEXT(2) 
PARAMETRIC_REPRESENTATION_CONTEXT() REPRESENTATION_CONTEXT('2D SPACE',''
  ) );
#4743 = PCURVE('',#1590,#4744);
#4744 = DEFINITIONAL_REPRESENTATION('',(#4745),#4748);
#4745 = B_SPLINE_CURVE_WITH_KNOTS('',1,(#4746,#4747),.UNSPECIFIED.,.F.,
  .F.,(2,2),(2.25,5.25),.PIECEWISE_BEZIER_KNOTS.);
#4746 = CARTESIAN_POINT('',(0.927295218002,2.25));
#4747 = CARTESIAN_POINT('',(0.927295218002,5.25));
#4748 = ( GEOMETRIC_REPRESENTATION_CONTEXT(2) 
PARAMETRIC_REPRESENTATION_CONTEXT() REPRESENTATION_CONTEXT('2D SPACE',''
  ) );
#4749 = ORIENTED_EDGE('',*,*,#4750,.T.);
#4750 = EDGE_CURVE('',#4730,#4631,#4751,.T.);
#4751 = SURFACE_CURVE('',#4752,(#4756,#4763),.PCURVE_S1.);
#4752 = LINE('',#4753,#4754);
#4753 = CARTESIAN_POINT('',(155.75,49.,5.));
#4754 = VECTOR('',#4755,1.);
#4755 = DIRECTION('',(0.,1.,0.));
#4756 = PCURVE('',#1562,#4757);
#4757 = DEFINITIONAL_REPRESENTATION('',(#4758),#4762);
#4758 = LINE('',#4759,#4760);
#4759 = CARTESIAN_POINT('',(42.,-2.5));
#4760 = VECTOR('',#4761,1.);
#4761 = DIRECTION('',(1.,0.));
#4762 = ( GEOMETRIC_REPRESENTATION_CONTEXT(2) 
PARAMETRIC_REPRESENTATION_CONTEXT() REPRESENTATION_CONTEXT('2D SPACE',''
  ) );
#4763 = PCURVE('',#4666,#4764);
#4764 = DEFINITIONAL_REPRESENTATION('',(#4765),#4769);
#4765 = LINE('',#4766,#4767);
#4766 = CARTESIAN_POINT('',(76.275,1.269078503911E-15));
#4767 = VECTOR('',#4768,1.);
#4768 = DIRECTION('',(0.,1.));
#4769 = ( GEOMETRIC_REPRESENTATION_CONTEXT(2) 
PARAMETRIC_REPRESENTATION_CONTEXT() REPRESENTATION_CONTEXT('2D SPACE',''
  ) );
#4770 = ORIENTED_EDGE('',*,*,#4630,.F.);
#4771 = ADVANCED_FACE('',(#4772),#1590,.F.);
#4772 = FACE_BOUND('',#4773,.F.);
#4773 = EDGE_LOOP('',(#4774,#4775,#4776,#4777));
#4774 = ORIENTED_EDGE('',*,*,#4729,.F.);
#4775 = ORIENTED_EDGE('',*,*,#1573,.T.);
#4776 = ORIENTED_EDGE('',*,*,#4682,.T.);
#4777 = ORIENTED_EDGE('',*,*,#4778,.F.);
#4778 = EDGE_CURVE('',#4730,#4683,#4779,.T.);
#4779 = SURFACE_CURVE('',#4780,(#4785,#4792),.PCURVE_S1.);
#4780 = CIRCLE('',#4781,5.);
#4781 = AXIS2_PLACEMENT_3D('',#4782,#4783,#4784);
#4782 = CARTESIAN_POINT('',(152.75,6.2,5.));
#4783 = DIRECTION('',(0.,0.,1.));
#4784 = DIRECTION('',(1.,0.,-0.));
#4785 = PCURVE('',#1590,#4786);
#4786 = DEFINITIONAL_REPRESENTATION('',(#4787),#4791);
#4787 = LINE('',#4788,#4789);
#4788 = CARTESIAN_POINT('',(0.,5.));
#4789 = VECTOR('',#4790,1.);
#4790 = DIRECTION('',(1.,0.));
#4791 = ( GEOMETRIC_REPRESENTATION_CONTEXT(2) 
PARAMETRIC_REPRESENTATION_CONTEXT() REPRESENTATION_CONTEXT('2D SPACE',''
  ) );
#4792 = PCURVE('',#4666,#4793);
#4793 = DEFINITIONAL_REPRESENTATION('',(#4794),#4798);
#4794 = CIRCLE('',#4795,5.);
#4795 = AXIS2_PLACEMENT_2D('',#4796,#4797);
#4796 = CARTESIAN_POINT('',(73.275,-42.8));
#4797 = DIRECTION('',(1.,0.));
#4798 = ( GEOMETRIC_REPRESENTATION_CONTEXT(2) 
PARAMETRIC_REPRESENTATION_CONTEXT() REPRESENTATION_CONTEXT('2D SPACE',''
  ) );
#4799 = ADVANCED_FACE('',(#4800),#1645,.T.);
#4800 = FACE_BOUND('',#4801,.T.);
#4801 = EDGE_LOOP('',(#4802,#4803,#4824,#4852));
#4802 = ORIENTED_EDGE('',*,*,#1628,.T.);
#4803 = ORIENTED_EDGE('',*,*,#4804,.T.);
#4804 = EDGE_CURVE('',#1631,#4805,#4807,.T.);
#4805 = VERTEX_POINT('',#4806);
#4806 = CARTESIAN_POINT('',(3.2,10.2,5.));
#4807 = SURFACE_CURVE('',#4808,(#4812,#4818),.PCURVE_S1.);
#4808 = LINE('',#4809,#4810);
#4809 = CARTESIAN_POINT('',(3.2,10.2,0.));
#4810 = VECTOR('',#4811,1.);
#4811 = DIRECTION('',(0.,0.,1.));
#4812 = PCURVE('',#1645,#4813);
#4813 = DEFINITIONAL_REPRESENTATION('',(#4814),#4817);
#4814 = B_SPLINE_CURVE_WITH_KNOTS('',1,(#4815,#4816),.UNSPECIFIED.,.F.,
  .F.,(2,2),(2.25,5.25),.PIECEWISE_BEZIER_KNOTS.);
#4815 = CARTESIAN_POINT('',(3.2,0.25));
#4816 = CARTESIAN_POINT('',(3.2,-2.75));
#4817 = ( GEOMETRIC_REPRESENTATION_CONTEXT(2) 
PARAMETRIC_REPRESENTATION_CONTEXT() REPRESENTATION_CONTEXT('2D SPACE',''
  ) );
#4818 = PCURVE('',#1726,#4819);
#4819 = DEFINITIONAL_REPRESENTATION('',(#4820),#4823);
#4820 = B_SPLINE_CURVE_WITH_KNOTS('',1,(#4821,#4822),.UNSPECIFIED.,.F.,
  .F.,(2,2),(2.25,5.25),.PIECEWISE_BEZIER_KNOTS.);
#4821 = CARTESIAN_POINT('',(2.214297435588,2.25));
#4822 = CARTESIAN_POINT('',(2.214297435588,5.25));
#4823 = ( GEOMETRIC_REPRESENTATION_CONTEXT(2) 
PARAMETRIC_REPRESENTATION_CONTEXT() REPRESENTATION_CONTEXT('2D SPACE',''
  ) );
#4824 = ORIENTED_EDGE('',*,*,#4825,.T.);
#4825 = EDGE_CURVE('',#4805,#4826,#4828,.T.);
#4826 = VERTEX_POINT('',#4827);
#4827 = CARTESIAN_POINT('',(3.2,87.8,5.));
#4828 = SURFACE_CURVE('',#4829,(#4833,#4840),.PCURVE_S1.);
#4829 = LINE('',#4830,#4831);
#4830 = CARTESIAN_POINT('',(3.2,49.,5.));
#4831 = VECTOR('',#4832,1.);
#4832 = DIRECTION('',(0.,1.,0.));
#4833 = PCURVE('',#1645,#4834);
#4834 = DEFINITIONAL_REPRESENTATION('',(#4835),#4839);
#4835 = LINE('',#4836,#4837);
#4836 = CARTESIAN_POINT('',(42.,-2.5));
#4837 = VECTOR('',#4838,1.);
#4838 = DIRECTION('',(1.,0.));
#4839 = ( GEOMETRIC_REPRESENTATION_CONTEXT(2) 
PARAMETRIC_REPRESENTATION_CONTEXT() REPRESENTATION_CONTEXT('2D SPACE',''
  ) );
#4840 = PCURVE('',#4841,#4846);
#4841 = PLANE('',#4842);
#4842 = AXIS2_PLACEMENT_3D('',#4843,#4844,#4845);
#4843 = CARTESIAN_POINT('',(79.475,49.,5.));
#4844 = DIRECTION('',(0.,0.,1.));
#4845 = DIRECTION('',(1.,0.,-0.));
#4846 = DEFINITIONAL_REPRESENTATION('',(#4847),#4851);
#4847 = LINE('',#4848,#4849);
#4848 = CARTESIAN_POINT('',(-76.275,1.269078503911E-15));
#4849 = VECTOR('',#4850,1.);
#4850 = DIRECTION('',(0.,1.));
#4851 = ( GEOMETRIC_REPRESENTATION_CONTEXT(2) 
PARAMETRIC_REPRESENTATION_CONTEXT() REPRESENTATION_CONTEXT('2D SPACE',''
  ) );
#4852 = ORIENTED_EDGE('',*,*,#4853,.F.);
#4853 = EDGE_CURVE('',#1629,#4826,#4854,.T.);
#4854 = SURFACE_CURVE('',#4855,(#4859,#4865),.PCURVE_S1.);
#4855 = LINE('',#4856,#4857);
#4856 = CARTESIAN_POINT('',(3.2,87.8,0.));
#4857 = VECTOR('',#4858,1.);
#4858 = DIRECTION('',(0.,0.,1.));
#4859 = PCURVE('',#1645,#4860);
#4860 = DEFINITIONAL_REPRESENTATION('',(#4861),#4864);
#4861 = B_SPLINE_CURVE_WITH_KNOTS('',1,(#4862,#4863),.UNSPECIFIED.,.F.,
  .F.,(2,2),(2.25,5.25),.PIECEWISE_BEZIER_KNOTS.);
#4862 = CARTESIAN_POINT('',(80.8,0.25));
#4863 = CARTESIAN_POINT('',(80.8,-2.75));
#4864 = ( GEOMETRIC_REPRESENTATION_CONTEXT(2) 
PARAMETRIC_REPRESENTATION_CONTEXT() REPRESENTATION_CONTEXT('2D SPACE',''
  ) );
#4865 = PCURVE('',#1673,#4866);
#4866 = DEFINITIONAL_REPRESENTATION('',(#4867),#4870);
#4867 = B_SPLINE_CURVE_WITH_KNOTS('',1,(#4868,#4869),.UNSPECIFIED.,.F.,
  .F.,(2,2),(2.25,5.25),.PIECEWISE_BEZIER_KNOTS.);
#4868 = CARTESIAN_POINT('',(4.068887871591,2.25));
#4869 = CARTESIAN_POINT('',(4.068887871591,5.25));
#4870 = ( GEOMETRIC_REPRESENTATION_CONTEXT(2) 
PARAMETRIC_REPRESENTATION_CONTEXT() REPRESENTATION_CONTEXT('2D SPACE',''
  ) );
#4871 = ADVANCED_FACE('',(#4872),#1673,.F.);
#4872 = FACE_BOUND('',#4873,.F.);
#4873 = EDGE_LOOP('',(#4874,#4875,#4876,#4897));
#4874 = ORIENTED_EDGE('',*,*,#4853,.F.);
#4875 = ORIENTED_EDGE('',*,*,#1656,.T.);
#4876 = ORIENTED_EDGE('',*,*,#4877,.T.);
#4877 = EDGE_CURVE('',#1657,#4878,#4880,.T.);
#4878 = VERTEX_POINT('',#4879);
#4879 = CARTESIAN_POINT('',(4.8,87.,5.));
#4880 = SURFACE_CURVE('',#4881,(#4885,#4891),.PCURVE_S1.);
#4881 = LINE('',#4882,#4883);
#4882 = CARTESIAN_POINT('',(4.8,87.,0.));
#4883 = VECTOR('',#4884,1.);
#4884 = DIRECTION('',(0.,0.,1.));
#4885 = PCURVE('',#1673,#4886);
#4886 = DEFINITIONAL_REPRESENTATION('',(#4887),#4890);
#4887 = B_SPLINE_CURVE_WITH_KNOTS('',1,(#4888,#4889),.UNSPECIFIED.,.F.,
  .F.,(2,2),(2.25,5.25),.PIECEWISE_BEZIER_KNOTS.);
#4888 = CARTESIAN_POINT('',(4.428594871176,2.25));
#4889 = CARTESIAN_POINT('',(4.428594871176,5.25));
#4890 = ( GEOMETRIC_REPRESENTATION_CONTEXT(2) 
PARAMETRIC_REPRESENTATION_CONTEXT() REPRESENTATION_CONTEXT('2D SPACE',''
  ) );
#4891 = PCURVE('',#1700,#4892);
#4892 = DEFINITIONAL_REPRESENTATION('',(#4893),#4896);
#4893 = B_SPLINE_CURVE_WITH_KNOTS('',1,(#4894,#4895),.UNSPECIFIED.,.F.,
  .F.,(2,2),(2.25,5.25),.PIECEWISE_BEZIER_KNOTS.);
#4894 = CARTESIAN_POINT('',(80.,0.25));
#4895 = CARTESIAN_POINT('',(80.,-2.75));
#4896 = ( GEOMETRIC_REPRESENTATION_CONTEXT(2) 
PARAMETRIC_REPRESENTATION_CONTEXT() REPRESENTATION_CONTEXT('2D SPACE',''
  ) );
#4897 = ORIENTED_EDGE('',*,*,#4898,.F.);
#4898 = EDGE_CURVE('',#4826,#4878,#4899,.T.);
#4899 = SURFACE_CURVE('',#4900,(#4905,#4912),.PCURVE_S1.);
#4900 = CIRCLE('',#4901,5.);
#4901 = AXIS2_PLACEMENT_3D('',#4902,#4903,#4904);
#4902 = CARTESIAN_POINT('',(6.2,91.8,5.));
#4903 = DIRECTION('',(0.,0.,1.));
#4904 = DIRECTION('',(1.,0.,-0.));
#4905 = PCURVE('',#1673,#4906);
#4906 = DEFINITIONAL_REPRESENTATION('',(#4907),#4911);
#4907 = LINE('',#4908,#4909);
#4908 = CARTESIAN_POINT('',(0.,5.));
#4909 = VECTOR('',#4910,1.);
#4910 = DIRECTION('',(1.,0.));
#4911 = ( GEOMETRIC_REPRESENTATION_CONTEXT(2) 
PARAMETRIC_REPRESENTATION_CONTEXT() REPRESENTATION_CONTEXT('2D SPACE',''
  ) );
#4912 = PCURVE('',#4841,#4913);
#4913 = DEFINITIONAL_REPRESENTATION('',(#4914),#4918);
#4914 = CIRCLE('',#4915,5.);
#4915 = AXIS2_PLACEMENT_2D('',#4916,#4917);
#4916 = CARTESIAN_POINT('',(-73.275,42.8));
#4917 = DIRECTION('',(1.,0.));
#4918 = ( GEOMETRIC_REPRESENTATION_CONTEXT(2) 
PARAMETRIC_REPRESENTATION_CONTEXT() REPRESENTATION_CONTEXT('2D SPACE',''
  ) );
#4919 = ADVANCED_FACE('',(#4920),#1726,.F.);
#4920 = FACE_BOUND('',#4921,.F.);
#4921 = EDGE_LOOP('',(#4922,#4943,#4944,#4945));
#4922 = ORIENTED_EDGE('',*,*,#4923,.F.);
#4923 = EDGE_CURVE('',#1686,#4924,#4926,.T.);
#4924 = VERTEX_POINT('',#4925);
#4925 = CARTESIAN_POINT('',(4.8,11.,5.));
#4926 = SURFACE_CURVE('',#4927,(#4931,#4937),.PCURVE_S1.);
#4927 = LINE('',#4928,#4929);
#4928 = CARTESIAN_POINT('',(4.8,11.,0.));
#4929 = VECTOR('',#4930,1.);
#4930 = DIRECTION('',(0.,0.,1.));
#4931 = PCURVE('',#1726,#4932);
#4932 = DEFINITIONAL_REPRESENTATION('',(#4933),#4936);
#4933 = B_SPLINE_CURVE_WITH_KNOTS('',1,(#4934,#4935),.UNSPECIFIED.,.F.,
  .F.,(2,2),(2.25,5.25),.PIECEWISE_BEZIER_KNOTS.);
#4934 = CARTESIAN_POINT('',(1.854590436003,2.25));
#4935 = CARTESIAN_POINT('',(1.854590436003,5.25));
#4936 = ( GEOMETRIC_REPRESENTATION_CONTEXT(2) 
PARAMETRIC_REPRESENTATION_CONTEXT() REPRESENTATION_CONTEXT('2D SPACE',''
  ) );
#4937 = PCURVE('',#1700,#4938);
#4938 = DEFINITIONAL_REPRESENTATION('',(#4939),#4942);
#4939 = B_SPLINE_CURVE_WITH_KNOTS('',1,(#4940,#4941),.UNSPECIFIED.,.F.,
  .F.,(2,2),(2.25,5.25),.PIECEWISE_BEZIER_KNOTS.);
#4940 = CARTESIAN_POINT('',(4.,0.25));
#4941 = CARTESIAN_POINT('',(4.,-2.75));
#4942 = ( GEOMETRIC_REPRESENTATION_CONTEXT(2) 
PARAMETRIC_REPRESENTATION_CONTEXT() REPRESENTATION_CONTEXT('2D SPACE',''
  ) );
#4943 = ORIENTED_EDGE('',*,*,#1711,.T.);
#4944 = ORIENTED_EDGE('',*,*,#4804,.T.);
#4945 = ORIENTED_EDGE('',*,*,#4946,.F.);
#4946 = EDGE_CURVE('',#4924,#4805,#4947,.T.);
#4947 = SURFACE_CURVE('',#4948,(#4953,#4960),.PCURVE_S1.);
#4948 = CIRCLE('',#4949,5.);
#4949 = AXIS2_PLACEMENT_3D('',#4950,#4951,#4952);
#4950 = CARTESIAN_POINT('',(6.2,6.2,5.));
#4951 = DIRECTION('',(0.,0.,1.));
#4952 = DIRECTION('',(1.,0.,-0.));
#4953 = PCURVE('',#1726,#4954);
#4954 = DEFINITIONAL_REPRESENTATION('',(#4955),#4959);
#4955 = LINE('',#4956,#4957);
#4956 = CARTESIAN_POINT('',(0.,5.));
#4957 = VECTOR('',#4958,1.);
#4958 = DIRECTION('',(1.,0.));
#4959 = ( GEOMETRIC_REPRESENTATION_CONTEXT(2) 
PARAMETRIC_REPRESENTATION_CONTEXT() REPRESENTATION_CONTEXT('2D SPACE',''
  ) );
#4960 = PCURVE('',#4841,#4961);
#4961 = DEFINITIONAL_REPRESENTATION('',(#4962),#4966);
#4962 = CIRCLE('',#4963,5.);
#4963 = AXIS2_PLACEMENT_2D('',#4964,#4965);
#4964 = CARTESIAN_POINT('',(-73.275,-42.8));
#4965 = DIRECTION('',(1.,0.));
#4966 = ( GEOMETRIC_REPRESENTATION_CONTEXT(2) 
PARAMETRIC_REPRESENTATION_CONTEXT() REPRESENTATION_CONTEXT('2D SPACE',''
  ) );
#4967 = ADVANCED_FACE('',(#4968),#1700,.F.);
#4968 = FACE_BOUND('',#4969,.F.);
#4969 = EDGE_LOOP('',(#4970,#4971,#4972,#4993));
#4970 = ORIENTED_EDGE('',*,*,#1685,.T.);
#4971 = ORIENTED_EDGE('',*,*,#4923,.T.);
#4972 = ORIENTED_EDGE('',*,*,#4973,.T.);
#4973 = EDGE_CURVE('',#4924,#4878,#4974,.T.);
#4974 = SURFACE_CURVE('',#4975,(#4979,#4986),.PCURVE_S1.);
#4975 = LINE('',#4976,#4977);
#4976 = CARTESIAN_POINT('',(4.8,49.,5.));
#4977 = VECTOR('',#4978,1.);
#4978 = DIRECTION('',(0.,1.,0.));
#4979 = PCURVE('',#1700,#4980);
#4980 = DEFINITIONAL_REPRESENTATION('',(#4981),#4985);
#4981 = LINE('',#4982,#4983);
#4982 = CARTESIAN_POINT('',(42.,-2.5));
#4983 = VECTOR('',#4984,1.);
#4984 = DIRECTION('',(1.,0.));
#4985 = ( GEOMETRIC_REPRESENTATION_CONTEXT(2) 
PARAMETRIC_REPRESENTATION_CONTEXT() REPRESENTATION_CONTEXT('2D SPACE',''
  ) );
#4986 = PCURVE('',#4841,#4987);
#4987 = DEFINITIONAL_REPRESENTATION('',(#4988),#4992);
#4988 = LINE('',#4989,#4990);
#4989 = CARTESIAN_POINT('',(-74.675,1.269078503911E-15));
#4990 = VECTOR('',#4991,1.);
#4991 = DIRECTION('',(0.,1.));
#4992 = ( GEOMETRIC_REPRESENTATION_CONTEXT(2) 
PARAMETRIC_REPRESENTATION_CONTEXT() REPRESENTATION_CONTEXT('2D SPACE',''
  ) );
#4993 = ORIENTED_EDGE('',*,*,#4877,.F.);
#4994 = ADVANCED_FACE('',(#4995),#1757,.F.);
#4995 = FACE_BOUND('',#4996,.F.);
#4996 = EDGE_LOOP('',(#4997,#5020,#5021,#5044));
#4997 = ORIENTED_EDGE('',*,*,#4998,.F.);
#4998 = EDGE_CURVE('',#1741,#4999,#5001,.T.);
#4999 = VERTEX_POINT('',#5000);
#5000 = CARTESIAN_POINT('',(76.975,52.9,6.));
#5001 = SURFACE_CURVE('',#5002,(#5006,#5013),.PCURVE_S1.);
#5002 = LINE('',#5003,#5004);
#5003 = CARTESIAN_POINT('',(76.975,52.9,2.5));
#5004 = VECTOR('',#5005,1.);
#5005 = DIRECTION('',(0.,0.,1.));
#5006 = PCURVE('',#1757,#5007);
#5007 = DEFINITIONAL_REPRESENTATION('',(#5008),#5012);
#5008 = LINE('',#5009,#5010);
#5009 = CARTESIAN_POINT('',(0.,28.));
#5010 = VECTOR('',#5011,1.);
#5011 = DIRECTION('',(1.,0.));
#5012 = ( GEOMETRIC_REPRESENTATION_CONTEXT(2) 
PARAMETRIC_REPRESENTATION_CONTEXT() REPRESENTATION_CONTEXT('2D SPACE',''
  ) );
#5013 = PCURVE('',#1833,#5014);
#5014 = DEFINITIONAL_REPRESENTATION('',(#5015),#5019);
#5015 = LINE('',#5016,#5017);
#5016 = CARTESIAN_POINT('',(0.,0.));
#5017 = VECTOR('',#5018,1.);
#5018 = DIRECTION('',(1.,0.));
#5019 = ( GEOMETRIC_REPRESENTATION_CONTEXT(2) 
PARAMETRIC_REPRESENTATION_CONTEXT() REPRESENTATION_CONTEXT('2D SPACE',''
  ) );
#5020 = ORIENTED_EDGE('',*,*,#1740,.T.);
#5021 = ORIENTED_EDGE('',*,*,#5022,.T.);
#5022 = EDGE_CURVE('',#1743,#5023,#5025,.T.);
#5023 = VERTEX_POINT('',#5024);
#5024 = CARTESIAN_POINT('',(76.975,80.9,6.));
#5025 = SURFACE_CURVE('',#5026,(#5030,#5037),.PCURVE_S1.);
#5026 = LINE('',#5027,#5028);
#5027 = CARTESIAN_POINT('',(76.975,80.9,2.5));
#5028 = VECTOR('',#5029,1.);
#5029 = DIRECTION('',(0.,0.,1.));
#5030 = PCURVE('',#1757,#5031);
#5031 = DEFINITIONAL_REPRESENTATION('',(#5032),#5036);
#5032 = LINE('',#5033,#5034);
#5033 = CARTESIAN_POINT('',(0.,0.));
#5034 = VECTOR('',#5035,1.);
#5035 = DIRECTION('',(1.,0.));
#5036 = ( GEOMETRIC_REPRESENTATION_CONTEXT(2) 
PARAMETRIC_REPRESENTATION_CONTEXT() REPRESENTATION_CONTEXT('2D SPACE',''
  ) );
#5037 = PCURVE('',#1783,#5038);
#5038 = DEFINITIONAL_REPRESENTATION('',(#5039),#5043);
#5039 = LINE('',#5040,#5041);
#5040 = CARTESIAN_POINT('',(0.,0.));
#5041 = VECTOR('',#5042,1.);
#5042 = DIRECTION('',(1.,0.));
#5043 = ( GEOMETRIC_REPRESENTATION_CONTEXT(2) 
PARAMETRIC_REPRESENTATION_CONTEXT() REPRESENTATION_CONTEXT('2D SPACE',''
  ) );
#5044 = ORIENTED_EDGE('',*,*,#5045,.T.);
#5045 = EDGE_CURVE('',#5023,#4999,#5046,.T.);
#5046 = SURFACE_CURVE('',#5047,(#5051,#5058),.PCURVE_S1.);
#5047 = LINE('',#5048,#5049);
#5048 = CARTESIAN_POINT('',(76.975,80.9,6.));
#5049 = VECTOR('',#5050,1.);
#5050 = DIRECTION('',(2.22044604925E-16,-1.,0.));
#5051 = PCURVE('',#1757,#5052);
#5052 = DEFINITIONAL_REPRESENTATION('',(#5053),#5057);
#5053 = LINE('',#5054,#5055);
#5054 = CARTESIAN_POINT('',(3.5,0.));
#5055 = VECTOR('',#5056,1.);
#5056 = DIRECTION('',(0.,1.));
#5057 = ( GEOMETRIC_REPRESENTATION_CONTEXT(2) 
PARAMETRIC_REPRESENTATION_CONTEXT() REPRESENTATION_CONTEXT('2D SPACE',''
  ) );
#5058 = PCURVE('',#5059,#5064);
#5059 = PLANE('',#5060);
#5060 = AXIS2_PLACEMENT_3D('',#5061,#5062,#5063);
#5061 = CARTESIAN_POINT('',(76.975,80.9,6.));
#5062 = DIRECTION('',(0.,0.,1.));
#5063 = DIRECTION('',(2.22044604925E-16,-1.,0.));
#5064 = DEFINITIONAL_REPRESENTATION('',(#5065),#5069);
#5065 = LINE('',#5066,#5067);
#5066 = CARTESIAN_POINT('',(0.,0.));
#5067 = VECTOR('',#5068,1.);
#5068 = DIRECTION('',(1.,0.));
#5069 = ( GEOMETRIC_REPRESENTATION_CONTEXT(2) 
PARAMETRIC_REPRESENTATION_CONTEXT() REPRESENTATION_CONTEXT('2D SPACE',''
  ) );
#5070 = ADVANCED_FACE('',(#5071),#1833,.T.);
#5071 = FACE_BOUND('',#5072,.T.);
#5072 = EDGE_LOOP('',(#5073,#5074,#5075,#5098));
#5073 = ORIENTED_EDGE('',*,*,#4998,.F.);
#5074 = ORIENTED_EDGE('',*,*,#1820,.T.);
#5075 = ORIENTED_EDGE('',*,*,#5076,.T.);
#5076 = EDGE_CURVE('',#1795,#5077,#5079,.T.);
#5077 = VERTEX_POINT('',#5078);
#5078 = CARTESIAN_POINT('',(81.975,52.9,6.));
#5079 = SURFACE_CURVE('',#5080,(#5084,#5091),.PCURVE_S1.);
#5080 = LINE('',#5081,#5082);
#5081 = CARTESIAN_POINT('',(81.975,52.9,2.5));
#5082 = VECTOR('',#5083,1.);
#5083 = DIRECTION('',(0.,0.,1.));
#5084 = PCURVE('',#1833,#5085);
#5085 = DEFINITIONAL_REPRESENTATION('',(#5086),#5090);
#5086 = LINE('',#5087,#5088);
#5087 = CARTESIAN_POINT('',(0.,-5.));
#5088 = VECTOR('',#5089,1.);
#5089 = DIRECTION('',(1.,0.));
#5090 = ( GEOMETRIC_REPRESENTATION_CONTEXT(2) 
PARAMETRIC_REPRESENTATION_CONTEXT() REPRESENTATION_CONTEXT('2D SPACE',''
  ) );
#5091 = PCURVE('',#1809,#5092);
#5092 = DEFINITIONAL_REPRESENTATION('',(#5093),#5097);
#5093 = LINE('',#5094,#5095);
#5094 = CARTESIAN_POINT('',(0.,28.));
#5095 = VECTOR('',#5096,1.);
#5096 = DIRECTION('',(1.,0.));
#5097 = ( GEOMETRIC_REPRESENTATION_CONTEXT(2) 
PARAMETRIC_REPRESENTATION_CONTEXT() REPRESENTATION_CONTEXT('2D SPACE',''
  ) );
#5098 = ORIENTED_EDGE('',*,*,#5099,.F.);
#5099 = EDGE_CURVE('',#4999,#5077,#5100,.T.);
#5100 = SURFACE_CURVE('',#5101,(#5105,#5112),.PCURVE_S1.);
#5101 = LINE('',#5102,#5103);
#5102 = CARTESIAN_POINT('',(76.975,52.9,6.));
#5103 = VECTOR('',#5104,1.);
#5104 = DIRECTION('',(1.,2.22044604925E-16,0.));
#5105 = PCURVE('',#1833,#5106);
#5106 = DEFINITIONAL_REPRESENTATION('',(#5107),#5111);
#5107 = LINE('',#5108,#5109);
#5108 = CARTESIAN_POINT('',(3.5,0.));
#5109 = VECTOR('',#5110,1.);
#5110 = DIRECTION('',(0.,-1.));
#5111 = ( GEOMETRIC_REPRESENTATION_CONTEXT(2) 
PARAMETRIC_REPRESENTATION_CONTEXT() REPRESENTATION_CONTEXT('2D SPACE',''
  ) );
#5112 = PCURVE('',#5059,#5113);
#5113 = DEFINITIONAL_REPRESENTATION('',(#5114),#5118);
#5114 = LINE('',#5115,#5116);
#5115 = CARTESIAN_POINT('',(28.,0.));
#5116 = VECTOR('',#5117,1.);
#5117 = DIRECTION('',(0.,1.));
#5118 = ( GEOMETRIC_REPRESENTATION_CONTEXT(2) 
PARAMETRIC_REPRESENTATION_CONTEXT() REPRESENTATION_CONTEXT('2D SPACE',''
  ) );
#5119 = ADVANCED_FACE('',(#5120),#1783,.F.);
#5120 = FACE_BOUND('',#5121,.F.);
#5121 = EDGE_LOOP('',(#5122,#5123,#5124,#5147));
#5122 = ORIENTED_EDGE('',*,*,#5022,.F.);
#5123 = ORIENTED_EDGE('',*,*,#1768,.T.);
#5124 = ORIENTED_EDGE('',*,*,#5125,.T.);
#5125 = EDGE_CURVE('',#1769,#5126,#5128,.T.);
#5126 = VERTEX_POINT('',#5127);
#5127 = CARTESIAN_POINT('',(81.975,80.9,6.));
#5128 = SURFACE_CURVE('',#5129,(#5133,#5140),.PCURVE_S1.);
#5129 = LINE('',#5130,#5131);
#5130 = CARTESIAN_POINT('',(81.975,80.9,2.5));
#5131 = VECTOR('',#5132,1.);
#5132 = DIRECTION('',(0.,0.,1.));
#5133 = PCURVE('',#1783,#5134);
#5134 = DEFINITIONAL_REPRESENTATION('',(#5135),#5139);
#5135 = LINE('',#5136,#5137);
#5136 = CARTESIAN_POINT('',(0.,-5.));
#5137 = VECTOR('',#5138,1.);
#5138 = DIRECTION('',(1.,0.));
#5139 = ( GEOMETRIC_REPRESENTATION_CONTEXT(2) 
PARAMETRIC_REPRESENTATION_CONTEXT() REPRESENTATION_CONTEXT('2D SPACE',''
  ) );
#5140 = PCURVE('',#1809,#5141);
#5141 = DEFINITIONAL_REPRESENTATION('',(#5142),#5146);
#5142 = LINE('',#5143,#5144);
#5143 = CARTESIAN_POINT('',(0.,0.));
#5144 = VECTOR('',#5145,1.);
#5145 = DIRECTION('',(1.,0.));
#5146 = ( GEOMETRIC_REPRESENTATION_CONTEXT(2) 
PARAMETRIC_REPRESENTATION_CONTEXT() REPRESENTATION_CONTEXT('2D SPACE',''
  ) );
#5147 = ORIENTED_EDGE('',*,*,#5148,.F.);
#5148 = EDGE_CURVE('',#5023,#5126,#5149,.T.);
#5149 = SURFACE_CURVE('',#5150,(#5154,#5161),.PCURVE_S1.);
#5150 = LINE('',#5151,#5152);
#5151 = CARTESIAN_POINT('',(76.975,80.9,6.));
#5152 = VECTOR('',#5153,1.);
#5153 = DIRECTION('',(1.,2.22044604925E-16,0.));
#5154 = PCURVE('',#1783,#5155);
#5155 = DEFINITIONAL_REPRESENTATION('',(#5156),#5160);
#5156 = LINE('',#5157,#5158);
#5157 = CARTESIAN_POINT('',(3.5,0.));
#5158 = VECTOR('',#5159,1.);
#5159 = DIRECTION('',(0.,-1.));
#5160 = ( GEOMETRIC_REPRESENTATION_CONTEXT(2) 
PARAMETRIC_REPRESENTATION_CONTEXT() REPRESENTATION_CONTEXT('2D SPACE',''
  ) );
#5161 = PCURVE('',#5059,#5162);
#5162 = DEFINITIONAL_REPRESENTATION('',(#5163),#5167);
#5163 = LINE('',#5164,#5165);
#5164 = CARTESIAN_POINT('',(0.,0.));
#5165 = VECTOR('',#5166,1.);
#5166 = DIRECTION('',(0.,1.));
#5167 = ( GEOMETRIC_REPRESENTATION_CONTEXT(2) 
PARAMETRIC_REPRESENTATION_CONTEXT() REPRESENTATION_CONTEXT('2D SPACE',''
  ) );
#5168 = ADVANCED_FACE('',(#5169),#1809,.T.);
#5169 = FACE_BOUND('',#5170,.T.);
#5170 = EDGE_LOOP('',(#5171,#5172,#5173,#5174));
#5171 = ORIENTED_EDGE('',*,*,#5076,.F.);
#5172 = ORIENTED_EDGE('',*,*,#1794,.T.);
#5173 = ORIENTED_EDGE('',*,*,#5125,.T.);
#5174 = ORIENTED_EDGE('',*,*,#5175,.T.);
#5175 = EDGE_CURVE('',#5126,#5077,#5176,.T.);
#5176 = SURFACE_CURVE('',#5177,(#5181,#5188),.PCURVE_S1.);
#5177 = LINE('',#5178,#5179);
#5178 = CARTESIAN_POINT('',(81.975,80.9,6.));
#5179 = VECTOR('',#5180,1.);
#5180 = DIRECTION('',(2.22044604925E-16,-1.,0.));
#5181 = PCURVE('',#1809,#5182);
#5182 = DEFINITIONAL_REPRESENTATION('',(#5183),#5187);
#5183 = LINE('',#5184,#5185);
#5184 = CARTESIAN_POINT('',(3.5,0.));
#5185 = VECTOR('',#5186,1.);
#5186 = DIRECTION('',(0.,1.));
#5187 = ( GEOMETRIC_REPRESENTATION_CONTEXT(2) 
PARAMETRIC_REPRESENTATION_CONTEXT() REPRESENTATION_CONTEXT('2D SPACE',''
  ) );
#5188 = PCURVE('',#5059,#5189);
#5189 = DEFINITIONAL_REPRESENTATION('',(#5190),#5194);
#5190 = LINE('',#5191,#5192);
#5191 = CARTESIAN_POINT('',(0.,5.));
#5192 = VECTOR('',#5193,1.);
#5193 = DIRECTION('',(1.,0.));
#5194 = ( GEOMETRIC_REPRESENTATION_CONTEXT(2) 
PARAMETRIC_REPRESENTATION_CONTEXT() REPRESENTATION_CONTEXT('2D SPACE',''
  ) );
#5195 = ADVANCED_FACE('',(#5196),#1863,.F.);
#5196 = FACE_BOUND('',#5197,.F.);
#5197 = EDGE_LOOP('',(#5198,#5221,#5222,#5223));
#5198 = ORIENTED_EDGE('',*,*,#5199,.T.);
#5199 = EDGE_CURVE('',#5200,#1847,#5202,.T.);
#5200 = VERTEX_POINT('',#5201);
#5201 = CARTESIAN_POINT('',(7.9,91.8,1.69));
#5202 = SEAM_CURVE('',#5203,(#5207,#5214),.PCURVE_S1.);
#5203 = LINE('',#5204,#5205);
#5204 = CARTESIAN_POINT('',(7.9,91.8,-1.));
#5205 = VECTOR('',#5206,1.);
#5206 = DIRECTION('',(0.,0.,1.));
#5207 = PCURVE('',#1863,#5208);
#5208 = DEFINITIONAL_REPRESENTATION('',(#5209),#5213);
#5209 = LINE('',#5210,#5211);
#5210 = CARTESIAN_POINT('',(6.28318530718,-0.));
#5211 = VECTOR('',#5212,1.);
#5212 = DIRECTION('',(0.,1.));
#5213 = ( GEOMETRIC_REPRESENTATION_CONTEXT(2) 
PARAMETRIC_REPRESENTATION_CONTEXT() REPRESENTATION_CONTEXT('2D SPACE',''
  ) );
#5214 = PCURVE('',#1863,#5215);
#5215 = DEFINITIONAL_REPRESENTATION('',(#5216),#5220);
#5216 = LINE('',#5217,#5218);
#5217 = CARTESIAN_POINT('',(0.,-0.));
#5218 = VECTOR('',#5219,1.);
#5219 = DIRECTION('',(0.,1.));
#5220 = ( GEOMETRIC_REPRESENTATION_CONTEXT(2) 
PARAMETRIC_REPRESENTATION_CONTEXT() REPRESENTATION_CONTEXT('2D SPACE',''
  ) );
#5221 = ORIENTED_EDGE('',*,*,#1846,.F.);
#5222 = ORIENTED_EDGE('',*,*,#5199,.F.);
#5223 = ORIENTED_EDGE('',*,*,#5224,.T.);
#5224 = EDGE_CURVE('',#5200,#5200,#5225,.T.);
#5225 = SURFACE_CURVE('',#5226,(#5231,#5238),.PCURVE_S1.);
#5226 = CIRCLE('',#5227,1.7);
#5227 = AXIS2_PLACEMENT_3D('',#5228,#5229,#5230);
#5228 = CARTESIAN_POINT('',(6.2,91.8,1.69));
#5229 = DIRECTION('',(0.,0.,1.));
#5230 = DIRECTION('',(1.,0.,-0.));
#5231 = PCURVE('',#1863,#5232);
#5232 = DEFINITIONAL_REPRESENTATION('',(#5233),#5237);
#5233 = LINE('',#5234,#5235);
#5234 = CARTESIAN_POINT('',(0.,2.69));
#5235 = VECTOR('',#5236,1.);
#5236 = DIRECTION('',(1.,0.));
#5237 = ( GEOMETRIC_REPRESENTATION_CONTEXT(2) 
PARAMETRIC_REPRESENTATION_CONTEXT() REPRESENTATION_CONTEXT('2D SPACE',''
  ) );
#5238 = PCURVE('',#2909,#5239);
#5239 = DEFINITIONAL_REPRESENTATION('',(#5240),#5244);
#5240 = LINE('',#5241,#5242);
#5241 = CARTESIAN_POINT('',(-0.,-1.7));
#5242 = VECTOR('',#5243,1.);
#5243 = DIRECTION('',(-1.,-0.));
#5244 = ( GEOMETRIC_REPRESENTATION_CONTEXT(2) 
PARAMETRIC_REPRESENTATION_CONTEXT() REPRESENTATION_CONTEXT('2D SPACE',''
  ) );
#5245 = ADVANCED_FACE('',(#5246),#1894,.T.);
#5246 = FACE_BOUND('',#5247,.T.);
#5247 = EDGE_LOOP('',(#5248,#5249,#5270,#5298));
#5248 = ORIENTED_EDGE('',*,*,#1877,.T.);
#5249 = ORIENTED_EDGE('',*,*,#5250,.T.);
#5250 = EDGE_CURVE('',#1880,#5251,#5253,.T.);
#5251 = VERTEX_POINT('',#5252);
#5252 = CARTESIAN_POINT('',(10.2,94.8,5.));
#5253 = SURFACE_CURVE('',#5254,(#5258,#5264),.PCURVE_S1.);
#5254 = LINE('',#5255,#5256);
#5255 = CARTESIAN_POINT('',(10.2,94.8,0.));
#5256 = VECTOR('',#5257,1.);
#5257 = DIRECTION('',(0.,0.,1.));
#5258 = PCURVE('',#1894,#5259);
#5259 = DEFINITIONAL_REPRESENTATION('',(#5260),#5263);
#5260 = B_SPLINE_CURVE_WITH_KNOTS('',1,(#5261,#5262),.UNSPECIFIED.,.F.,
  .F.,(2,2),(2.25,5.25),.PIECEWISE_BEZIER_KNOTS.);
#5261 = CARTESIAN_POINT('',(3.2,0.25));
#5262 = CARTESIAN_POINT('',(3.2,-2.75));
#5263 = ( GEOMETRIC_REPRESENTATION_CONTEXT(2) 
PARAMETRIC_REPRESENTATION_CONTEXT() REPRESENTATION_CONTEXT('2D SPACE',''
  ) );
#5264 = PCURVE('',#1975,#5265);
#5265 = DEFINITIONAL_REPRESENTATION('',(#5266),#5269);
#5266 = B_SPLINE_CURVE_WITH_KNOTS('',1,(#5267,#5268),.UNSPECIFIED.,.F.,
  .F.,(2,2),(2.25,5.25),.PIECEWISE_BEZIER_KNOTS.);
#5267 = CARTESIAN_POINT('',(0.643501108793,2.25));
#5268 = CARTESIAN_POINT('',(0.643501108793,5.25));
#5269 = ( GEOMETRIC_REPRESENTATION_CONTEXT(2) 
PARAMETRIC_REPRESENTATION_CONTEXT() REPRESENTATION_CONTEXT('2D SPACE',''
  ) );
#5270 = ORIENTED_EDGE('',*,*,#5271,.T.);
#5271 = EDGE_CURVE('',#5251,#5272,#5274,.T.);
#5272 = VERTEX_POINT('',#5273);
#5273 = CARTESIAN_POINT('',(53.475,94.8,5.));
#5274 = SURFACE_CURVE('',#5275,(#5279,#5286),.PCURVE_S1.);
#5275 = LINE('',#5276,#5277);
#5276 = CARTESIAN_POINT('',(79.475,94.8,5.));
#5277 = VECTOR('',#5278,1.);
#5278 = DIRECTION('',(1.,0.,0.));
#5279 = PCURVE('',#1894,#5280);
#5280 = DEFINITIONAL_REPRESENTATION('',(#5281),#5285);
#5281 = LINE('',#5282,#5283);
#5282 = CARTESIAN_POINT('',(72.475,-2.5));
#5283 = VECTOR('',#5284,1.);
#5284 = DIRECTION('',(1.,0.));
#5285 = ( GEOMETRIC_REPRESENTATION_CONTEXT(2) 
PARAMETRIC_REPRESENTATION_CONTEXT() REPRESENTATION_CONTEXT('2D SPACE',''
  ) );
#5286 = PCURVE('',#5287,#5292);
#5287 = PLANE('',#5288);
#5288 = AXIS2_PLACEMENT_3D('',#5289,#5290,#5291);
#5289 = CARTESIAN_POINT('',(79.475,49.,5.));
#5290 = DIRECTION('',(0.,0.,1.));
#5291 = DIRECTION('',(1.,0.,-0.));
#5292 = DEFINITIONAL_REPRESENTATION('',(#5293),#5297);
#5293 = LINE('',#5294,#5295);
#5294 = CARTESIAN_POINT('',(-9.76895313476E-15,45.8));
#5295 = VECTOR('',#5296,1.);
#5296 = DIRECTION('',(1.,0.));
#5297 = ( GEOMETRIC_REPRESENTATION_CONTEXT(2) 
PARAMETRIC_REPRESENTATION_CONTEXT() REPRESENTATION_CONTEXT('2D SPACE',''
  ) );
#5298 = ORIENTED_EDGE('',*,*,#5299,.F.);
#5299 = EDGE_CURVE('',#1878,#5272,#5300,.T.);
#5300 = SURFACE_CURVE('',#5301,(#5305,#5311),.PCURVE_S1.);
#5301 = LINE('',#5302,#5303);
#5302 = CARTESIAN_POINT('',(53.475,94.8,0.));
#5303 = VECTOR('',#5304,1.);
#5304 = DIRECTION('',(0.,0.,1.));
#5305 = PCURVE('',#1894,#5306);
#5306 = DEFINITIONAL_REPRESENTATION('',(#5307),#5310);
#5307 = B_SPLINE_CURVE_WITH_KNOTS('',1,(#5308,#5309),.UNSPECIFIED.,.F.,
  .F.,(2,2),(2.25,5.25),.PIECEWISE_BEZIER_KNOTS.);
#5308 = CARTESIAN_POINT('',(46.475,0.25));
#5309 = CARTESIAN_POINT('',(46.475,-2.75));
#5310 = ( GEOMETRIC_REPRESENTATION_CONTEXT(2) 
PARAMETRIC_REPRESENTATION_CONTEXT() REPRESENTATION_CONTEXT('2D SPACE',''
  ) );
#5311 = PCURVE('',#1922,#5312);
#5312 = DEFINITIONAL_REPRESENTATION('',(#5313),#5316);
#5313 = B_SPLINE_CURVE_WITH_KNOTS('',1,(#5314,#5315),.UNSPECIFIED.,.F.,
  .F.,(2,2),(2.25,5.25),.PIECEWISE_BEZIER_KNOTS.);
#5314 = CARTESIAN_POINT('',(2.498091544797,2.25));
#5315 = CARTESIAN_POINT('',(2.498091544797,5.25));
#5316 = ( GEOMETRIC_REPRESENTATION_CONTEXT(2) 
PARAMETRIC_REPRESENTATION_CONTEXT() REPRESENTATION_CONTEXT('2D SPACE',''
  ) );
#5317 = ADVANCED_FACE('',(#5318),#1922,.F.);
#5318 = FACE_BOUND('',#5319,.F.);
#5319 = EDGE_LOOP('',(#5320,#5321,#5322,#5343));
#5320 = ORIENTED_EDGE('',*,*,#5299,.F.);
#5321 = ORIENTED_EDGE('',*,*,#1905,.T.);
#5322 = ORIENTED_EDGE('',*,*,#5323,.T.);
#5323 = EDGE_CURVE('',#1906,#5324,#5326,.T.);
#5324 = VERTEX_POINT('',#5325);
#5325 = CARTESIAN_POINT('',(52.674999999999,93.2,5.));
#5326 = SURFACE_CURVE('',#5327,(#5331,#5337),.PCURVE_S1.);
#5327 = LINE('',#5328,#5329);
#5328 = CARTESIAN_POINT('',(52.675,93.2,0.));
#5329 = VECTOR('',#5330,1.);
#5330 = DIRECTION('',(0.,0.,1.));
#5331 = PCURVE('',#1922,#5332);
#5332 = DEFINITIONAL_REPRESENTATION('',(#5333),#5336);
#5333 = B_SPLINE_CURVE_WITH_KNOTS('',1,(#5334,#5335),.UNSPECIFIED.,.F.,
  .F.,(2,2),(2.25,5.25),.PIECEWISE_BEZIER_KNOTS.);
#5334 = CARTESIAN_POINT('',(2.857798544381,2.25));
#5335 = CARTESIAN_POINT('',(2.857798544381,5.25));
#5336 = ( GEOMETRIC_REPRESENTATION_CONTEXT(2) 
PARAMETRIC_REPRESENTATION_CONTEXT() REPRESENTATION_CONTEXT('2D SPACE',''
  ) );
#5337 = PCURVE('',#1949,#5338);
#5338 = DEFINITIONAL_REPRESENTATION('',(#5339),#5342);
#5339 = B_SPLINE_CURVE_WITH_KNOTS('',1,(#5340,#5341),.UNSPECIFIED.,.F.,
  .F.,(2,2),(2.25,5.25),.PIECEWISE_BEZIER_KNOTS.);
#5340 = CARTESIAN_POINT('',(45.675,0.25));
#5341 = CARTESIAN_POINT('',(45.675,-2.75));
#5342 = ( GEOMETRIC_REPRESENTATION_CONTEXT(2) 
PARAMETRIC_REPRESENTATION_CONTEXT() REPRESENTATION_CONTEXT('2D SPACE',''
  ) );
#5343 = ORIENTED_EDGE('',*,*,#5344,.F.);
#5344 = EDGE_CURVE('',#5272,#5324,#5345,.T.);
#5345 = SURFACE_CURVE('',#5346,(#5351,#5358),.PCURVE_S1.);
#5346 = CIRCLE('',#5347,5.);
#5347 = AXIS2_PLACEMENT_3D('',#5348,#5349,#5350);
#5348 = CARTESIAN_POINT('',(57.475,91.8,5.));
#5349 = DIRECTION('',(0.,0.,1.));
#5350 = DIRECTION('',(1.,0.,-0.));
#5351 = PCURVE('',#1922,#5352);
#5352 = DEFINITIONAL_REPRESENTATION('',(#5353),#5357);
#5353 = LINE('',#5354,#5355);
#5354 = CARTESIAN_POINT('',(0.,5.));
#5355 = VECTOR('',#5356,1.);
#5356 = DIRECTION('',(1.,0.));
#5357 = ( GEOMETRIC_REPRESENTATION_CONTEXT(2) 
PARAMETRIC_REPRESENTATION_CONTEXT() REPRESENTATION_CONTEXT('2D SPACE',''
  ) );
#5358 = PCURVE('',#5287,#5359);
#5359 = DEFINITIONAL_REPRESENTATION('',(#5360),#5364);
#5360 = CIRCLE('',#5361,5.);
#5361 = AXIS2_PLACEMENT_2D('',#5362,#5363);
#5362 = CARTESIAN_POINT('',(-22.,42.8));
#5363 = DIRECTION('',(1.,0.));
#5364 = ( GEOMETRIC_REPRESENTATION_CONTEXT(2) 
PARAMETRIC_REPRESENTATION_CONTEXT() REPRESENTATION_CONTEXT('2D SPACE',''
  ) );
#5365 = ADVANCED_FACE('',(#5366),#1975,.F.);
#5366 = FACE_BOUND('',#5367,.F.);
#5367 = EDGE_LOOP('',(#5368,#5389,#5390,#5391));
#5368 = ORIENTED_EDGE('',*,*,#5369,.F.);
#5369 = EDGE_CURVE('',#1935,#5370,#5372,.T.);
#5370 = VERTEX_POINT('',#5371);
#5371 = CARTESIAN_POINT('',(11.,93.2,5.));
#5372 = SURFACE_CURVE('',#5373,(#5377,#5383),.PCURVE_S1.);
#5373 = LINE('',#5374,#5375);
#5374 = CARTESIAN_POINT('',(11.,93.2,0.));
#5375 = VECTOR('',#5376,1.);
#5376 = DIRECTION('',(0.,0.,1.));
#5377 = PCURVE('',#1975,#5378);
#5378 = DEFINITIONAL_REPRESENTATION('',(#5379),#5382);
#5379 = B_SPLINE_CURVE_WITH_KNOTS('',1,(#5380,#5381),.UNSPECIFIED.,.F.,
  .F.,(2,2),(2.25,5.25),.PIECEWISE_BEZIER_KNOTS.);
#5380 = CARTESIAN_POINT('',(0.283794109208,2.25));
#5381 = CARTESIAN_POINT('',(0.283794109208,5.25));
#5382 = ( GEOMETRIC_REPRESENTATION_CONTEXT(2) 
PARAMETRIC_REPRESENTATION_CONTEXT() REPRESENTATION_CONTEXT('2D SPACE',''
  ) );
#5383 = PCURVE('',#1949,#5384);
#5384 = DEFINITIONAL_REPRESENTATION('',(#5385),#5388);
#5385 = B_SPLINE_CURVE_WITH_KNOTS('',1,(#5386,#5387),.UNSPECIFIED.,.F.,
  .F.,(2,2),(2.25,5.25),.PIECEWISE_BEZIER_KNOTS.);
#5386 = CARTESIAN_POINT('',(4.,0.25));
#5387 = CARTESIAN_POINT('',(4.,-2.75));
#5388 = ( GEOMETRIC_REPRESENTATION_CONTEXT(2) 
PARAMETRIC_REPRESENTATION_CONTEXT() REPRESENTATION_CONTEXT('2D SPACE',''
  ) );
#5389 = ORIENTED_EDGE('',*,*,#1960,.T.);
#5390 = ORIENTED_EDGE('',*,*,#5250,.T.);
#5391 = ORIENTED_EDGE('',*,*,#5392,.F.);
#5392 = EDGE_CURVE('',#5370,#5251,#5393,.T.);
#5393 = SURFACE_CURVE('',#5394,(#5399,#5406),.PCURVE_S1.);
#5394 = CIRCLE('',#5395,5.);
#5395 = AXIS2_PLACEMENT_3D('',#5396,#5397,#5398);
#5396 = CARTESIAN_POINT('',(6.2,91.8,5.));
#5397 = DIRECTION('',(0.,0.,1.));
#5398 = DIRECTION('',(1.,0.,-0.));
#5399 = PCURVE('',#1975,#5400);
#5400 = DEFINITIONAL_REPRESENTATION('',(#5401),#5405);
#5401 = LINE('',#5402,#5403);
#5402 = CARTESIAN_POINT('',(0.,5.));
#5403 = VECTOR('',#5404,1.);
#5404 = DIRECTION('',(1.,0.));
#5405 = ( GEOMETRIC_REPRESENTATION_CONTEXT(2) 
PARAMETRIC_REPRESENTATION_CONTEXT() REPRESENTATION_CONTEXT('2D SPACE',''
  ) );
#5406 = PCURVE('',#5287,#5407);
#5407 = DEFINITIONAL_REPRESENTATION('',(#5408),#5412);
#5408 = CIRCLE('',#5409,5.);
#5409 = AXIS2_PLACEMENT_2D('',#5410,#5411);
#5410 = CARTESIAN_POINT('',(-73.275,42.8));
#5411 = DIRECTION('',(1.,0.));
#5412 = ( GEOMETRIC_REPRESENTATION_CONTEXT(2) 
PARAMETRIC_REPRESENTATION_CONTEXT() REPRESENTATION_CONTEXT('2D SPACE',''
  ) );
#5413 = ADVANCED_FACE('',(#5414),#1949,.F.);
#5414 = FACE_BOUND('',#5415,.F.);
#5415 = EDGE_LOOP('',(#5416,#5417,#5418,#5439));
#5416 = ORIENTED_EDGE('',*,*,#1934,.T.);
#5417 = ORIENTED_EDGE('',*,*,#5369,.T.);
#5418 = ORIENTED_EDGE('',*,*,#5419,.T.);
#5419 = EDGE_CURVE('',#5370,#5324,#5420,.T.);
#5420 = SURFACE_CURVE('',#5421,(#5425,#5432),.PCURVE_S1.);
#5421 = LINE('',#5422,#5423);
#5422 = CARTESIAN_POINT('',(79.475,93.2,5.));
#5423 = VECTOR('',#5424,1.);
#5424 = DIRECTION('',(1.,0.,0.));
#5425 = PCURVE('',#1949,#5426);
#5426 = DEFINITIONAL_REPRESENTATION('',(#5427),#5431);
#5427 = LINE('',#5428,#5429);
#5428 = CARTESIAN_POINT('',(72.475,-2.5));
#5429 = VECTOR('',#5430,1.);
#5430 = DIRECTION('',(1.,0.));
#5431 = ( GEOMETRIC_REPRESENTATION_CONTEXT(2) 
PARAMETRIC_REPRESENTATION_CONTEXT() REPRESENTATION_CONTEXT('2D SPACE',''
  ) );
#5432 = PCURVE('',#5287,#5433);
#5433 = DEFINITIONAL_REPRESENTATION('',(#5434),#5438);
#5434 = LINE('',#5435,#5436);
#5435 = CARTESIAN_POINT('',(4.441901580442E-15,44.2));
#5436 = VECTOR('',#5437,1.);
#5437 = DIRECTION('',(1.,0.));
#5438 = ( GEOMETRIC_REPRESENTATION_CONTEXT(2) 
PARAMETRIC_REPRESENTATION_CONTEXT() REPRESENTATION_CONTEXT('2D SPACE',''
  ) );
#5439 = ORIENTED_EDGE('',*,*,#5323,.F.);
#5440 = ADVANCED_FACE('',(#5441),#2006,.T.);
#5441 = FACE_BOUND('',#5442,.T.);
#5442 = EDGE_LOOP('',(#5443,#5466,#5493,#5494));
#5443 = ORIENTED_EDGE('',*,*,#5444,.T.);
#5444 = EDGE_CURVE('',#1990,#5445,#5447,.T.);
#5445 = VERTEX_POINT('',#5446);
#5446 = CARTESIAN_POINT('',(47.075,74.2,6.));
#5447 = SEAM_CURVE('',#5448,(#5452,#5459),.PCURVE_S1.);
#5448 = LINE('',#5449,#5450);
#5449 = CARTESIAN_POINT('',(47.075,74.2,2.5));
#5450 = VECTOR('',#5451,1.);
#5451 = DIRECTION('',(0.,0.,1.));
#5452 = PCURVE('',#2006,#5453);
#5453 = DEFINITIONAL_REPRESENTATION('',(#5454),#5458);
#5454 = LINE('',#5455,#5456);
#5455 = CARTESIAN_POINT('',(6.28318530718,-0.));
#5456 = VECTOR('',#5457,1.);
#5457 = DIRECTION('',(0.,1.));
#5458 = ( GEOMETRIC_REPRESENTATION_CONTEXT(2) 
PARAMETRIC_REPRESENTATION_CONTEXT() REPRESENTATION_CONTEXT('2D SPACE',''
  ) );
#5459 = PCURVE('',#2006,#5460);
#5460 = DEFINITIONAL_REPRESENTATION('',(#5461),#5465);
#5461 = LINE('',#5462,#5463);
#5462 = CARTESIAN_POINT('',(0.,-0.));
#5463 = VECTOR('',#5464,1.);
#5464 = DIRECTION('',(0.,1.));
#5465 = ( GEOMETRIC_REPRESENTATION_CONTEXT(2) 
PARAMETRIC_REPRESENTATION_CONTEXT() REPRESENTATION_CONTEXT('2D SPACE',''
  ) );
#5466 = ORIENTED_EDGE('',*,*,#5467,.F.);
#5467 = EDGE_CURVE('',#5445,#5445,#5468,.T.);
#5468 = SURFACE_CURVE('',#5469,(#5474,#5481),.PCURVE_S1.);
#5469 = CIRCLE('',#5470,2.5);
#5470 = AXIS2_PLACEMENT_3D('',#5471,#5472,#5473);
#5471 = CARTESIAN_POINT('',(44.575,74.2,6.));
#5472 = DIRECTION('',(0.,0.,1.));
#5473 = DIRECTION('',(1.,0.,-0.));
#5474 = PCURVE('',#2006,#5475);
#5475 = DEFINITIONAL_REPRESENTATION('',(#5476),#5480);
#5476 = LINE('',#5477,#5478);
#5477 = CARTESIAN_POINT('',(0.,3.5));
#5478 = VECTOR('',#5479,1.);
#5479 = DIRECTION('',(1.,0.));
#5480 = ( GEOMETRIC_REPRESENTATION_CONTEXT(2) 
PARAMETRIC_REPRESENTATION_CONTEXT() REPRESENTATION_CONTEXT('2D SPACE',''
  ) );
#5481 = PCURVE('',#5482,#5487);
#5482 = PLANE('',#5483);
#5483 = AXIS2_PLACEMENT_3D('',#5484,#5485,#5486);
#5484 = CARTESIAN_POINT('',(44.575,74.2,6.));
#5485 = DIRECTION('',(0.,0.,1.));
#5486 = DIRECTION('',(1.,0.,-0.));
#5487 = DEFINITIONAL_REPRESENTATION('',(#5488),#5492);
#5488 = CIRCLE('',#5489,2.5);
#5489 = AXIS2_PLACEMENT_2D('',#5490,#5491);
#5490 = CARTESIAN_POINT('',(0.,0.));
#5491 = DIRECTION('',(1.,0.));
#5492 = ( GEOMETRIC_REPRESENTATION_CONTEXT(2) 
PARAMETRIC_REPRESENTATION_CONTEXT() REPRESENTATION_CONTEXT('2D SPACE',''
  ) );
#5493 = ORIENTED_EDGE('',*,*,#5444,.F.);
#5494 = ORIENTED_EDGE('',*,*,#1989,.T.);
#5495 = ADVANCED_FACE('',(#5496),#2037,.F.);
#5496 = FACE_BOUND('',#5497,.F.);
#5497 = EDGE_LOOP('',(#5498,#5521,#5522,#5523));
#5498 = ORIENTED_EDGE('',*,*,#5499,.T.);
#5499 = EDGE_CURVE('',#5500,#2021,#5502,.T.);
#5500 = VERTEX_POINT('',#5501);
#5501 = CARTESIAN_POINT('',(59.175,91.8,1.69));
#5502 = SEAM_CURVE('',#5503,(#5507,#5514),.PCURVE_S1.);
#5503 = LINE('',#5504,#5505);
#5504 = CARTESIAN_POINT('',(59.175,91.8,-1.));
#5505 = VECTOR('',#5506,1.);
#5506 = DIRECTION('',(0.,0.,1.));
#5507 = PCURVE('',#2037,#5508);
#5508 = DEFINITIONAL_REPRESENTATION('',(#5509),#5513);
#5509 = LINE('',#5510,#5511);
#5510 = CARTESIAN_POINT('',(6.28318530718,-0.));
#5511 = VECTOR('',#5512,1.);
#5512 = DIRECTION('',(0.,1.));
#5513 = ( GEOMETRIC_REPRESENTATION_CONTEXT(2) 
PARAMETRIC_REPRESENTATION_CONTEXT() REPRESENTATION_CONTEXT('2D SPACE',''
  ) );
#5514 = PCURVE('',#2037,#5515);
#5515 = DEFINITIONAL_REPRESENTATION('',(#5516),#5520);
#5516 = LINE('',#5517,#5518);
#5517 = CARTESIAN_POINT('',(0.,-0.));
#5518 = VECTOR('',#5519,1.);
#5519 = DIRECTION('',(0.,1.));
#5520 = ( GEOMETRIC_REPRESENTATION_CONTEXT(2) 
PARAMETRIC_REPRESENTATION_CONTEXT() REPRESENTATION_CONTEXT('2D SPACE',''
  ) );
#5521 = ORIENTED_EDGE('',*,*,#2020,.F.);
#5522 = ORIENTED_EDGE('',*,*,#5499,.F.);
#5523 = ORIENTED_EDGE('',*,*,#5524,.T.);
#5524 = EDGE_CURVE('',#5500,#5500,#5525,.T.);
#5525 = SURFACE_CURVE('',#5526,(#5531,#5538),.PCURVE_S1.);
#5526 = CIRCLE('',#5527,1.7);
#5527 = AXIS2_PLACEMENT_3D('',#5528,#5529,#5530);
#5528 = CARTESIAN_POINT('',(57.475,91.8,1.69));
#5529 = DIRECTION('',(0.,0.,1.));
#5530 = DIRECTION('',(1.,0.,-0.));
#5531 = PCURVE('',#2037,#5532);
#5532 = DEFINITIONAL_REPRESENTATION('',(#5533),#5537);
#5533 = LINE('',#5534,#5535);
#5534 = CARTESIAN_POINT('',(0.,2.69));
#5535 = VECTOR('',#5536,1.);
#5536 = DIRECTION('',(1.,0.));
#5537 = ( GEOMETRIC_REPRESENTATION_CONTEXT(2) 
PARAMETRIC_REPRESENTATION_CONTEXT() REPRESENTATION_CONTEXT('2D SPACE',''
  ) );
#5538 = PCURVE('',#2940,#5539);
#5539 = DEFINITIONAL_REPRESENTATION('',(#5540),#5544);
#5540 = LINE('',#5541,#5542);
#5541 = CARTESIAN_POINT('',(-0.,-1.7));
#5542 = VECTOR('',#5543,1.);
#5543 = DIRECTION('',(-1.,-0.));
#5544 = ( GEOMETRIC_REPRESENTATION_CONTEXT(2) 
PARAMETRIC_REPRESENTATION_CONTEXT() REPRESENTATION_CONTEXT('2D SPACE',''
  ) );
#5545 = ADVANCED_FACE('',(#5546),#2068,.T.);
#5546 = FACE_BOUND('',#5547,.T.);
#5547 = EDGE_LOOP('',(#5548,#5549,#5570,#5598));
#5548 = ORIENTED_EDGE('',*,*,#2051,.T.);
#5549 = ORIENTED_EDGE('',*,*,#5550,.T.);
#5550 = EDGE_CURVE('',#2054,#5551,#5553,.T.);
#5551 = VERTEX_POINT('',#5552);
#5552 = CARTESIAN_POINT('',(61.475,94.8,5.));
#5553 = SURFACE_CURVE('',#5554,(#5558,#5564),.PCURVE_S1.);
#5554 = LINE('',#5555,#5556);
#5555 = CARTESIAN_POINT('',(61.475,94.8,0.));
#5556 = VECTOR('',#5557,1.);
#5557 = DIRECTION('',(0.,0.,1.));
#5558 = PCURVE('',#2068,#5559);
#5559 = DEFINITIONAL_REPRESENTATION('',(#5560),#5563);
#5560 = B_SPLINE_CURVE_WITH_KNOTS('',1,(#5561,#5562),.UNSPECIFIED.,.F.,
  .F.,(2,2),(2.25,5.25),.PIECEWISE_BEZIER_KNOTS.);
#5561 = CARTESIAN_POINT('',(54.475,0.25));
#5562 = CARTESIAN_POINT('',(54.475,-2.75));
#5563 = ( GEOMETRIC_REPRESENTATION_CONTEXT(2) 
PARAMETRIC_REPRESENTATION_CONTEXT() REPRESENTATION_CONTEXT('2D SPACE',''
  ) );
#5564 = PCURVE('',#2146,#5565);
#5565 = DEFINITIONAL_REPRESENTATION('',(#5566),#5569);
#5566 = B_SPLINE_CURVE_WITH_KNOTS('',1,(#5567,#5568),.UNSPECIFIED.,.F.,
  .F.,(2,2),(2.25,5.25),.PIECEWISE_BEZIER_KNOTS.);
#5567 = CARTESIAN_POINT('',(0.643501108793,2.25));
#5568 = CARTESIAN_POINT('',(0.643501108793,5.25));
#5569 = ( GEOMETRIC_REPRESENTATION_CONTEXT(2) 
PARAMETRIC_REPRESENTATION_CONTEXT() REPRESENTATION_CONTEXT('2D SPACE',''
  ) );
#5570 = ORIENTED_EDGE('',*,*,#5571,.T.);
#5571 = EDGE_CURVE('',#5551,#5572,#5574,.T.);
#5572 = VERTEX_POINT('',#5573);
#5573 = CARTESIAN_POINT('',(66.475,94.8,5.));
#5574 = SURFACE_CURVE('',#5575,(#5579,#5586),.PCURVE_S1.);
#5575 = LINE('',#5576,#5577);
#5576 = CARTESIAN_POINT('',(79.475,94.8,5.));
#5577 = VECTOR('',#5578,1.);
#5578 = DIRECTION('',(1.,0.,0.));
#5579 = PCURVE('',#2068,#5580);
#5580 = DEFINITIONAL_REPRESENTATION('',(#5581),#5585);
#5581 = LINE('',#5582,#5583);
#5582 = CARTESIAN_POINT('',(72.475,-2.5));
#5583 = VECTOR('',#5584,1.);
#5584 = DIRECTION('',(1.,0.));
#5585 = ( GEOMETRIC_REPRESENTATION_CONTEXT(2) 
PARAMETRIC_REPRESENTATION_CONTEXT() REPRESENTATION_CONTEXT('2D SPACE',''
  ) );
#5586 = PCURVE('',#5587,#5592);
#5587 = PLANE('',#5588);
#5588 = AXIS2_PLACEMENT_3D('',#5589,#5590,#5591);
#5589 = CARTESIAN_POINT('',(79.475,49.,5.));
#5590 = DIRECTION('',(0.,0.,1.));
#5591 = DIRECTION('',(1.,0.,-0.));
#5592 = DEFINITIONAL_REPRESENTATION('',(#5593),#5597);
#5593 = LINE('',#5594,#5595);
#5594 = CARTESIAN_POINT('',(-9.76895313476E-15,45.8));
#5595 = VECTOR('',#5596,1.);
#5596 = DIRECTION('',(1.,0.));
#5597 = ( GEOMETRIC_REPRESENTATION_CONTEXT(2) 
PARAMETRIC_REPRESENTATION_CONTEXT() REPRESENTATION_CONTEXT('2D SPACE',''
  ) );
#5598 = ORIENTED_EDGE('',*,*,#5599,.T.);
#5599 = EDGE_CURVE('',#5572,#2052,#5600,.T.);
#5600 = SURFACE_CURVE('',#5601,(#5605,#5611),.PCURVE_S1.);
#5601 = LINE('',#5602,#5603);
#5602 = CARTESIAN_POINT('',(66.475,94.8,1.25));
#5603 = VECTOR('',#5604,1.);
#5604 = DIRECTION('',(-0.,0.,-1.));
#5605 = PCURVE('',#2068,#5606);
#5606 = DEFINITIONAL_REPRESENTATION('',(#5607),#5610);
#5607 = B_SPLINE_CURVE_WITH_KNOTS('',1,(#5608,#5609),.UNSPECIFIED.,.F.,
  .F.,(2,2),(-3.75,-1.25),.PIECEWISE_BEZIER_KNOTS.);
#5608 = CARTESIAN_POINT('',(59.475,-2.5));
#5609 = CARTESIAN_POINT('',(59.475,0.));
#5610 = ( GEOMETRIC_REPRESENTATION_CONTEXT(2) 
PARAMETRIC_REPRESENTATION_CONTEXT() REPRESENTATION_CONTEXT('2D SPACE',''
  ) );
#5611 = PCURVE('',#2094,#5612);
#5612 = DEFINITIONAL_REPRESENTATION('',(#5613),#5616);
#5613 = B_SPLINE_CURVE_WITH_KNOTS('',1,(#5614,#5615),.UNSPECIFIED.,.F.,
  .F.,(2,2),(-3.75,-1.25),.PIECEWISE_BEZIER_KNOTS.);
#5614 = CARTESIAN_POINT('',(5.,-8.8));
#5615 = CARTESIAN_POINT('',(2.5,-8.8));
#5616 = ( GEOMETRIC_REPRESENTATION_CONTEXT(2) 
PARAMETRIC_REPRESENTATION_CONTEXT() REPRESENTATION_CONTEXT('2D SPACE',''
  ) );
#5617 = ADVANCED_FACE('',(#5618),#2094,.T.);
#5618 = FACE_BOUND('',#5619,.T.);
#5619 = EDGE_LOOP('',(#5620,#5641,#5660,#5661));
#5620 = ORIENTED_EDGE('',*,*,#5621,.F.);
#5621 = EDGE_CURVE('',#5622,#5572,#5624,.T.);
#5622 = VERTEX_POINT('',#5623);
#5623 = CARTESIAN_POINT('',(66.475,93.2,5.));
#5624 = SURFACE_CURVE('',#5625,(#5629,#5635),.PCURVE_S1.);
#5625 = LINE('',#5626,#5627);
#5626 = CARTESIAN_POINT('',(66.475,67.5,5.));
#5627 = VECTOR('',#5628,1.);
#5628 = DIRECTION('',(-0.,1.,0.));
#5629 = PCURVE('',#2094,#5630);
#5630 = DEFINITIONAL_REPRESENTATION('',(#5631),#5634);
#5631 = B_SPLINE_CURVE_WITH_KNOTS('',1,(#5632,#5633),.UNSPECIFIED.,.F.,
  .F.,(2,2),(25.7,27.3),.PIECEWISE_BEZIER_KNOTS.);
#5632 = CARTESIAN_POINT('',(5.,-7.2));
#5633 = CARTESIAN_POINT('',(5.,-8.8));
#5634 = ( GEOMETRIC_REPRESENTATION_CONTEXT(2) 
PARAMETRIC_REPRESENTATION_CONTEXT() REPRESENTATION_CONTEXT('2D SPACE',''
  ) );
#5635 = PCURVE('',#5587,#5636);
#5636 = DEFINITIONAL_REPRESENTATION('',(#5637),#5640);
#5637 = B_SPLINE_CURVE_WITH_KNOTS('',1,(#5638,#5639),.UNSPECIFIED.,.F.,
  .F.,(2,2),(25.7,27.3),.PIECEWISE_BEZIER_KNOTS.);
#5638 = CARTESIAN_POINT('',(-13.,44.2));
#5639 = CARTESIAN_POINT('',(-13.,45.8));
#5640 = ( GEOMETRIC_REPRESENTATION_CONTEXT(2) 
PARAMETRIC_REPRESENTATION_CONTEXT() REPRESENTATION_CONTEXT('2D SPACE',''
  ) );
#5641 = ORIENTED_EDGE('',*,*,#5642,.T.);
#5642 = EDGE_CURVE('',#5622,#2080,#5643,.T.);
#5643 = SURFACE_CURVE('',#5644,(#5648,#5654),.PCURVE_S1.);
#5644 = LINE('',#5645,#5646);
#5645 = CARTESIAN_POINT('',(66.475,93.2,1.25));
#5646 = VECTOR('',#5647,1.);
#5647 = DIRECTION('',(-0.,0.,-1.));
#5648 = PCURVE('',#2094,#5649);
#5649 = DEFINITIONAL_REPRESENTATION('',(#5650),#5653);
#5650 = B_SPLINE_CURVE_WITH_KNOTS('',1,(#5651,#5652),.UNSPECIFIED.,.F.,
  .F.,(2,2),(-3.75,-1.25),.PIECEWISE_BEZIER_KNOTS.);
#5651 = CARTESIAN_POINT('',(5.,-7.2));
#5652 = CARTESIAN_POINT('',(2.5,-7.2));
#5653 = ( GEOMETRIC_REPRESENTATION_CONTEXT(2) 
PARAMETRIC_REPRESENTATION_CONTEXT() REPRESENTATION_CONTEXT('2D SPACE',''
  ) );
#5654 = PCURVE('',#2120,#5655);
#5655 = DEFINITIONAL_REPRESENTATION('',(#5656),#5659);
#5656 = B_SPLINE_CURVE_WITH_KNOTS('',1,(#5657,#5658),.UNSPECIFIED.,.F.,
  .F.,(2,2),(-3.75,-1.25),.PIECEWISE_BEZIER_KNOTS.);
#5657 = CARTESIAN_POINT('',(59.475,-2.5));
#5658 = CARTESIAN_POINT('',(59.475,0.));
#5659 = ( GEOMETRIC_REPRESENTATION_CONTEXT(2) 
PARAMETRIC_REPRESENTATION_CONTEXT() REPRESENTATION_CONTEXT('2D SPACE',''
  ) );
#5660 = ORIENTED_EDGE('',*,*,#2079,.T.);
#5661 = ORIENTED_EDGE('',*,*,#5599,.F.);
#5662 = ADVANCED_FACE('',(#5663),#2146,.F.);
#5663 = FACE_BOUND('',#5664,.F.);
#5664 = EDGE_LOOP('',(#5665,#5686,#5687,#5688));
#5665 = ORIENTED_EDGE('',*,*,#5666,.F.);
#5666 = EDGE_CURVE('',#2106,#5667,#5669,.T.);
#5667 = VERTEX_POINT('',#5668);
#5668 = CARTESIAN_POINT('',(62.275000000001,93.2,5.));
#5669 = SURFACE_CURVE('',#5670,(#5674,#5680),.PCURVE_S1.);
#5670 = LINE('',#5671,#5672);
#5671 = CARTESIAN_POINT('',(62.275,93.2,0.));
#5672 = VECTOR('',#5673,1.);
#5673 = DIRECTION('',(0.,0.,1.));
#5674 = PCURVE('',#2146,#5675);
#5675 = DEFINITIONAL_REPRESENTATION('',(#5676),#5679);
#5676 = B_SPLINE_CURVE_WITH_KNOTS('',1,(#5677,#5678),.UNSPECIFIED.,.F.,
  .F.,(2,2),(2.25,5.25),.PIECEWISE_BEZIER_KNOTS.);
#5677 = CARTESIAN_POINT('',(0.283794109208,2.25));
#5678 = CARTESIAN_POINT('',(0.283794109208,5.25));
#5679 = ( GEOMETRIC_REPRESENTATION_CONTEXT(2) 
PARAMETRIC_REPRESENTATION_CONTEXT() REPRESENTATION_CONTEXT('2D SPACE',''
  ) );
#5680 = PCURVE('',#2120,#5681);
#5681 = DEFINITIONAL_REPRESENTATION('',(#5682),#5685);
#5682 = B_SPLINE_CURVE_WITH_KNOTS('',1,(#5683,#5684),.UNSPECIFIED.,.F.,
  .F.,(2,2),(2.25,5.25),.PIECEWISE_BEZIER_KNOTS.);
#5683 = CARTESIAN_POINT('',(55.275,0.25));
#5684 = CARTESIAN_POINT('',(55.275,-2.75));
#5685 = ( GEOMETRIC_REPRESENTATION_CONTEXT(2) 
PARAMETRIC_REPRESENTATION_CONTEXT() REPRESENTATION_CONTEXT('2D SPACE',''
  ) );
#5686 = ORIENTED_EDGE('',*,*,#2131,.T.);
#5687 = ORIENTED_EDGE('',*,*,#5550,.T.);
#5688 = ORIENTED_EDGE('',*,*,#5689,.F.);
#5689 = EDGE_CURVE('',#5667,#5551,#5690,.T.);
#5690 = SURFACE_CURVE('',#5691,(#5696,#5703),.PCURVE_S1.);
#5691 = CIRCLE('',#5692,5.);
#5692 = AXIS2_PLACEMENT_3D('',#5693,#5694,#5695);
#5693 = CARTESIAN_POINT('',(57.475,91.8,5.));
#5694 = DIRECTION('',(0.,0.,1.));
#5695 = DIRECTION('',(1.,0.,-0.));
#5696 = PCURVE('',#2146,#5697);
#5697 = DEFINITIONAL_REPRESENTATION('',(#5698),#5702);
#5698 = LINE('',#5699,#5700);
#5699 = CARTESIAN_POINT('',(0.,5.));
#5700 = VECTOR('',#5701,1.);
#5701 = DIRECTION('',(1.,0.));
#5702 = ( GEOMETRIC_REPRESENTATION_CONTEXT(2) 
PARAMETRIC_REPRESENTATION_CONTEXT() REPRESENTATION_CONTEXT('2D SPACE',''
  ) );
#5703 = PCURVE('',#5587,#5704);
#5704 = DEFINITIONAL_REPRESENTATION('',(#5705),#5709);
#5705 = CIRCLE('',#5706,5.);
#5706 = AXIS2_PLACEMENT_2D('',#5707,#5708);
#5707 = CARTESIAN_POINT('',(-22.,42.8));
#5708 = DIRECTION('',(1.,0.));
#5709 = ( GEOMETRIC_REPRESENTATION_CONTEXT(2) 
PARAMETRIC_REPRESENTATION_CONTEXT() REPRESENTATION_CONTEXT('2D SPACE',''
  ) );
#5710 = ADVANCED_FACE('',(#5711),#2120,.F.);
#5711 = FACE_BOUND('',#5712,.F.);
#5712 = EDGE_LOOP('',(#5713,#5714,#5715,#5736));
#5713 = ORIENTED_EDGE('',*,*,#2105,.T.);
#5714 = ORIENTED_EDGE('',*,*,#5666,.T.);
#5715 = ORIENTED_EDGE('',*,*,#5716,.T.);
#5716 = EDGE_CURVE('',#5667,#5622,#5717,.T.);
#5717 = SURFACE_CURVE('',#5718,(#5722,#5729),.PCURVE_S1.);
#5718 = LINE('',#5719,#5720);
#5719 = CARTESIAN_POINT('',(79.475,93.2,5.));
#5720 = VECTOR('',#5721,1.);
#5721 = DIRECTION('',(1.,0.,0.));
#5722 = PCURVE('',#2120,#5723);
#5723 = DEFINITIONAL_REPRESENTATION('',(#5724),#5728);
#5724 = LINE('',#5725,#5726);
#5725 = CARTESIAN_POINT('',(72.475,-2.5));
#5726 = VECTOR('',#5727,1.);
#5727 = DIRECTION('',(1.,0.));
#5728 = ( GEOMETRIC_REPRESENTATION_CONTEXT(2) 
PARAMETRIC_REPRESENTATION_CONTEXT() REPRESENTATION_CONTEXT('2D SPACE',''
  ) );
#5729 = PCURVE('',#5587,#5730);
#5730 = DEFINITIONAL_REPRESENTATION('',(#5731),#5735);
#5731 = LINE('',#5732,#5733);
#5732 = CARTESIAN_POINT('',(4.441901580442E-15,44.2));
#5733 = VECTOR('',#5734,1.);
#5734 = DIRECTION('',(1.,0.));
#5735 = ( GEOMETRIC_REPRESENTATION_CONTEXT(2) 
PARAMETRIC_REPRESENTATION_CONTEXT() REPRESENTATION_CONTEXT('2D SPACE',''
  ) );
#5736 = ORIENTED_EDGE('',*,*,#5642,.T.);
#5737 = ADVANCED_FACE('',(#5738),#2177,.T.);
#5738 = FACE_BOUND('',#5739,.T.);
#5739 = EDGE_LOOP('',(#5740,#5763,#5790,#5791));
#5740 = ORIENTED_EDGE('',*,*,#5741,.T.);
#5741 = EDGE_CURVE('',#2161,#5742,#5744,.T.);
#5742 = VERTEX_POINT('',#5743);
#5743 = CARTESIAN_POINT('',(116.875,74.2,6.));
#5744 = SEAM_CURVE('',#5745,(#5749,#5756),.PCURVE_S1.);
#5745 = LINE('',#5746,#5747);
#5746 = CARTESIAN_POINT('',(116.875,74.2,2.5));
#5747 = VECTOR('',#5748,1.);
#5748 = DIRECTION('',(0.,0.,1.));
#5749 = PCURVE('',#2177,#5750);
#5750 = DEFINITIONAL_REPRESENTATION('',(#5751),#5755);
#5751 = LINE('',#5752,#5753);
#5752 = CARTESIAN_POINT('',(6.28318530718,-0.));
#5753 = VECTOR('',#5754,1.);
#5754 = DIRECTION('',(0.,1.));
#5755 = ( GEOMETRIC_REPRESENTATION_CONTEXT(2) 
PARAMETRIC_REPRESENTATION_CONTEXT() REPRESENTATION_CONTEXT('2D SPACE',''
  ) );
#5756 = PCURVE('',#2177,#5757);
#5757 = DEFINITIONAL_REPRESENTATION('',(#5758),#5762);
#5758 = LINE('',#5759,#5760);
#5759 = CARTESIAN_POINT('',(0.,-0.));
#5760 = VECTOR('',#5761,1.);
#5761 = DIRECTION('',(0.,1.));
#5762 = ( GEOMETRIC_REPRESENTATION_CONTEXT(2) 
PARAMETRIC_REPRESENTATION_CONTEXT() REPRESENTATION_CONTEXT('2D SPACE',''
  ) );
#5763 = ORIENTED_EDGE('',*,*,#5764,.F.);
#5764 = EDGE_CURVE('',#5742,#5742,#5765,.T.);
#5765 = SURFACE_CURVE('',#5766,(#5771,#5778),.PCURVE_S1.);
#5766 = CIRCLE('',#5767,2.5);
#5767 = AXIS2_PLACEMENT_3D('',#5768,#5769,#5770);
#5768 = CARTESIAN_POINT('',(114.375,74.2,6.));
#5769 = DIRECTION('',(0.,0.,1.));
#5770 = DIRECTION('',(1.,0.,-0.));
#5771 = PCURVE('',#2177,#5772);
#5772 = DEFINITIONAL_REPRESENTATION('',(#5773),#5777);
#5773 = LINE('',#5774,#5775);
#5774 = CARTESIAN_POINT('',(0.,3.5));
#5775 = VECTOR('',#5776,1.);
#5776 = DIRECTION('',(1.,0.));
#5777 = ( GEOMETRIC_REPRESENTATION_CONTEXT(2) 
PARAMETRIC_REPRESENTATION_CONTEXT() REPRESENTATION_CONTEXT('2D SPACE',''
  ) );
#5778 = PCURVE('',#5779,#5784);
#5779 = PLANE('',#5780);
#5780 = AXIS2_PLACEMENT_3D('',#5781,#5782,#5783);
#5781 = CARTESIAN_POINT('',(114.375,74.2,6.));
#5782 = DIRECTION('',(0.,0.,1.));
#5783 = DIRECTION('',(1.,0.,-0.));
#5784 = DEFINITIONAL_REPRESENTATION('',(#5785),#5789);
#5785 = CIRCLE('',#5786,2.5);
#5786 = AXIS2_PLACEMENT_2D('',#5787,#5788);
#5787 = CARTESIAN_POINT('',(0.,0.));
#5788 = DIRECTION('',(1.,0.));
#5789 = ( GEOMETRIC_REPRESENTATION_CONTEXT(2) 
PARAMETRIC_REPRESENTATION_CONTEXT() REPRESENTATION_CONTEXT('2D SPACE',''
  ) );
#5790 = ORIENTED_EDGE('',*,*,#5741,.F.);
#5791 = ORIENTED_EDGE('',*,*,#2160,.T.);
#5792 = ADVANCED_FACE('',(#5793),#2208,.T.);
#5793 = FACE_BOUND('',#5794,.T.);
#5794 = EDGE_LOOP('',(#5795,#5796,#5817,#5845));
#5795 = ORIENTED_EDGE('',*,*,#2191,.T.);
#5796 = ORIENTED_EDGE('',*,*,#5797,.F.);
#5797 = EDGE_CURVE('',#5798,#2194,#5800,.T.);
#5798 = VERTEX_POINT('',#5799);
#5799 = CARTESIAN_POINT('',(92.475,94.8,5.));
#5800 = SURFACE_CURVE('',#5801,(#5805,#5811),.PCURVE_S1.);
#5801 = LINE('',#5802,#5803);
#5802 = CARTESIAN_POINT('',(92.475,94.8,1.25));
#5803 = VECTOR('',#5804,1.);
#5804 = DIRECTION('',(-0.,0.,-1.));
#5805 = PCURVE('',#2208,#5806);
#5806 = DEFINITIONAL_REPRESENTATION('',(#5807),#5810);
#5807 = B_SPLINE_CURVE_WITH_KNOTS('',1,(#5808,#5809),.UNSPECIFIED.,.F.,
  .F.,(2,2),(-3.75,-1.25),.PIECEWISE_BEZIER_KNOTS.);
#5808 = CARTESIAN_POINT('',(85.475,-2.5));
#5809 = CARTESIAN_POINT('',(85.475,0.));
#5810 = ( GEOMETRIC_REPRESENTATION_CONTEXT(2) 
PARAMETRIC_REPRESENTATION_CONTEXT() REPRESENTATION_CONTEXT('2D SPACE',''
  ) );
#5811 = PCURVE('',#2287,#5812);
#5812 = DEFINITIONAL_REPRESENTATION('',(#5813),#5816);
#5813 = B_SPLINE_CURVE_WITH_KNOTS('',1,(#5814,#5815),.UNSPECIFIED.,.F.,
  .F.,(2,2),(-3.75,-1.25),.PIECEWISE_BEZIER_KNOTS.);
#5814 = CARTESIAN_POINT('',(5.,-8.8));
#5815 = CARTESIAN_POINT('',(2.5,-8.8));
#5816 = ( GEOMETRIC_REPRESENTATION_CONTEXT(2) 
PARAMETRIC_REPRESENTATION_CONTEXT() REPRESENTATION_CONTEXT('2D SPACE',''
  ) );
#5817 = ORIENTED_EDGE('',*,*,#5818,.T.);
#5818 = EDGE_CURVE('',#5798,#5819,#5821,.T.);
#5819 = VERTEX_POINT('',#5820);
#5820 = CARTESIAN_POINT('',(97.475,94.8,5.));
#5821 = SURFACE_CURVE('',#5822,(#5826,#5833),.PCURVE_S1.);
#5822 = LINE('',#5823,#5824);
#5823 = CARTESIAN_POINT('',(79.475,94.8,5.));
#5824 = VECTOR('',#5825,1.);
#5825 = DIRECTION('',(1.,0.,0.));
#5826 = PCURVE('',#2208,#5827);
#5827 = DEFINITIONAL_REPRESENTATION('',(#5828),#5832);
#5828 = LINE('',#5829,#5830);
#5829 = CARTESIAN_POINT('',(72.475,-2.5));
#5830 = VECTOR('',#5831,1.);
#5831 = DIRECTION('',(1.,0.));
#5832 = ( GEOMETRIC_REPRESENTATION_CONTEXT(2) 
PARAMETRIC_REPRESENTATION_CONTEXT() REPRESENTATION_CONTEXT('2D SPACE',''
  ) );
#5833 = PCURVE('',#5834,#5839);
#5834 = PLANE('',#5835);
#5835 = AXIS2_PLACEMENT_3D('',#5836,#5837,#5838);
#5836 = CARTESIAN_POINT('',(79.475,49.,5.));
#5837 = DIRECTION('',(0.,0.,1.));
#5838 = DIRECTION('',(1.,0.,-0.));
#5839 = DEFINITIONAL_REPRESENTATION('',(#5840),#5844);
#5840 = LINE('',#5841,#5842);
#5841 = CARTESIAN_POINT('',(-9.76895313476E-15,45.8));
#5842 = VECTOR('',#5843,1.);
#5843 = DIRECTION('',(1.,0.));
#5844 = ( GEOMETRIC_REPRESENTATION_CONTEXT(2) 
PARAMETRIC_REPRESENTATION_CONTEXT() REPRESENTATION_CONTEXT('2D SPACE',''
  ) );
#5845 = ORIENTED_EDGE('',*,*,#5846,.F.);
#5846 = EDGE_CURVE('',#2192,#5819,#5847,.T.);
#5847 = SURFACE_CURVE('',#5848,(#5852,#5858),.PCURVE_S1.);
#5848 = LINE('',#5849,#5850);
#5849 = CARTESIAN_POINT('',(97.475,94.8,0.));
#5850 = VECTOR('',#5851,1.);
#5851 = DIRECTION('',(0.,0.,1.));
#5852 = PCURVE('',#2208,#5853);
#5853 = DEFINITIONAL_REPRESENTATION('',(#5854),#5857);
#5854 = B_SPLINE_CURVE_WITH_KNOTS('',1,(#5855,#5856),.UNSPECIFIED.,.F.,
  .F.,(2,2),(2.25,5.25),.PIECEWISE_BEZIER_KNOTS.);
#5855 = CARTESIAN_POINT('',(90.475,0.25));
#5856 = CARTESIAN_POINT('',(90.475,-2.75));
#5857 = ( GEOMETRIC_REPRESENTATION_CONTEXT(2) 
PARAMETRIC_REPRESENTATION_CONTEXT() REPRESENTATION_CONTEXT('2D SPACE',''
  ) );
#5858 = PCURVE('',#2236,#5859);
#5859 = DEFINITIONAL_REPRESENTATION('',(#5860),#5863);
#5860 = B_SPLINE_CURVE_WITH_KNOTS('',1,(#5861,#5862),.UNSPECIFIED.,.F.,
  .F.,(2,2),(2.25,5.25),.PIECEWISE_BEZIER_KNOTS.);
#5861 = CARTESIAN_POINT('',(2.498091544797,2.25));
#5862 = CARTESIAN_POINT('',(2.498091544797,5.25));
#5863 = ( GEOMETRIC_REPRESENTATION_CONTEXT(2) 
PARAMETRIC_REPRESENTATION_CONTEXT() REPRESENTATION_CONTEXT('2D SPACE',''
  ) );
#5864 = ADVANCED_FACE('',(#5865),#2236,.F.);
#5865 = FACE_BOUND('',#5866,.F.);
#5866 = EDGE_LOOP('',(#5867,#5868,#5869,#5890));
#5867 = ORIENTED_EDGE('',*,*,#5846,.F.);
#5868 = ORIENTED_EDGE('',*,*,#2219,.T.);
#5869 = ORIENTED_EDGE('',*,*,#5870,.T.);
#5870 = EDGE_CURVE('',#2220,#5871,#5873,.T.);
#5871 = VERTEX_POINT('',#5872);
#5872 = CARTESIAN_POINT('',(96.675,93.2,5.));
#5873 = SURFACE_CURVE('',#5874,(#5878,#5884),.PCURVE_S1.);
#5874 = LINE('',#5875,#5876);
#5875 = CARTESIAN_POINT('',(96.675,93.2,0.));
#5876 = VECTOR('',#5877,1.);
#5877 = DIRECTION('',(0.,0.,1.));
#5878 = PCURVE('',#2236,#5879);
#5879 = DEFINITIONAL_REPRESENTATION('',(#5880),#5883);
#5880 = B_SPLINE_CURVE_WITH_KNOTS('',1,(#5881,#5882),.UNSPECIFIED.,.F.,
  .F.,(2,2),(2.25,5.25),.PIECEWISE_BEZIER_KNOTS.);
#5881 = CARTESIAN_POINT('',(2.857798544381,2.25));
#5882 = CARTESIAN_POINT('',(2.857798544381,5.25));
#5883 = ( GEOMETRIC_REPRESENTATION_CONTEXT(2) 
PARAMETRIC_REPRESENTATION_CONTEXT() REPRESENTATION_CONTEXT('2D SPACE',''
  ) );
#5884 = PCURVE('',#2263,#5885);
#5885 = DEFINITIONAL_REPRESENTATION('',(#5886),#5889);
#5886 = B_SPLINE_CURVE_WITH_KNOTS('',1,(#5887,#5888),.UNSPECIFIED.,.F.,
  .F.,(2,2),(2.25,5.25),.PIECEWISE_BEZIER_KNOTS.);
#5887 = CARTESIAN_POINT('',(89.675,0.25));
#5888 = CARTESIAN_POINT('',(89.675,-2.75));
#5889 = ( GEOMETRIC_REPRESENTATION_CONTEXT(2) 
PARAMETRIC_REPRESENTATION_CONTEXT() REPRESENTATION_CONTEXT('2D SPACE',''
  ) );
#5890 = ORIENTED_EDGE('',*,*,#5891,.F.);
#5891 = EDGE_CURVE('',#5819,#5871,#5892,.T.);
#5892 = SURFACE_CURVE('',#5893,(#5898,#5905),.PCURVE_S1.);
#5893 = CIRCLE('',#5894,5.);
#5894 = AXIS2_PLACEMENT_3D('',#5895,#5896,#5897);
#5895 = CARTESIAN_POINT('',(101.475,91.8,5.));
#5896 = DIRECTION('',(0.,0.,1.));
#5897 = DIRECTION('',(1.,0.,-0.));
#5898 = PCURVE('',#2236,#5899);
#5899 = DEFINITIONAL_REPRESENTATION('',(#5900),#5904);
#5900 = LINE('',#5901,#5902);
#5901 = CARTESIAN_POINT('',(0.,5.));
#5902 = VECTOR('',#5903,1.);
#5903 = DIRECTION('',(1.,0.));
#5904 = ( GEOMETRIC_REPRESENTATION_CONTEXT(2) 
PARAMETRIC_REPRESENTATION_CONTEXT() REPRESENTATION_CONTEXT('2D SPACE',''
  ) );
#5905 = PCURVE('',#5834,#5906);
#5906 = DEFINITIONAL_REPRESENTATION('',(#5907),#5911);
#5907 = CIRCLE('',#5908,5.);
#5908 = AXIS2_PLACEMENT_2D('',#5909,#5910);
#5909 = CARTESIAN_POINT('',(22.,42.8));
#5910 = DIRECTION('',(1.,0.));
#5911 = ( GEOMETRIC_REPRESENTATION_CONTEXT(2) 
PARAMETRIC_REPRESENTATION_CONTEXT() REPRESENTATION_CONTEXT('2D SPACE',''
  ) );
#5912 = ADVANCED_FACE('',(#5913),#2287,.F.);
#5913 = FACE_BOUND('',#5914,.F.);
#5914 = EDGE_LOOP('',(#5915,#5936,#5955,#5956));
#5915 = ORIENTED_EDGE('',*,*,#5916,.F.);
#5916 = EDGE_CURVE('',#5917,#5798,#5919,.T.);
#5917 = VERTEX_POINT('',#5918);
#5918 = CARTESIAN_POINT('',(92.475,93.2,5.));
#5919 = SURFACE_CURVE('',#5920,(#5924,#5930),.PCURVE_S1.);
#5920 = LINE('',#5921,#5922);
#5921 = CARTESIAN_POINT('',(92.475,67.5,5.));
#5922 = VECTOR('',#5923,1.);
#5923 = DIRECTION('',(-0.,1.,0.));
#5924 = PCURVE('',#2287,#5925);
#5925 = DEFINITIONAL_REPRESENTATION('',(#5926),#5929);
#5926 = B_SPLINE_CURVE_WITH_KNOTS('',1,(#5927,#5928),.UNSPECIFIED.,.F.,
  .F.,(2,2),(25.7,27.3),.PIECEWISE_BEZIER_KNOTS.);
#5927 = CARTESIAN_POINT('',(5.,-7.2));
#5928 = CARTESIAN_POINT('',(5.,-8.8));
#5929 = ( GEOMETRIC_REPRESENTATION_CONTEXT(2) 
PARAMETRIC_REPRESENTATION_CONTEXT() REPRESENTATION_CONTEXT('2D SPACE',''
  ) );
#5930 = PCURVE('',#5834,#5931);
#5931 = DEFINITIONAL_REPRESENTATION('',(#5932),#5935);
#5932 = B_SPLINE_CURVE_WITH_KNOTS('',1,(#5933,#5934),.UNSPECIFIED.,.F.,
  .F.,(2,2),(25.7,27.3),.PIECEWISE_BEZIER_KNOTS.);
#5933 = CARTESIAN_POINT('',(13.,44.2));
#5934 = CARTESIAN_POINT('',(13.,45.8));
#5935 = ( GEOMETRIC_REPRESENTATION_CONTEXT(2) 
PARAMETRIC_REPRESENTATION_CONTEXT() REPRESENTATION_CONTEXT('2D SPACE',''
  ) );
#5936 = ORIENTED_EDGE('',*,*,#5937,.T.);
#5937 = EDGE_CURVE('',#5917,#2249,#5938,.T.);
#5938 = SURFACE_CURVE('',#5939,(#5943,#5949),.PCURVE_S1.);
#5939 = LINE('',#5940,#5941);
#5940 = CARTESIAN_POINT('',(92.475,93.2,1.25));
#5941 = VECTOR('',#5942,1.);
#5942 = DIRECTION('',(-0.,0.,-1.));
#5943 = PCURVE('',#2287,#5944);
#5944 = DEFINITIONAL_REPRESENTATION('',(#5945),#5948);
#5945 = B_SPLINE_CURVE_WITH_KNOTS('',1,(#5946,#5947),.UNSPECIFIED.,.F.,
  .F.,(2,2),(-3.75,-1.25),.PIECEWISE_BEZIER_KNOTS.);
#5946 = CARTESIAN_POINT('',(5.,-7.2));
#5947 = CARTESIAN_POINT('',(2.5,-7.2));
#5948 = ( GEOMETRIC_REPRESENTATION_CONTEXT(2) 
PARAMETRIC_REPRESENTATION_CONTEXT() REPRESENTATION_CONTEXT('2D SPACE',''
  ) );
#5949 = PCURVE('',#2263,#5950);
#5950 = DEFINITIONAL_REPRESENTATION('',(#5951),#5954);
#5951 = B_SPLINE_CURVE_WITH_KNOTS('',1,(#5952,#5953),.UNSPECIFIED.,.F.,
  .F.,(2,2),(-3.75,-1.25),.PIECEWISE_BEZIER_KNOTS.);
#5952 = CARTESIAN_POINT('',(85.475,-2.5));
#5953 = CARTESIAN_POINT('',(85.475,0.));
#5954 = ( GEOMETRIC_REPRESENTATION_CONTEXT(2) 
PARAMETRIC_REPRESENTATION_CONTEXT() REPRESENTATION_CONTEXT('2D SPACE',''
  ) );
#5955 = ORIENTED_EDGE('',*,*,#2274,.T.);
#5956 = ORIENTED_EDGE('',*,*,#5797,.F.);
#5957 = ADVANCED_FACE('',(#5958),#2263,.F.);
#5958 = FACE_BOUND('',#5959,.F.);
#5959 = EDGE_LOOP('',(#5960,#5961,#5962,#5983));
#5960 = ORIENTED_EDGE('',*,*,#2248,.T.);
#5961 = ORIENTED_EDGE('',*,*,#5937,.F.);
#5962 = ORIENTED_EDGE('',*,*,#5963,.T.);
#5963 = EDGE_CURVE('',#5917,#5871,#5964,.T.);
#5964 = SURFACE_CURVE('',#5965,(#5969,#5976),.PCURVE_S1.);
#5965 = LINE('',#5966,#5967);
#5966 = CARTESIAN_POINT('',(79.475,93.2,5.));
#5967 = VECTOR('',#5968,1.);
#5968 = DIRECTION('',(1.,0.,0.));
#5969 = PCURVE('',#2263,#5970);
#5970 = DEFINITIONAL_REPRESENTATION('',(#5971),#5975);
#5971 = LINE('',#5972,#5973);
#5972 = CARTESIAN_POINT('',(72.475,-2.5));
#5973 = VECTOR('',#5974,1.);
#5974 = DIRECTION('',(1.,0.));
#5975 = ( GEOMETRIC_REPRESENTATION_CONTEXT(2) 
PARAMETRIC_REPRESENTATION_CONTEXT() REPRESENTATION_CONTEXT('2D SPACE',''
  ) );
#5976 = PCURVE('',#5834,#5977);
#5977 = DEFINITIONAL_REPRESENTATION('',(#5978),#5982);
#5978 = LINE('',#5979,#5980);
#5979 = CARTESIAN_POINT('',(4.441901580442E-15,44.2));
#5980 = VECTOR('',#5981,1.);
#5981 = DIRECTION('',(1.,0.));
#5982 = ( GEOMETRIC_REPRESENTATION_CONTEXT(2) 
PARAMETRIC_REPRESENTATION_CONTEXT() REPRESENTATION_CONTEXT('2D SPACE',''
  ) );
#5983 = ORIENTED_EDGE('',*,*,#5870,.F.);
#5984 = ADVANCED_FACE('',(#5985),#2317,.F.);
#5985 = FACE_BOUND('',#5986,.F.);
#5986 = EDGE_LOOP('',(#5987,#6010,#6011,#6012));
#5987 = ORIENTED_EDGE('',*,*,#5988,.T.);
#5988 = EDGE_CURVE('',#5989,#2301,#5991,.T.);
#5989 = VERTEX_POINT('',#5990);
#5990 = CARTESIAN_POINT('',(103.175,91.8,1.69));
#5991 = SEAM_CURVE('',#5992,(#5996,#6003),.PCURVE_S1.);
#5992 = LINE('',#5993,#5994);
#5993 = CARTESIAN_POINT('',(103.175,91.8,-1.));
#5994 = VECTOR('',#5995,1.);
#5995 = DIRECTION('',(0.,0.,1.));
#5996 = PCURVE('',#2317,#5997);
#5997 = DEFINITIONAL_REPRESENTATION('',(#5998),#6002);
#5998 = LINE('',#5999,#6000);
#5999 = CARTESIAN_POINT('',(6.28318530718,-0.));
#6000 = VECTOR('',#6001,1.);
#6001 = DIRECTION('',(0.,1.));
#6002 = ( GEOMETRIC_REPRESENTATION_CONTEXT(2) 
PARAMETRIC_REPRESENTATION_CONTEXT() REPRESENTATION_CONTEXT('2D SPACE',''
  ) );
#6003 = PCURVE('',#2317,#6004);
#6004 = DEFINITIONAL_REPRESENTATION('',(#6005),#6009);
#6005 = LINE('',#6006,#6007);
#6006 = CARTESIAN_POINT('',(0.,-0.));
#6007 = VECTOR('',#6008,1.);
#6008 = DIRECTION('',(0.,1.));
#6009 = ( GEOMETRIC_REPRESENTATION_CONTEXT(2) 
PARAMETRIC_REPRESENTATION_CONTEXT() REPRESENTATION_CONTEXT('2D SPACE',''
  ) );
#6010 = ORIENTED_EDGE('',*,*,#2300,.F.);
#6011 = ORIENTED_EDGE('',*,*,#5988,.F.);
#6012 = ORIENTED_EDGE('',*,*,#6013,.T.);
#6013 = EDGE_CURVE('',#5989,#5989,#6014,.T.);
#6014 = SURFACE_CURVE('',#6015,(#6020,#6027),.PCURVE_S1.);
#6015 = CIRCLE('',#6016,1.7);
#6016 = AXIS2_PLACEMENT_3D('',#6017,#6018,#6019);
#6017 = CARTESIAN_POINT('',(101.475,91.8,1.69));
#6018 = DIRECTION('',(0.,0.,1.));
#6019 = DIRECTION('',(1.,0.,-0.));
#6020 = PCURVE('',#2317,#6021);
#6021 = DEFINITIONAL_REPRESENTATION('',(#6022),#6026);
#6022 = LINE('',#6023,#6024);
#6023 = CARTESIAN_POINT('',(0.,2.69));
#6024 = VECTOR('',#6025,1.);
#6025 = DIRECTION('',(1.,0.));
#6026 = ( GEOMETRIC_REPRESENTATION_CONTEXT(2) 
PARAMETRIC_REPRESENTATION_CONTEXT() REPRESENTATION_CONTEXT('2D SPACE',''
  ) );
#6027 = PCURVE('',#2971,#6028);
#6028 = DEFINITIONAL_REPRESENTATION('',(#6029),#6033);
#6029 = LINE('',#6030,#6031);
#6030 = CARTESIAN_POINT('',(-0.,-1.7));
#6031 = VECTOR('',#6032,1.);
#6032 = DIRECTION('',(-1.,-0.));
#6033 = ( GEOMETRIC_REPRESENTATION_CONTEXT(2) 
PARAMETRIC_REPRESENTATION_CONTEXT() REPRESENTATION_CONTEXT('2D SPACE',''
  ) );
#6034 = ADVANCED_FACE('',(#6035),#2348,.T.);
#6035 = FACE_BOUND('',#6036,.T.);
#6036 = EDGE_LOOP('',(#6037,#6038,#6059,#6087));
#6037 = ORIENTED_EDGE('',*,*,#2331,.T.);
#6038 = ORIENTED_EDGE('',*,*,#6039,.T.);
#6039 = EDGE_CURVE('',#2334,#6040,#6042,.T.);
#6040 = VERTEX_POINT('',#6041);
#6041 = CARTESIAN_POINT('',(105.475,94.8,5.));
#6042 = SURFACE_CURVE('',#6043,(#6047,#6053),.PCURVE_S1.);
#6043 = LINE('',#6044,#6045);
#6044 = CARTESIAN_POINT('',(105.475,94.8,0.));
#6045 = VECTOR('',#6046,1.);
#6046 = DIRECTION('',(0.,0.,1.));
#6047 = PCURVE('',#2348,#6048);
#6048 = DEFINITIONAL_REPRESENTATION('',(#6049),#6052);
#6049 = B_SPLINE_CURVE_WITH_KNOTS('',1,(#6050,#6051),.UNSPECIFIED.,.F.,
  .F.,(2,2),(2.25,5.25),.PIECEWISE_BEZIER_KNOTS.);
#6050 = CARTESIAN_POINT('',(98.475,0.25));
#6051 = CARTESIAN_POINT('',(98.475,-2.75));
#6052 = ( GEOMETRIC_REPRESENTATION_CONTEXT(2) 
PARAMETRIC_REPRESENTATION_CONTEXT() REPRESENTATION_CONTEXT('2D SPACE',''
  ) );
#6053 = PCURVE('',#2429,#6054);
#6054 = DEFINITIONAL_REPRESENTATION('',(#6055),#6058);
#6055 = B_SPLINE_CURVE_WITH_KNOTS('',1,(#6056,#6057),.UNSPECIFIED.,.F.,
  .F.,(2,2),(2.25,5.25),.PIECEWISE_BEZIER_KNOTS.);
#6056 = CARTESIAN_POINT('',(0.643501108793,2.25));
#6057 = CARTESIAN_POINT('',(0.643501108793,5.25));
#6058 = ( GEOMETRIC_REPRESENTATION_CONTEXT(2) 
PARAMETRIC_REPRESENTATION_CONTEXT() REPRESENTATION_CONTEXT('2D SPACE',''
  ) );
#6059 = ORIENTED_EDGE('',*,*,#6060,.T.);
#6060 = EDGE_CURVE('',#6040,#6061,#6063,.T.);
#6061 = VERTEX_POINT('',#6062);
#6062 = CARTESIAN_POINT('',(148.75,94.8,5.));
#6063 = SURFACE_CURVE('',#6064,(#6068,#6075),.PCURVE_S1.);
#6064 = LINE('',#6065,#6066);
#6065 = CARTESIAN_POINT('',(79.475,94.8,5.));
#6066 = VECTOR('',#6067,1.);
#6067 = DIRECTION('',(1.,0.,0.));
#6068 = PCURVE('',#2348,#6069);
#6069 = DEFINITIONAL_REPRESENTATION('',(#6070),#6074);
#6070 = LINE('',#6071,#6072);
#6071 = CARTESIAN_POINT('',(72.475,-2.5));
#6072 = VECTOR('',#6073,1.);
#6073 = DIRECTION('',(1.,0.));
#6074 = ( GEOMETRIC_REPRESENTATION_CONTEXT(2) 
PARAMETRIC_REPRESENTATION_CONTEXT() REPRESENTATION_CONTEXT('2D SPACE',''
  ) );
#6075 = PCURVE('',#6076,#6081);
#6076 = PLANE('',#6077);
#6077 = AXIS2_PLACEMENT_3D('',#6078,#6079,#6080);
#6078 = CARTESIAN_POINT('',(79.475,49.,5.));
#6079 = DIRECTION('',(0.,0.,1.));
#6080 = DIRECTION('',(1.,0.,-0.));
#6081 = DEFINITIONAL_REPRESENTATION('',(#6082),#6086);
#6082 = LINE('',#6083,#6084);
#6083 = CARTESIAN_POINT('',(-9.76895313476E-15,45.8));
#6084 = VECTOR('',#6085,1.);
#6085 = DIRECTION('',(1.,0.));
#6086 = ( GEOMETRIC_REPRESENTATION_CONTEXT(2) 
PARAMETRIC_REPRESENTATION_CONTEXT() REPRESENTATION_CONTEXT('2D SPACE',''
  ) );
#6087 = ORIENTED_EDGE('',*,*,#6088,.F.);
#6088 = EDGE_CURVE('',#2332,#6061,#6089,.T.);
#6089 = SURFACE_CURVE('',#6090,(#6094,#6100),.PCURVE_S1.);
#6090 = LINE('',#6091,#6092);
#6091 = CARTESIAN_POINT('',(148.75,94.8,0.));
#6092 = VECTOR('',#6093,1.);
#6093 = DIRECTION('',(0.,0.,1.));
#6094 = PCURVE('',#2348,#6095);
#6095 = DEFINITIONAL_REPRESENTATION('',(#6096),#6099);
#6096 = B_SPLINE_CURVE_WITH_KNOTS('',1,(#6097,#6098),.UNSPECIFIED.,.F.,
  .F.,(2,2),(2.25,5.25),.PIECEWISE_BEZIER_KNOTS.);
#6097 = CARTESIAN_POINT('',(141.75,0.25));
#6098 = CARTESIAN_POINT('',(141.75,-2.75));
#6099 = ( GEOMETRIC_REPRESENTATION_CONTEXT(2) 
PARAMETRIC_REPRESENTATION_CONTEXT() REPRESENTATION_CONTEXT('2D SPACE',''
  ) );
#6100 = PCURVE('',#2376,#6101);
#6101 = DEFINITIONAL_REPRESENTATION('',(#6102),#6105);
#6102 = B_SPLINE_CURVE_WITH_KNOTS('',1,(#6103,#6104),.UNSPECIFIED.,.F.,
  .F.,(2,2),(2.25,5.25),.PIECEWISE_BEZIER_KNOTS.);
#6103 = CARTESIAN_POINT('',(2.498091544797,2.25));
#6104 = CARTESIAN_POINT('',(2.498091544797,5.25));
#6105 = ( GEOMETRIC_REPRESENTATION_CONTEXT(2) 
PARAMETRIC_REPRESENTATION_CONTEXT() REPRESENTATION_CONTEXT('2D SPACE',''
  ) );
#6106 = ADVANCED_FACE('',(#6107),#2376,.F.);
#6107 = FACE_BOUND('',#6108,.F.);
#6108 = EDGE_LOOP('',(#6109,#6110,#6111,#6132));
#6109 = ORIENTED_EDGE('',*,*,#6088,.F.);
#6110 = ORIENTED_EDGE('',*,*,#2359,.T.);
#6111 = ORIENTED_EDGE('',*,*,#6112,.T.);
#6112 = EDGE_CURVE('',#2360,#6113,#6115,.T.);
#6113 = VERTEX_POINT('',#6114);
#6114 = CARTESIAN_POINT('',(147.95,93.2,5.));
#6115 = SURFACE_CURVE('',#6116,(#6120,#6126),.PCURVE_S1.);
#6116 = LINE('',#6117,#6118);
#6117 = CARTESIAN_POINT('',(147.95,93.2,0.));
#6118 = VECTOR('',#6119,1.);
#6119 = DIRECTION('',(0.,0.,1.));
#6120 = PCURVE('',#2376,#6121);
#6121 = DEFINITIONAL_REPRESENTATION('',(#6122),#6125);
#6122 = B_SPLINE_CURVE_WITH_KNOTS('',1,(#6123,#6124),.UNSPECIFIED.,.F.,
  .F.,(2,2),(2.25,5.25),.PIECEWISE_BEZIER_KNOTS.);
#6123 = CARTESIAN_POINT('',(2.857798544381,2.25));
#6124 = CARTESIAN_POINT('',(2.857798544381,5.25));
#6125 = ( GEOMETRIC_REPRESENTATION_CONTEXT(2) 
PARAMETRIC_REPRESENTATION_CONTEXT() REPRESENTATION_CONTEXT('2D SPACE',''
  ) );
#6126 = PCURVE('',#2403,#6127);
#6127 = DEFINITIONAL_REPRESENTATION('',(#6128),#6131);
#6128 = B_SPLINE_CURVE_WITH_KNOTS('',1,(#6129,#6130),.UNSPECIFIED.,.F.,
  .F.,(2,2),(2.25,5.25),.PIECEWISE_BEZIER_KNOTS.);
#6129 = CARTESIAN_POINT('',(140.95,0.25));
#6130 = CARTESIAN_POINT('',(140.95,-2.75));
#6131 = ( GEOMETRIC_REPRESENTATION_CONTEXT(2) 
PARAMETRIC_REPRESENTATION_CONTEXT() REPRESENTATION_CONTEXT('2D SPACE',''
  ) );
#6132 = ORIENTED_EDGE('',*,*,#6133,.F.);
#6133 = EDGE_CURVE('',#6061,#6113,#6134,.T.);
#6134 = SURFACE_CURVE('',#6135,(#6140,#6147),.PCURVE_S1.);
#6135 = CIRCLE('',#6136,5.);
#6136 = AXIS2_PLACEMENT_3D('',#6137,#6138,#6139);
#6137 = CARTESIAN_POINT('',(152.75,91.8,5.));
#6138 = DIRECTION('',(0.,0.,1.));
#6139 = DIRECTION('',(1.,0.,-0.));
#6140 = PCURVE('',#2376,#6141);
#6141 = DEFINITIONAL_REPRESENTATION('',(#6142),#6146);
#6142 = LINE('',#6143,#6144);
#6143 = CARTESIAN_POINT('',(0.,5.));
#6144 = VECTOR('',#6145,1.);
#6145 = DIRECTION('',(1.,0.));
#6146 = ( GEOMETRIC_REPRESENTATION_CONTEXT(2) 
PARAMETRIC_REPRESENTATION_CONTEXT() REPRESENTATION_CONTEXT('2D SPACE',''
  ) );
#6147 = PCURVE('',#6076,#6148);
#6148 = DEFINITIONAL_REPRESENTATION('',(#6149),#6153);
#6149 = CIRCLE('',#6150,5.);
#6150 = AXIS2_PLACEMENT_2D('',#6151,#6152);
#6151 = CARTESIAN_POINT('',(73.275,42.8));
#6152 = DIRECTION('',(1.,0.));
#6153 = ( GEOMETRIC_REPRESENTATION_CONTEXT(2) 
PARAMETRIC_REPRESENTATION_CONTEXT() REPRESENTATION_CONTEXT('2D SPACE',''
  ) );
#6154 = ADVANCED_FACE('',(#6155),#2429,.F.);
#6155 = FACE_BOUND('',#6156,.F.);
#6156 = EDGE_LOOP('',(#6157,#6178,#6179,#6180));
#6157 = ORIENTED_EDGE('',*,*,#6158,.F.);
#6158 = EDGE_CURVE('',#2389,#6159,#6161,.T.);
#6159 = VERTEX_POINT('',#6160);
#6160 = CARTESIAN_POINT('',(106.275,93.2,5.));
#6161 = SURFACE_CURVE('',#6162,(#6166,#6172),.PCURVE_S1.);
#6162 = LINE('',#6163,#6164);
#6163 = CARTESIAN_POINT('',(106.275,93.2,0.));
#6164 = VECTOR('',#6165,1.);
#6165 = DIRECTION('',(0.,0.,1.));
#6166 = PCURVE('',#2429,#6167);
#6167 = DEFINITIONAL_REPRESENTATION('',(#6168),#6171);
#6168 = B_SPLINE_CURVE_WITH_KNOTS('',1,(#6169,#6170),.UNSPECIFIED.,.F.,
  .F.,(2,2),(2.25,5.25),.PIECEWISE_BEZIER_KNOTS.);
#6169 = CARTESIAN_POINT('',(0.283794109208,2.25));
#6170 = CARTESIAN_POINT('',(0.283794109208,5.25));
#6171 = ( GEOMETRIC_REPRESENTATION_CONTEXT(2) 
PARAMETRIC_REPRESENTATION_CONTEXT() REPRESENTATION_CONTEXT('2D SPACE',''
  ) );
#6172 = PCURVE('',#2403,#6173);
#6173 = DEFINITIONAL_REPRESENTATION('',(#6174),#6177);
#6174 = B_SPLINE_CURVE_WITH_KNOTS('',1,(#6175,#6176),.UNSPECIFIED.,.F.,
  .F.,(2,2),(2.25,5.25),.PIECEWISE_BEZIER_KNOTS.);
#6175 = CARTESIAN_POINT('',(99.275,0.25));
#6176 = CARTESIAN_POINT('',(99.275,-2.75));
#6177 = ( GEOMETRIC_REPRESENTATION_CONTEXT(2) 
PARAMETRIC_REPRESENTATION_CONTEXT() REPRESENTATION_CONTEXT('2D SPACE',''
  ) );
#6178 = ORIENTED_EDGE('',*,*,#2414,.T.);
#6179 = ORIENTED_EDGE('',*,*,#6039,.T.);
#6180 = ORIENTED_EDGE('',*,*,#6181,.F.);
#6181 = EDGE_CURVE('',#6159,#6040,#6182,.T.);
#6182 = SURFACE_CURVE('',#6183,(#6188,#6195),.PCURVE_S1.);
#6183 = CIRCLE('',#6184,5.);
#6184 = AXIS2_PLACEMENT_3D('',#6185,#6186,#6187);
#6185 = CARTESIAN_POINT('',(101.475,91.8,5.));
#6186 = DIRECTION('',(0.,0.,1.));
#6187 = DIRECTION('',(1.,0.,-0.));
#6188 = PCURVE('',#2429,#6189);
#6189 = DEFINITIONAL_REPRESENTATION('',(#6190),#6194);
#6190 = LINE('',#6191,#6192);
#6191 = CARTESIAN_POINT('',(0.,5.));
#6192 = VECTOR('',#6193,1.);
#6193 = DIRECTION('',(1.,0.));
#6194 = ( GEOMETRIC_REPRESENTATION_CONTEXT(2) 
PARAMETRIC_REPRESENTATION_CONTEXT() REPRESENTATION_CONTEXT('2D SPACE',''
  ) );
#6195 = PCURVE('',#6076,#6196);
#6196 = DEFINITIONAL_REPRESENTATION('',(#6197),#6201);
#6197 = CIRCLE('',#6198,5.);
#6198 = AXIS2_PLACEMENT_2D('',#6199,#6200);
#6199 = CARTESIAN_POINT('',(22.,42.8));
#6200 = DIRECTION('',(1.,0.));
#6201 = ( GEOMETRIC_REPRESENTATION_CONTEXT(2) 
PARAMETRIC_REPRESENTATION_CONTEXT() REPRESENTATION_CONTEXT('2D SPACE',''
  ) );
#6202 = ADVANCED_FACE('',(#6203),#2403,.F.);
#6203 = FACE_BOUND('',#6204,.F.);
#6204 = EDGE_LOOP('',(#6205,#6206,#6207,#6228));
#6205 = ORIENTED_EDGE('',*,*,#2388,.T.);
#6206 = ORIENTED_EDGE('',*,*,#6158,.T.);
#6207 = ORIENTED_EDGE('',*,*,#6208,.T.);
#6208 = EDGE_CURVE('',#6159,#6113,#6209,.T.);
#6209 = SURFACE_CURVE('',#6210,(#6214,#6221),.PCURVE_S1.);
#6210 = LINE('',#6211,#6212);
#6211 = CARTESIAN_POINT('',(79.475,93.2,5.));
#6212 = VECTOR('',#6213,1.);
#6213 = DIRECTION('',(1.,0.,0.));
#6214 = PCURVE('',#2403,#6215);
#6215 = DEFINITIONAL_REPRESENTATION('',(#6216),#6220);
#6216 = LINE('',#6217,#6218);
#6217 = CARTESIAN_POINT('',(72.475,-2.5));
#6218 = VECTOR('',#6219,1.);
#6219 = DIRECTION('',(1.,0.));
#6220 = ( GEOMETRIC_REPRESENTATION_CONTEXT(2) 
PARAMETRIC_REPRESENTATION_CONTEXT() REPRESENTATION_CONTEXT('2D SPACE',''
  ) );
#6221 = PCURVE('',#6076,#6222);
#6222 = DEFINITIONAL_REPRESENTATION('',(#6223),#6227);
#6223 = LINE('',#6224,#6225);
#6224 = CARTESIAN_POINT('',(4.441901580442E-15,44.2));
#6225 = VECTOR('',#6226,1.);
#6226 = DIRECTION('',(1.,0.));
#6227 = ( GEOMETRIC_REPRESENTATION_CONTEXT(2) 
PARAMETRIC_REPRESENTATION_CONTEXT() REPRESENTATION_CONTEXT('2D SPACE',''
  ) );
#6228 = ORIENTED_EDGE('',*,*,#6112,.F.);
#6229 = ADVANCED_FACE('',(#6230),#2460,.F.);
#6230 = FACE_BOUND('',#6231,.F.);
#6231 = EDGE_LOOP('',(#6232,#6255,#6256,#6257));
#6232 = ORIENTED_EDGE('',*,*,#6233,.T.);
#6233 = EDGE_CURVE('',#6234,#2444,#6236,.T.);
#6234 = VERTEX_POINT('',#6235);
#6235 = CARTESIAN_POINT('',(154.45,91.8,1.69));
#6236 = SEAM_CURVE('',#6237,(#6241,#6248),.PCURVE_S1.);
#6237 = LINE('',#6238,#6239);
#6238 = CARTESIAN_POINT('',(154.45,91.8,-1.));
#6239 = VECTOR('',#6240,1.);
#6240 = DIRECTION('',(0.,0.,1.));
#6241 = PCURVE('',#2460,#6242);
#6242 = DEFINITIONAL_REPRESENTATION('',(#6243),#6247);
#6243 = LINE('',#6244,#6245);
#6244 = CARTESIAN_POINT('',(6.28318530718,-0.));
#6245 = VECTOR('',#6246,1.);
#6246 = DIRECTION('',(0.,1.));
#6247 = ( GEOMETRIC_REPRESENTATION_CONTEXT(2) 
PARAMETRIC_REPRESENTATION_CONTEXT() REPRESENTATION_CONTEXT('2D SPACE',''
  ) );
#6248 = PCURVE('',#2460,#6249);
#6249 = DEFINITIONAL_REPRESENTATION('',(#6250),#6254);
#6250 = LINE('',#6251,#6252);
#6251 = CARTESIAN_POINT('',(0.,-0.));
#6252 = VECTOR('',#6253,1.);
#6253 = DIRECTION('',(0.,1.));
#6254 = ( GEOMETRIC_REPRESENTATION_CONTEXT(2) 
PARAMETRIC_REPRESENTATION_CONTEXT() REPRESENTATION_CONTEXT('2D SPACE',''
  ) );
#6255 = ORIENTED_EDGE('',*,*,#2443,.F.);
#6256 = ORIENTED_EDGE('',*,*,#6233,.F.);
#6257 = ORIENTED_EDGE('',*,*,#6258,.T.);
#6258 = EDGE_CURVE('',#6234,#6234,#6259,.T.);
#6259 = SURFACE_CURVE('',#6260,(#6265,#6272),.PCURVE_S1.);
#6260 = CIRCLE('',#6261,1.7);
#6261 = AXIS2_PLACEMENT_3D('',#6262,#6263,#6264);
#6262 = CARTESIAN_POINT('',(152.75,91.8,1.69));
#6263 = DIRECTION('',(0.,0.,1.));
#6264 = DIRECTION('',(1.,0.,-0.));
#6265 = PCURVE('',#2460,#6266);
#6266 = DEFINITIONAL_REPRESENTATION('',(#6267),#6271);
#6267 = LINE('',#6268,#6269);
#6268 = CARTESIAN_POINT('',(0.,2.69));
#6269 = VECTOR('',#6270,1.);
#6270 = DIRECTION('',(1.,0.));
#6271 = ( GEOMETRIC_REPRESENTATION_CONTEXT(2) 
PARAMETRIC_REPRESENTATION_CONTEXT() REPRESENTATION_CONTEXT('2D SPACE',''
  ) );
#6272 = PCURVE('',#3033,#6273);
#6273 = DEFINITIONAL_REPRESENTATION('',(#6274),#6278);
#6274 = LINE('',#6275,#6276);
#6275 = CARTESIAN_POINT('',(-0.,-1.7));
#6276 = VECTOR('',#6277,1.);
#6277 = DIRECTION('',(-1.,-0.));
#6278 = ( GEOMETRIC_REPRESENTATION_CONTEXT(2) 
PARAMETRIC_REPRESENTATION_CONTEXT() REPRESENTATION_CONTEXT('2D SPACE',''
  ) );
#6279 = ADVANCED_FACE('',(#6280),#2635,.F.);
#6280 = FACE_BOUND('',#6281,.T.);
#6281 = EDGE_LOOP('',(#6282,#6283,#6284,#6303));
#6282 = ORIENTED_EDGE('',*,*,#3050,.F.);
#6283 = ORIENTED_EDGE('',*,*,#3125,.T.);
#6284 = ORIENTED_EDGE('',*,*,#6285,.T.);
#6285 = EDGE_CURVE('',#3098,#2587,#6286,.T.);
#6286 = SURFACE_CURVE('',#6287,(#6291,#6297),.PCURVE_S1.);
#6287 = LINE('',#6288,#6289);
#6288 = CARTESIAN_POINT('',(151.95,97.6,0.4));
#6289 = VECTOR('',#6290,1.);
#6290 = DIRECTION('',(-0.,-0.707106781187,-0.707106781187));
#6291 = PCURVE('',#2635,#6292);
#6292 = DEFINITIONAL_REPRESENTATION('',(#6293),#6296);
#6293 = B_SPLINE_CURVE_WITH_KNOTS('',1,(#6294,#6295),.UNSPECIFIED.,.F.,
  .F.,(2,2),(-0.565685424949,0.565685424949),.PIECEWISE_BEZIER_KNOTS.);
#6294 = CARTESIAN_POINT('',(-144.95,-0.565685424949));
#6295 = CARTESIAN_POINT('',(-144.95,0.565685424949));
#6296 = ( GEOMETRIC_REPRESENTATION_CONTEXT(2) 
PARAMETRIC_REPRESENTATION_CONTEXT() REPRESENTATION_CONTEXT('2D SPACE',''
  ) );
#6297 = PCURVE('',#2607,#6298);
#6298 = DEFINITIONAL_REPRESENTATION('',(#6299),#6302);
#6299 = B_SPLINE_CURVE_WITH_KNOTS('',1,(#6300,#6301),.UNSPECIFIED.,.F.,
  .F.,(2,2),(-0.565685424949,0.565685424949),.PIECEWISE_BEZIER_KNOTS.);
#6300 = CARTESIAN_POINT('',(0.,0.));
#6301 = CARTESIAN_POINT('',(0.,-0.8));
#6302 = ( GEOMETRIC_REPRESENTATION_CONTEXT(2) 
PARAMETRIC_REPRESENTATION_CONTEXT() REPRESENTATION_CONTEXT('2D SPACE',''
  ) );
#6303 = ORIENTED_EDGE('',*,*,#2619,.F.);
#6304 = ADVANCED_FACE('',(#6305),#2546,.T.);
#6305 = FACE_BOUND('',#6306,.T.);
#6306 = EDGE_LOOP('',(#6307,#6326,#6327,#6328));
#6307 = ORIENTED_EDGE('',*,*,#6308,.F.);
#6308 = EDGE_CURVE('',#3225,#2526,#6309,.T.);
#6309 = SURFACE_CURVE('',#6310,(#6314,#6320),.PCURVE_S1.);
#6310 = LINE('',#6311,#6312);
#6311 = CARTESIAN_POINT('',(158.55,7.,0.4));
#6312 = VECTOR('',#6313,1.);
#6313 = DIRECTION('',(-0.707106781187,0.,-0.707106781187));
#6314 = PCURVE('',#2546,#6315);
#6315 = DEFINITIONAL_REPRESENTATION('',(#6316),#6319);
#6316 = B_SPLINE_CURVE_WITH_KNOTS('',1,(#6317,#6318),.UNSPECIFIED.,.F.,
  .F.,(2,2),(-0.565685424949,0.565685424949),.PIECEWISE_BEZIER_KNOTS.);
#6317 = CARTESIAN_POINT('',(0.,0.));
#6318 = CARTESIAN_POINT('',(0.,-0.8));
#6319 = ( GEOMETRIC_REPRESENTATION_CONTEXT(2) 
PARAMETRIC_REPRESENTATION_CONTEXT() REPRESENTATION_CONTEXT('2D SPACE',''
  ) );
#6320 = PCURVE('',#2574,#6321);
#6321 = DEFINITIONAL_REPRESENTATION('',(#6322),#6325);
#6322 = B_SPLINE_CURVE_WITH_KNOTS('',1,(#6323,#6324),.UNSPECIFIED.,.F.,
  .F.,(2,2),(-0.565685424949,0.565685424949),.PIECEWISE_BEZIER_KNOTS.);
#6323 = CARTESIAN_POINT('',(84.,-0.565685424949));
#6324 = CARTESIAN_POINT('',(84.,0.565685424949));
#6325 = ( GEOMETRIC_REPRESENTATION_CONTEXT(2) 
PARAMETRIC_REPRESENTATION_CONTEXT() REPRESENTATION_CONTEXT('2D SPACE',''
  ) );
#6326 = ORIENTED_EDGE('',*,*,#3252,.T.);
#6327 = ORIENTED_EDGE('',*,*,#3174,.T.);
#6328 = ORIENTED_EDGE('',*,*,#2525,.F.);
#6329 = ADVANCED_FACE('',(#6330),#2607,.T.);
#6330 = FACE_BOUND('',#6331,.T.);
#6331 = EDGE_LOOP('',(#6332,#6333,#6357,#6376));
#6332 = ORIENTED_EDGE('',*,*,#6285,.F.);
#6333 = ORIENTED_EDGE('',*,*,#6334,.T.);
#6334 = EDGE_CURVE('',#3098,#6335,#6337,.T.);
#6335 = VERTEX_POINT('',#6336);
#6336 = CARTESIAN_POINT('',(158.95,91.,0.8));
#6337 = SURFACE_CURVE('',#6338,(#6343,#6350),.PCURVE_S1.);
#6338 = CIRCLE('',#6339,7.);
#6339 = AXIS2_PLACEMENT_3D('',#6340,#6341,#6342);
#6340 = CARTESIAN_POINT('',(151.95,91.,0.8));
#6341 = DIRECTION('',(0.,-0.,-1.));
#6342 = DIRECTION('',(0.,1.,-0.));
#6343 = PCURVE('',#2607,#6344);
#6344 = DEFINITIONAL_REPRESENTATION('',(#6345),#6349);
#6345 = LINE('',#6346,#6347);
#6346 = CARTESIAN_POINT('',(-0.,-0.));
#6347 = VECTOR('',#6348,1.);
#6348 = DIRECTION('',(-1.,-0.));
#6349 = ( GEOMETRIC_REPRESENTATION_CONTEXT(2) 
PARAMETRIC_REPRESENTATION_CONTEXT() REPRESENTATION_CONTEXT('2D SPACE',''
  ) );
#6350 = PCURVE('',#3113,#6351);
#6351 = DEFINITIONAL_REPRESENTATION('',(#6352),#6356);
#6352 = LINE('',#6353,#6354);
#6353 = CARTESIAN_POINT('',(-1.570796326795,-0.8));
#6354 = VECTOR('',#6355,1.);
#6355 = DIRECTION('',(1.,-0.));
#6356 = ( GEOMETRIC_REPRESENTATION_CONTEXT(2) 
PARAMETRIC_REPRESENTATION_CONTEXT() REPRESENTATION_CONTEXT('2D SPACE',''
  ) );
#6357 = ORIENTED_EDGE('',*,*,#6358,.T.);
#6358 = EDGE_CURVE('',#6335,#2559,#6359,.T.);
#6359 = SURFACE_CURVE('',#6360,(#6364,#6370),.PCURVE_S1.);
#6360 = LINE('',#6361,#6362);
#6361 = CARTESIAN_POINT('',(158.95,91.,0.8));
#6362 = VECTOR('',#6363,1.);
#6363 = DIRECTION('',(-0.707106781187,-4.329780281177E-17,
    -0.707106781187));
#6364 = PCURVE('',#2607,#6365);
#6365 = DEFINITIONAL_REPRESENTATION('',(#6366),#6369);
#6366 = B_SPLINE_CURVE_WITH_KNOTS('',1,(#6367,#6368),.UNSPECIFIED.,.F.,
  .F.,(2,2),(0.,1.131370849898),.PIECEWISE_BEZIER_KNOTS.);
#6367 = CARTESIAN_POINT('',(-1.570796326795,0.));
#6368 = CARTESIAN_POINT('',(-1.570796326795,-0.8));
#6369 = ( GEOMETRIC_REPRESENTATION_CONTEXT(2) 
PARAMETRIC_REPRESENTATION_CONTEXT() REPRESENTATION_CONTEXT('2D SPACE',''
  ) );
#6370 = PCURVE('',#2574,#6371);
#6371 = DEFINITIONAL_REPRESENTATION('',(#6372),#6375);
#6372 = B_SPLINE_CURVE_WITH_KNOTS('',1,(#6373,#6374),.UNSPECIFIED.,.F.,
  .F.,(2,2),(0.,1.131370849898),.PIECEWISE_BEZIER_KNOTS.);
#6373 = CARTESIAN_POINT('',(0.,-0.565685424949));
#6374 = CARTESIAN_POINT('',(0.,0.565685424949));
#6375 = ( GEOMETRIC_REPRESENTATION_CONTEXT(2) 
PARAMETRIC_REPRESENTATION_CONTEXT() REPRESENTATION_CONTEXT('2D SPACE',''
  ) );
#6376 = ORIENTED_EDGE('',*,*,#2586,.F.);
#6377 = ADVANCED_FACE('',(#6378),#2574,.T.);
#6378 = FACE_BOUND('',#6379,.T.);
#6379 = EDGE_LOOP('',(#6380,#6381,#6402,#6403));
#6380 = ORIENTED_EDGE('',*,*,#6358,.F.);
#6381 = ORIENTED_EDGE('',*,*,#6382,.T.);
#6382 = EDGE_CURVE('',#6335,#3225,#6383,.T.);
#6383 = SURFACE_CURVE('',#6384,(#6388,#6395),.PCURVE_S1.);
#6384 = LINE('',#6385,#6386);
#6385 = CARTESIAN_POINT('',(158.95,91.,0.8));
#6386 = VECTOR('',#6387,1.);
#6387 = DIRECTION('',(-0.,-1.,-0.));
#6388 = PCURVE('',#2574,#6389);
#6389 = DEFINITIONAL_REPRESENTATION('',(#6390),#6394);
#6390 = LINE('',#6391,#6392);
#6391 = CARTESIAN_POINT('',(0.,-0.565685424949));
#6392 = VECTOR('',#6393,1.);
#6393 = DIRECTION('',(1.,0.));
#6394 = ( GEOMETRIC_REPRESENTATION_CONTEXT(2) 
PARAMETRIC_REPRESENTATION_CONTEXT() REPRESENTATION_CONTEXT('2D SPACE',''
  ) );
#6395 = PCURVE('',#3240,#6396);
#6396 = DEFINITIONAL_REPRESENTATION('',(#6397),#6401);
#6397 = LINE('',#6398,#6399);
#6398 = CARTESIAN_POINT('',(84.,-0.8));
#6399 = VECTOR('',#6400,1.);
#6400 = DIRECTION('',(-1.,0.));
#6401 = ( GEOMETRIC_REPRESENTATION_CONTEXT(2) 
PARAMETRIC_REPRESENTATION_CONTEXT() REPRESENTATION_CONTEXT('2D SPACE',''
  ) );
#6402 = ORIENTED_EDGE('',*,*,#6308,.T.);
#6403 = ORIENTED_EDGE('',*,*,#2558,.F.);
#6404 = ADVANCED_FACE('',(#6405),#2692,.F.);
#6405 = FACE_BOUND('',#6406,.F.);
#6406 = EDGE_LOOP('',(#6407,#6428,#6429,#6430));
#6407 = ORIENTED_EDGE('',*,*,#6408,.T.);
#6408 = EDGE_CURVE('',#2676,#3403,#6409,.T.);
#6409 = SEAM_CURVE('',#6410,(#6414,#6421),.PCURVE_S1.);
#6410 = LINE('',#6411,#6412);
#6411 = CARTESIAN_POINT('',(9.6,6.2,-1.E-02));
#6412 = VECTOR('',#6413,1.);
#6413 = DIRECTION('',(-0.707106781187,1.731912112471E-16,0.707106781187)
  );
#6414 = PCURVE('',#2692,#6415);
#6415 = DEFINITIONAL_REPRESENTATION('',(#6416),#6420);
#6416 = LINE('',#6417,#6418);
#6417 = CARTESIAN_POINT('',(-6.28318530718,0.));
#6418 = VECTOR('',#6419,1.);
#6419 = DIRECTION('',(-0.,-1.));
#6420 = ( GEOMETRIC_REPRESENTATION_CONTEXT(2) 
PARAMETRIC_REPRESENTATION_CONTEXT() REPRESENTATION_CONTEXT('2D SPACE',''
  ) );
#6421 = PCURVE('',#2692,#6422);
#6422 = DEFINITIONAL_REPRESENTATION('',(#6423),#6427);
#6423 = LINE('',#6424,#6425);
#6424 = CARTESIAN_POINT('',(0.,-0.));
#6425 = VECTOR('',#6426,1.);
#6426 = DIRECTION('',(-0.,-1.));
#6427 = ( GEOMETRIC_REPRESENTATION_CONTEXT(2) 
PARAMETRIC_REPRESENTATION_CONTEXT() REPRESENTATION_CONTEXT('2D SPACE',''
  ) );
#6428 = ORIENTED_EDGE('',*,*,#3427,.F.);
#6429 = ORIENTED_EDGE('',*,*,#6408,.F.);
#6430 = ORIENTED_EDGE('',*,*,#2675,.T.);
#6431 = ADVANCED_FACE('',(#6432),#2723,.F.);
#6432 = FACE_BOUND('',#6433,.F.);
#6433 = EDGE_LOOP('',(#6434,#6457,#6484,#6485));
#6434 = ORIENTED_EDGE('',*,*,#6435,.T.);
#6435 = EDGE_CURVE('',#2707,#6436,#6438,.T.);
#6436 = VERTEX_POINT('',#6437);
#6437 = CARTESIAN_POINT('',(21.25,16.,1.));
#6438 = SEAM_CURVE('',#6439,(#6443,#6450),.PCURVE_S1.);
#6439 = LINE('',#6440,#6441);
#6440 = CARTESIAN_POINT('',(21.25,16.,-0.1));
#6441 = VECTOR('',#6442,1.);
#6442 = DIRECTION('',(0.,0.,1.));
#6443 = PCURVE('',#2723,#6444);
#6444 = DEFINITIONAL_REPRESENTATION('',(#6445),#6449);
#6445 = LINE('',#6446,#6447);
#6446 = CARTESIAN_POINT('',(6.28318530718,-0.));
#6447 = VECTOR('',#6448,1.);
#6448 = DIRECTION('',(0.,1.));
#6449 = ( GEOMETRIC_REPRESENTATION_CONTEXT(2) 
PARAMETRIC_REPRESENTATION_CONTEXT() REPRESENTATION_CONTEXT('2D SPACE',''
  ) );
#6450 = PCURVE('',#2723,#6451);
#6451 = DEFINITIONAL_REPRESENTATION('',(#6452),#6456);
#6452 = LINE('',#6453,#6454);
#6453 = CARTESIAN_POINT('',(0.,-0.));
#6454 = VECTOR('',#6455,1.);
#6455 = DIRECTION('',(0.,1.));
#6456 = ( GEOMETRIC_REPRESENTATION_CONTEXT(2) 
PARAMETRIC_REPRESENTATION_CONTEXT() REPRESENTATION_CONTEXT('2D SPACE',''
  ) );
#6457 = ORIENTED_EDGE('',*,*,#6458,.F.);
#6458 = EDGE_CURVE('',#6436,#6436,#6459,.T.);
#6459 = SURFACE_CURVE('',#6460,(#6465,#6472),.PCURVE_S1.);
#6460 = CIRCLE('',#6461,5.25);
#6461 = AXIS2_PLACEMENT_3D('',#6462,#6463,#6464);
#6462 = CARTESIAN_POINT('',(16.,16.,1.));
#6463 = DIRECTION('',(0.,0.,1.));
#6464 = DIRECTION('',(1.,0.,-0.));
#6465 = PCURVE('',#2723,#6466);
#6466 = DEFINITIONAL_REPRESENTATION('',(#6467),#6471);
#6467 = LINE('',#6468,#6469);
#6468 = CARTESIAN_POINT('',(0.,1.1));
#6469 = VECTOR('',#6470,1.);
#6470 = DIRECTION('',(1.,0.));
#6471 = ( GEOMETRIC_REPRESENTATION_CONTEXT(2) 
PARAMETRIC_REPRESENTATION_CONTEXT() REPRESENTATION_CONTEXT('2D SPACE',''
  ) );
#6472 = PCURVE('',#6473,#6478);
#6473 = PLANE('',#6474);
#6474 = AXIS2_PLACEMENT_3D('',#6475,#6476,#6477);
#6475 = CARTESIAN_POINT('',(16.,16.,1.));
#6476 = DIRECTION('',(0.,0.,1.));
#6477 = DIRECTION('',(1.,0.,-0.));
#6478 = DEFINITIONAL_REPRESENTATION('',(#6479),#6483);
#6479 = CIRCLE('',#6480,5.25);
#6480 = AXIS2_PLACEMENT_2D('',#6481,#6482);
#6481 = CARTESIAN_POINT('',(0.,0.));
#6482 = DIRECTION('',(1.,0.));
#6483 = ( GEOMETRIC_REPRESENTATION_CONTEXT(2) 
PARAMETRIC_REPRESENTATION_CONTEXT() REPRESENTATION_CONTEXT('2D SPACE',''
  ) );
#6484 = ORIENTED_EDGE('',*,*,#6435,.F.);
#6485 = ORIENTED_EDGE('',*,*,#2706,.T.);
#6486 = ADVANCED_FACE('',(#6487),#2754,.F.);
#6487 = FACE_BOUND('',#6488,.F.);
#6488 = EDGE_LOOP('',(#6489,#6510,#6511,#6512));
#6489 = ORIENTED_EDGE('',*,*,#6490,.T.);
#6490 = EDGE_CURVE('',#2738,#3648,#6491,.T.);
#6491 = SEAM_CURVE('',#6492,(#6496,#6503),.PCURVE_S1.);
#6492 = LINE('',#6493,#6494);
#6493 = CARTESIAN_POINT('',(57.93,6.2,-1.E-02));
#6494 = VECTOR('',#6495,1.);
#6495 = DIRECTION('',(-0.707106781187,1.731912112471E-16,0.707106781187)
  );
#6496 = PCURVE('',#2754,#6497);
#6497 = DEFINITIONAL_REPRESENTATION('',(#6498),#6502);
#6498 = LINE('',#6499,#6500);
#6499 = CARTESIAN_POINT('',(-6.28318530718,0.));
#6500 = VECTOR('',#6501,1.);
#6501 = DIRECTION('',(-0.,-1.));
#6502 = ( GEOMETRIC_REPRESENTATION_CONTEXT(2) 
PARAMETRIC_REPRESENTATION_CONTEXT() REPRESENTATION_CONTEXT('2D SPACE',''
  ) );
#6503 = PCURVE('',#2754,#6504);
#6504 = DEFINITIONAL_REPRESENTATION('',(#6505),#6509);
#6505 = LINE('',#6506,#6507);
#6506 = CARTESIAN_POINT('',(0.,-0.));
#6507 = VECTOR('',#6508,1.);
#6508 = DIRECTION('',(-0.,-1.));
#6509 = ( GEOMETRIC_REPRESENTATION_CONTEXT(2) 
PARAMETRIC_REPRESENTATION_CONTEXT() REPRESENTATION_CONTEXT('2D SPACE',''
  ) );
#6510 = ORIENTED_EDGE('',*,*,#3672,.F.);
#6511 = ORIENTED_EDGE('',*,*,#6490,.F.);
#6512 = ORIENTED_EDGE('',*,*,#2737,.T.);
#6513 = ADVANCED_FACE('',(#6514),#2785,.F.);
#6514 = FACE_BOUND('',#6515,.F.);
#6515 = EDGE_LOOP('',(#6516,#6537,#6538,#6539));
#6516 = ORIENTED_EDGE('',*,*,#6517,.T.);
#6517 = EDGE_CURVE('',#2769,#4204,#6518,.T.);
#6518 = SEAM_CURVE('',#6519,(#6523,#6530),.PCURVE_S1.);
#6519 = LINE('',#6520,#6521);
#6520 = CARTESIAN_POINT('',(109.93,6.2,-1.E-02));
#6521 = VECTOR('',#6522,1.);
#6522 = DIRECTION('',(-0.707106781187,1.731912112471E-16,0.707106781187)
  );
#6523 = PCURVE('',#2785,#6524);
#6524 = DEFINITIONAL_REPRESENTATION('',(#6525),#6529);
#6525 = LINE('',#6526,#6527);
#6526 = CARTESIAN_POINT('',(-6.28318530718,0.));
#6527 = VECTOR('',#6528,1.);
#6528 = DIRECTION('',(-0.,-1.));
#6529 = ( GEOMETRIC_REPRESENTATION_CONTEXT(2) 
PARAMETRIC_REPRESENTATION_CONTEXT() REPRESENTATION_CONTEXT('2D SPACE',''
  ) );
#6530 = PCURVE('',#2785,#6531);
#6531 = DEFINITIONAL_REPRESENTATION('',(#6532),#6536);
#6532 = LINE('',#6533,#6534);
#6533 = CARTESIAN_POINT('',(0.,-0.));
#6534 = VECTOR('',#6535,1.);
#6535 = DIRECTION('',(-0.,-1.));
#6536 = ( GEOMETRIC_REPRESENTATION_CONTEXT(2) 
PARAMETRIC_REPRESENTATION_CONTEXT() REPRESENTATION_CONTEXT('2D SPACE',''
  ) );
#6537 = ORIENTED_EDGE('',*,*,#4228,.F.);
#6538 = ORIENTED_EDGE('',*,*,#6517,.F.);
#6539 = ORIENTED_EDGE('',*,*,#2768,.T.);
#6540 = ADVANCED_FACE('',(#6541),#2816,.F.);
#6541 = FACE_BOUND('',#6542,.F.);
#6542 = EDGE_LOOP('',(#6543,#6564,#6565,#6566));
#6543 = ORIENTED_EDGE('',*,*,#6544,.T.);
#6544 = EDGE_CURVE('',#2800,#4449,#6545,.T.);
#6545 = SEAM_CURVE('',#6546,(#6550,#6557),.PCURVE_S1.);
#6546 = LINE('',#6547,#6548);
#6547 = CARTESIAN_POINT('',(156.15,6.2,-1.E-02));
#6548 = VECTOR('',#6549,1.);
#6549 = DIRECTION('',(-0.707106781187,1.731912112471E-16,0.707106781187)
  );
#6550 = PCURVE('',#2816,#6551);
#6551 = DEFINITIONAL_REPRESENTATION('',(#6552),#6556);
#6552 = LINE('',#6553,#6554);
#6553 = CARTESIAN_POINT('',(-6.28318530718,0.));
#6554 = VECTOR('',#6555,1.);
#6555 = DIRECTION('',(-0.,-1.));
#6556 = ( GEOMETRIC_REPRESENTATION_CONTEXT(2) 
PARAMETRIC_REPRESENTATION_CONTEXT() REPRESENTATION_CONTEXT('2D SPACE',''
  ) );
#6557 = PCURVE('',#2816,#6558);
#6558 = DEFINITIONAL_REPRESENTATION('',(#6559),#6563);
#6559 = LINE('',#6560,#6561);
#6560 = CARTESIAN_POINT('',(0.,-0.));
#6561 = VECTOR('',#6562,1.);
#6562 = DIRECTION('',(-0.,-1.));
#6563 = ( GEOMETRIC_REPRESENTATION_CONTEXT(2) 
PARAMETRIC_REPRESENTATION_CONTEXT() REPRESENTATION_CONTEXT('2D SPACE',''
  ) );
#6564 = ORIENTED_EDGE('',*,*,#4473,.F.);
#6565 = ORIENTED_EDGE('',*,*,#6544,.F.);
#6566 = ORIENTED_EDGE('',*,*,#2799,.T.);
#6567 = ADVANCED_FACE('',(#6568),#2847,.F.);
#6568 = FACE_BOUND('',#6569,.F.);
#6569 = EDGE_LOOP('',(#6570,#6593,#6620,#6621));
#6570 = ORIENTED_EDGE('',*,*,#6571,.T.);
#6571 = EDGE_CURVE('',#2831,#6572,#6574,.T.);
#6572 = VERTEX_POINT('',#6573);
#6573 = CARTESIAN_POINT('',(148.2,16.,1.));
#6574 = SEAM_CURVE('',#6575,(#6579,#6586),.PCURVE_S1.);
#6575 = LINE('',#6576,#6577);
#6576 = CARTESIAN_POINT('',(148.2,16.,-0.1));
#6577 = VECTOR('',#6578,1.);
#6578 = DIRECTION('',(0.,0.,1.));
#6579 = PCURVE('',#2847,#6580);
#6580 = DEFINITIONAL_REPRESENTATION('',(#6581),#6585);
#6581 = LINE('',#6582,#6583);
#6582 = CARTESIAN_POINT('',(6.28318530718,-0.));
#6583 = VECTOR('',#6584,1.);
#6584 = DIRECTION('',(0.,1.));
#6585 = ( GEOMETRIC_REPRESENTATION_CONTEXT(2) 
PARAMETRIC_REPRESENTATION_CONTEXT() REPRESENTATION_CONTEXT('2D SPACE',''
  ) );
#6586 = PCURVE('',#2847,#6587);
#6587 = DEFINITIONAL_REPRESENTATION('',(#6588),#6592);
#6588 = LINE('',#6589,#6590);
#6589 = CARTESIAN_POINT('',(0.,-0.));
#6590 = VECTOR('',#6591,1.);
#6591 = DIRECTION('',(0.,1.));
#6592 = ( GEOMETRIC_REPRESENTATION_CONTEXT(2) 
PARAMETRIC_REPRESENTATION_CONTEXT() REPRESENTATION_CONTEXT('2D SPACE',''
  ) );
#6593 = ORIENTED_EDGE('',*,*,#6594,.F.);
#6594 = EDGE_CURVE('',#6572,#6572,#6595,.T.);
#6595 = SURFACE_CURVE('',#6596,(#6601,#6608),.PCURVE_S1.);
#6596 = CIRCLE('',#6597,5.25);
#6597 = AXIS2_PLACEMENT_3D('',#6598,#6599,#6600);
#6598 = CARTESIAN_POINT('',(142.95,16.,1.));
#6599 = DIRECTION('',(0.,0.,1.));
#6600 = DIRECTION('',(1.,0.,-0.));
#6601 = PCURVE('',#2847,#6602);
#6602 = DEFINITIONAL_REPRESENTATION('',(#6603),#6607);
#6603 = LINE('',#6604,#6605);
#6604 = CARTESIAN_POINT('',(0.,1.1));
#6605 = VECTOR('',#6606,1.);
#6606 = DIRECTION('',(1.,0.));
#6607 = ( GEOMETRIC_REPRESENTATION_CONTEXT(2) 
PARAMETRIC_REPRESENTATION_CONTEXT() REPRESENTATION_CONTEXT('2D SPACE',''
  ) );
#6608 = PCURVE('',#6609,#6614);
#6609 = PLANE('',#6610);
#6610 = AXIS2_PLACEMENT_3D('',#6611,#6612,#6613);
#6611 = CARTESIAN_POINT('',(142.95,16.,1.));
#6612 = DIRECTION('',(0.,0.,1.));
#6613 = DIRECTION('',(1.,0.,-0.));
#6614 = DEFINITIONAL_REPRESENTATION('',(#6615),#6619);
#6615 = CIRCLE('',#6616,5.25);
#6616 = AXIS2_PLACEMENT_2D('',#6617,#6618);
#6617 = CARTESIAN_POINT('',(0.,0.));
#6618 = DIRECTION('',(1.,0.));
#6619 = ( GEOMETRIC_REPRESENTATION_CONTEXT(2) 
PARAMETRIC_REPRESENTATION_CONTEXT() REPRESENTATION_CONTEXT('2D SPACE',''
  ) );
#6620 = ORIENTED_EDGE('',*,*,#6571,.F.);
#6621 = ORIENTED_EDGE('',*,*,#2830,.T.);
#6622 = ADVANCED_FACE('',(#6623),#2878,.F.);
#6623 = FACE_BOUND('',#6624,.F.);
#6624 = EDGE_LOOP('',(#6625,#6648,#6675,#6676));
#6625 = ORIENTED_EDGE('',*,*,#6626,.T.);
#6626 = EDGE_CURVE('',#2862,#6627,#6629,.T.);
#6627 = VERTEX_POINT('',#6628);
#6628 = CARTESIAN_POINT('',(21.25,82.,1.));
#6629 = SEAM_CURVE('',#6630,(#6634,#6641),.PCURVE_S1.);
#6630 = LINE('',#6631,#6632);
#6631 = CARTESIAN_POINT('',(21.25,82.,-0.1));
#6632 = VECTOR('',#6633,1.);
#6633 = DIRECTION('',(0.,0.,1.));
#6634 = PCURVE('',#2878,#6635);
#6635 = DEFINITIONAL_REPRESENTATION('',(#6636),#6640);
#6636 = LINE('',#6637,#6638);
#6637 = CARTESIAN_POINT('',(6.28318530718,-0.));
#6638 = VECTOR('',#6639,1.);
#6639 = DIRECTION('',(0.,1.));
#6640 = ( GEOMETRIC_REPRESENTATION_CONTEXT(2) 
PARAMETRIC_REPRESENTATION_CONTEXT() REPRESENTATION_CONTEXT('2D SPACE',''
  ) );
#6641 = PCURVE('',#2878,#6642);
#6642 = DEFINITIONAL_REPRESENTATION('',(#6643),#6647);
#6643 = LINE('',#6644,#6645);
#6644 = CARTESIAN_POINT('',(0.,-0.));
#6645 = VECTOR('',#6646,1.);
#6646 = DIRECTION('',(0.,1.));
#6647 = ( GEOMETRIC_REPRESENTATION_CONTEXT(2) 
PARAMETRIC_REPRESENTATION_CONTEXT() REPRESENTATION_CONTEXT('2D SPACE',''
  ) );
#6648 = ORIENTED_EDGE('',*,*,#6649,.F.);
#6649 = EDGE_CURVE('',#6627,#6627,#6650,.T.);
#6650 = SURFACE_CURVE('',#6651,(#6656,#6663),.PCURVE_S1.);
#6651 = CIRCLE('',#6652,5.25);
#6652 = AXIS2_PLACEMENT_3D('',#6653,#6654,#6655);
#6653 = CARTESIAN_POINT('',(16.,82.,1.));
#6654 = DIRECTION('',(0.,0.,1.));
#6655 = DIRECTION('',(1.,0.,-0.));
#6656 = PCURVE('',#2878,#6657);
#6657 = DEFINITIONAL_REPRESENTATION('',(#6658),#6662);
#6658 = LINE('',#6659,#6660);
#6659 = CARTESIAN_POINT('',(0.,1.1));
#6660 = VECTOR('',#6661,1.);
#6661 = DIRECTION('',(1.,0.));
#6662 = ( GEOMETRIC_REPRESENTATION_CONTEXT(2) 
PARAMETRIC_REPRESENTATION_CONTEXT() REPRESENTATION_CONTEXT('2D SPACE',''
  ) );
#6663 = PCURVE('',#6664,#6669);
#6664 = PLANE('',#6665);
#6665 = AXIS2_PLACEMENT_3D('',#6666,#6667,#6668);
#6666 = CARTESIAN_POINT('',(16.,82.,1.));
#6667 = DIRECTION('',(0.,0.,1.));
#6668 = DIRECTION('',(1.,0.,-0.));
#6669 = DEFINITIONAL_REPRESENTATION('',(#6670),#6674);
#6670 = CIRCLE('',#6671,5.25);
#6671 = AXIS2_PLACEMENT_2D('',#6672,#6673);
#6672 = CARTESIAN_POINT('',(0.,0.));
#6673 = DIRECTION('',(1.,0.));
#6674 = ( GEOMETRIC_REPRESENTATION_CONTEXT(2) 
PARAMETRIC_REPRESENTATION_CONTEXT() REPRESENTATION_CONTEXT('2D SPACE',''
  ) );
#6675 = ORIENTED_EDGE('',*,*,#6626,.F.);
#6676 = ORIENTED_EDGE('',*,*,#2861,.T.);
#6677 = ADVANCED_FACE('',(#6678),#2909,.F.);
#6678 = FACE_BOUND('',#6679,.F.);
#6679 = EDGE_LOOP('',(#6680,#6701,#6702,#6703));
#6680 = ORIENTED_EDGE('',*,*,#6681,.T.);
#6681 = EDGE_CURVE('',#2893,#5200,#6682,.T.);
#6682 = SEAM_CURVE('',#6683,(#6687,#6694),.PCURVE_S1.);
#6683 = LINE('',#6684,#6685);
#6684 = CARTESIAN_POINT('',(9.6,91.8,-1.E-02));
#6685 = VECTOR('',#6686,1.);
#6686 = DIRECTION('',(-0.707106781187,1.731912112471E-16,0.707106781187)
  );
#6687 = PCURVE('',#2909,#6688);
#6688 = DEFINITIONAL_REPRESENTATION('',(#6689),#6693);
#6689 = LINE('',#6690,#6691);
#6690 = CARTESIAN_POINT('',(-6.28318530718,0.));
#6691 = VECTOR('',#6692,1.);
#6692 = DIRECTION('',(-0.,-1.));
#6693 = ( GEOMETRIC_REPRESENTATION_CONTEXT(2) 
PARAMETRIC_REPRESENTATION_CONTEXT() REPRESENTATION_CONTEXT('2D SPACE',''
  ) );
#6694 = PCURVE('',#2909,#6695);
#6695 = DEFINITIONAL_REPRESENTATION('',(#6696),#6700);
#6696 = LINE('',#6697,#6698);
#6697 = CARTESIAN_POINT('',(0.,-0.));
#6698 = VECTOR('',#6699,1.);
#6699 = DIRECTION('',(-0.,-1.));
#6700 = ( GEOMETRIC_REPRESENTATION_CONTEXT(2) 
PARAMETRIC_REPRESENTATION_CONTEXT() REPRESENTATION_CONTEXT('2D SPACE',''
  ) );
#6701 = ORIENTED_EDGE('',*,*,#5224,.F.);
#6702 = ORIENTED_EDGE('',*,*,#6681,.F.);
#6703 = ORIENTED_EDGE('',*,*,#2892,.T.);
#6704 = ADVANCED_FACE('',(#6705),#2940,.F.);
#6705 = FACE_BOUND('',#6706,.F.);
#6706 = EDGE_LOOP('',(#6707,#6728,#6729,#6730));
#6707 = ORIENTED_EDGE('',*,*,#6708,.T.);
#6708 = EDGE_CURVE('',#2924,#5500,#6709,.T.);
#6709 = SEAM_CURVE('',#6710,(#6714,#6721),.PCURVE_S1.);
#6710 = LINE('',#6711,#6712);
#6711 = CARTESIAN_POINT('',(60.875,91.8,-1.E-02));
#6712 = VECTOR('',#6713,1.);
#6713 = DIRECTION('',(-0.707106781187,1.731912112471E-16,0.707106781187)
  );
#6714 = PCURVE('',#2940,#6715);
#6715 = DEFINITIONAL_REPRESENTATION('',(#6716),#6720);
#6716 = LINE('',#6717,#6718);
#6717 = CARTESIAN_POINT('',(-6.28318530718,0.));
#6718 = VECTOR('',#6719,1.);
#6719 = DIRECTION('',(-0.,-1.));
#6720 = ( GEOMETRIC_REPRESENTATION_CONTEXT(2) 
PARAMETRIC_REPRESENTATION_CONTEXT() REPRESENTATION_CONTEXT('2D SPACE',''
  ) );
#6721 = PCURVE('',#2940,#6722);
#6722 = DEFINITIONAL_REPRESENTATION('',(#6723),#6727);
#6723 = LINE('',#6724,#6725);
#6724 = CARTESIAN_POINT('',(0.,-0.));
#6725 = VECTOR('',#6726,1.);
#6726 = DIRECTION('',(-0.,-1.));
#6727 = ( GEOMETRIC_REPRESENTATION_CONTEXT(2) 
PARAMETRIC_REPRESENTATION_CONTEXT() REPRESENTATION_CONTEXT('2D SPACE',''
  ) );
#6728 = ORIENTED_EDGE('',*,*,#5524,.F.);
#6729 = ORIENTED_EDGE('',*,*,#6708,.F.);
#6730 = ORIENTED_EDGE('',*,*,#2923,.T.);
#6731 = ADVANCED_FACE('',(#6732),#2971,.F.);
#6732 = FACE_BOUND('',#6733,.F.);
#6733 = EDGE_LOOP('',(#6734,#6755,#6756,#6757));
#6734 = ORIENTED_EDGE('',*,*,#6735,.T.);
#6735 = EDGE_CURVE('',#2955,#5989,#6736,.T.);
#6736 = SEAM_CURVE('',#6737,(#6741,#6748),.PCURVE_S1.);
#6737 = LINE('',#6738,#6739);
#6738 = CARTESIAN_POINT('',(104.875,91.8,-1.E-02));
#6739 = VECTOR('',#6740,1.);
#6740 = DIRECTION('',(-0.707106781187,1.731912112471E-16,0.707106781187)
  );
#6741 = PCURVE('',#2971,#6742);
#6742 = DEFINITIONAL_REPRESENTATION('',(#6743),#6747);
#6743 = LINE('',#6744,#6745);
#6744 = CARTESIAN_POINT('',(-6.28318530718,0.));
#6745 = VECTOR('',#6746,1.);
#6746 = DIRECTION('',(-0.,-1.));
#6747 = ( GEOMETRIC_REPRESENTATION_CONTEXT(2) 
PARAMETRIC_REPRESENTATION_CONTEXT() REPRESENTATION_CONTEXT('2D SPACE',''
  ) );
#6748 = PCURVE('',#2971,#6749);
#6749 = DEFINITIONAL_REPRESENTATION('',(#6750),#6754);
#6750 = LINE('',#6751,#6752);
#6751 = CARTESIAN_POINT('',(0.,-0.));
#6752 = VECTOR('',#6753,1.);
#6753 = DIRECTION('',(-0.,-1.));
#6754 = ( GEOMETRIC_REPRESENTATION_CONTEXT(2) 
PARAMETRIC_REPRESENTATION_CONTEXT() REPRESENTATION_CONTEXT('2D SPACE',''
  ) );
#6755 = ORIENTED_EDGE('',*,*,#6013,.F.);
#6756 = ORIENTED_EDGE('',*,*,#6735,.F.);
#6757 = ORIENTED_EDGE('',*,*,#2954,.T.);
#6758 = ADVANCED_FACE('',(#6759),#3002,.F.);
#6759 = FACE_BOUND('',#6760,.F.);
#6760 = EDGE_LOOP('',(#6761,#6784,#6811,#6812));
#6761 = ORIENTED_EDGE('',*,*,#6762,.T.);
#6762 = EDGE_CURVE('',#2986,#6763,#6765,.T.);
#6763 = VERTEX_POINT('',#6764);
#6764 = CARTESIAN_POINT('',(148.2,82.,1.));
#6765 = SEAM_CURVE('',#6766,(#6770,#6777),.PCURVE_S1.);
#6766 = LINE('',#6767,#6768);
#6767 = CARTESIAN_POINT('',(148.2,82.,-0.1));
#6768 = VECTOR('',#6769,1.);
#6769 = DIRECTION('',(0.,0.,1.));
#6770 = PCURVE('',#3002,#6771);
#6771 = DEFINITIONAL_REPRESENTATION('',(#6772),#6776);
#6772 = LINE('',#6773,#6774);
#6773 = CARTESIAN_POINT('',(6.28318530718,-0.));
#6774 = VECTOR('',#6775,1.);
#6775 = DIRECTION('',(0.,1.));
#6776 = ( GEOMETRIC_REPRESENTATION_CONTEXT(2) 
PARAMETRIC_REPRESENTATION_CONTEXT() REPRESENTATION_CONTEXT('2D SPACE',''
  ) );
#6777 = PCURVE('',#3002,#6778);
#6778 = DEFINITIONAL_REPRESENTATION('',(#6779),#6783);
#6779 = LINE('',#6780,#6781);
#6780 = CARTESIAN_POINT('',(0.,-0.));
#6781 = VECTOR('',#6782,1.);
#6782 = DIRECTION('',(0.,1.));
#6783 = ( GEOMETRIC_REPRESENTATION_CONTEXT(2) 
PARAMETRIC_REPRESENTATION_CONTEXT() REPRESENTATION_CONTEXT('2D SPACE',''
  ) );
#6784 = ORIENTED_EDGE('',*,*,#6785,.F.);
#6785 = EDGE_CURVE('',#6763,#6763,#6786,.T.);
#6786 = SURFACE_CURVE('',#6787,(#6792,#6799),.PCURVE_S1.);
#6787 = CIRCLE('',#6788,5.25);
#6788 = AXIS2_PLACEMENT_3D('',#6789,#6790,#6791);
#6789 = CARTESIAN_POINT('',(142.95,82.,1.));
#6790 = DIRECTION('',(0.,0.,1.));
#6791 = DIRECTION('',(1.,0.,-0.));
#6792 = PCURVE('',#3002,#6793);
#6793 = DEFINITIONAL_REPRESENTATION('',(#6794),#6798);
#6794 = LINE('',#6795,#6796);
#6795 = CARTESIAN_POINT('',(0.,1.1));
#6796 = VECTOR('',#6797,1.);
#6797 = DIRECTION('',(1.,0.));
#6798 = ( GEOMETRIC_REPRESENTATION_CONTEXT(2) 
PARAMETRIC_REPRESENTATION_CONTEXT() REPRESENTATION_CONTEXT('2D SPACE',''
  ) );
#6799 = PCURVE('',#6800,#6805);
#6800 = PLANE('',#6801);
#6801 = AXIS2_PLACEMENT_3D('',#6802,#6803,#6804);
#6802 = CARTESIAN_POINT('',(142.95,82.,1.));
#6803 = DIRECTION('',(0.,0.,1.));
#6804 = DIRECTION('',(1.,0.,-0.));
#6805 = DEFINITIONAL_REPRESENTATION('',(#6806),#6810);
#6806 = CIRCLE('',#6807,5.25);
#6807 = AXIS2_PLACEMENT_2D('',#6808,#6809);
#6808 = CARTESIAN_POINT('',(0.,0.));
#6809 = DIRECTION('',(1.,0.));
#6810 = ( GEOMETRIC_REPRESENTATION_CONTEXT(2) 
PARAMETRIC_REPRESENTATION_CONTEXT() REPRESENTATION_CONTEXT('2D SPACE',''
  ) );
#6811 = ORIENTED_EDGE('',*,*,#6762,.F.);
#6812 = ORIENTED_EDGE('',*,*,#2985,.T.);
#6813 = ADVANCED_FACE('',(#6814),#3033,.F.);
#6814 = FACE_BOUND('',#6815,.F.);
#6815 = EDGE_LOOP('',(#6816,#6837,#6838,#6839));
#6816 = ORIENTED_EDGE('',*,*,#6817,.T.);
#6817 = EDGE_CURVE('',#3017,#6234,#6818,.T.);
#6818 = SEAM_CURVE('',#6819,(#6823,#6830),.PCURVE_S1.);
#6819 = LINE('',#6820,#6821);
#6820 = CARTESIAN_POINT('',(156.15,91.8,-1.E-02));
#6821 = VECTOR('',#6822,1.);
#6822 = DIRECTION('',(-0.707106781187,1.731912112471E-16,0.707106781187)
  );
#6823 = PCURVE('',#3033,#6824);
#6824 = DEFINITIONAL_REPRESENTATION('',(#6825),#6829);
#6825 = LINE('',#6826,#6827);
#6826 = CARTESIAN_POINT('',(-6.28318530718,0.));
#6827 = VECTOR('',#6828,1.);
#6828 = DIRECTION('',(-0.,-1.));
#6829 = ( GEOMETRIC_REPRESENTATION_CONTEXT(2) 
PARAMETRIC_REPRESENTATION_CONTEXT() REPRESENTATION_CONTEXT('2D SPACE',''
  ) );
#6830 = PCURVE('',#3033,#6831);
#6831 = DEFINITIONAL_REPRESENTATION('',(#6832),#6836);
#6832 = LINE('',#6833,#6834);
#6833 = CARTESIAN_POINT('',(0.,-0.));
#6834 = VECTOR('',#6835,1.);
#6835 = DIRECTION('',(-0.,-1.));
#6836 = ( GEOMETRIC_REPRESENTATION_CONTEXT(2) 
PARAMETRIC_REPRESENTATION_CONTEXT() REPRESENTATION_CONTEXT('2D SPACE',''
  ) );
#6837 = ORIENTED_EDGE('',*,*,#6258,.F.);
#6838 = ORIENTED_EDGE('',*,*,#6817,.F.);
#6839 = ORIENTED_EDGE('',*,*,#3016,.T.);
#6840 = ADVANCED_FACE('',(#6841),#3113,.T.);
#6841 = FACE_BOUND('',#6842,.F.);
#6842 = EDGE_LOOP('',(#6843,#6864,#6865,#6866));
#6843 = ORIENTED_EDGE('',*,*,#6844,.T.);
#6844 = EDGE_CURVE('',#6335,#3329,#6845,.T.);
#6845 = SURFACE_CURVE('',#6846,(#6850,#6857),.PCURVE_S1.);
#6846 = LINE('',#6847,#6848);
#6847 = CARTESIAN_POINT('',(158.95,91.,0.));
#6848 = VECTOR('',#6849,1.);
#6849 = DIRECTION('',(0.,0.,1.));
#6850 = PCURVE('',#3113,#6851);
#6851 = DEFINITIONAL_REPRESENTATION('',(#6852),#6856);
#6852 = LINE('',#6853,#6854);
#6853 = CARTESIAN_POINT('',(-0.,0.));
#6854 = VECTOR('',#6855,1.);
#6855 = DIRECTION('',(-0.,-1.));
#6856 = ( GEOMETRIC_REPRESENTATION_CONTEXT(2) 
PARAMETRIC_REPRESENTATION_CONTEXT() REPRESENTATION_CONTEXT('2D SPACE',''
  ) );
#6857 = PCURVE('',#3240,#6858);
#6858 = DEFINITIONAL_REPRESENTATION('',(#6859),#6863);
#6859 = LINE('',#6860,#6861);
#6860 = CARTESIAN_POINT('',(84.,0.));
#6861 = VECTOR('',#6862,1.);
#6862 = DIRECTION('',(0.,-1.));
#6863 = ( GEOMETRIC_REPRESENTATION_CONTEXT(2) 
PARAMETRIC_REPRESENTATION_CONTEXT() REPRESENTATION_CONTEXT('2D SPACE',''
  ) );
#6864 = ORIENTED_EDGE('',*,*,#3328,.F.);
#6865 = ORIENTED_EDGE('',*,*,#3097,.F.);
#6866 = ORIENTED_EDGE('',*,*,#6334,.T.);
#6867 = ADVANCED_FACE('',(#6868),#3240,.F.);
#6868 = FACE_BOUND('',#6869,.F.);
#6869 = EDGE_LOOP('',(#6870,#6871,#6872,#6873));
#6870 = ORIENTED_EDGE('',*,*,#3224,.T.);
#6871 = ORIENTED_EDGE('',*,*,#3376,.F.);
#6872 = ORIENTED_EDGE('',*,*,#6844,.F.);
#6873 = ORIENTED_EDGE('',*,*,#6382,.T.);
#6874 = ADVANCED_FACE('',(#6875),#3490,.T.);
#6875 = FACE_BOUND('',#6876,.T.);
#6876 = EDGE_LOOP('',(#6877,#6878,#6879,#6880));
#6877 = ORIENTED_EDGE('',*,*,#3595,.F.);
#6878 = ORIENTED_EDGE('',*,*,#3474,.T.);
#6879 = ORIENTED_EDGE('',*,*,#3547,.F.);
#6880 = ORIENTED_EDGE('',*,*,#3622,.F.);
#6881 = ADVANCED_FACE('',(#6882,#6885),#3735,.T.);
#6882 = FACE_BOUND('',#6883,.T.);
#6883 = EDGE_LOOP('',(#6884));
#6884 = ORIENTED_EDGE('',*,*,#3720,.T.);
#6885 = FACE_BOUND('',#6886,.T.);
#6886 = EDGE_LOOP('',(#6887));
#6887 = ORIENTED_EDGE('',*,*,#6888,.F.);
#6888 = EDGE_CURVE('',#6889,#6889,#6891,.T.);
#6889 = VERTEX_POINT('',#6890);
#6890 = CARTESIAN_POINT('',(45.425,47.8,6.));
#6891 = SURFACE_CURVE('',#6892,(#6897,#6904),.PCURVE_S1.);
#6892 = CIRCLE('',#6893,0.85);
#6893 = AXIS2_PLACEMENT_3D('',#6894,#6895,#6896);
#6894 = CARTESIAN_POINT('',(44.575,47.8,6.));
#6895 = DIRECTION('',(0.,0.,1.));
#6896 = DIRECTION('',(1.,0.,-0.));
#6897 = PCURVE('',#3735,#6898);
#6898 = DEFINITIONAL_REPRESENTATION('',(#6899),#6903);
#6899 = CIRCLE('',#6900,0.85);
#6900 = AXIS2_PLACEMENT_2D('',#6901,#6902);
#6901 = CARTESIAN_POINT('',(0.,0.));
#6902 = DIRECTION('',(1.,0.));
#6903 = ( GEOMETRIC_REPRESENTATION_CONTEXT(2) 
PARAMETRIC_REPRESENTATION_CONTEXT() REPRESENTATION_CONTEXT('2D SPACE',''
  ) );
#6904 = PCURVE('',#6905,#6910);
#6905 = CYLINDRICAL_SURFACE('',#6906,0.85);
#6906 = AXIS2_PLACEMENT_3D('',#6907,#6908,#6909);
#6907 = CARTESIAN_POINT('',(44.575,47.8,0.8));
#6908 = DIRECTION('',(0.,0.,1.));
#6909 = DIRECTION('',(1.,0.,-0.));
#6910 = DEFINITIONAL_REPRESENTATION('',(#6911),#6915);
#6911 = LINE('',#6912,#6913);
#6912 = CARTESIAN_POINT('',(0.,5.2));
#6913 = VECTOR('',#6914,1.);
#6914 = DIRECTION('',(1.,0.));
#6915 = ( GEOMETRIC_REPRESENTATION_CONTEXT(2) 
PARAMETRIC_REPRESENTATION_CONTEXT() REPRESENTATION_CONTEXT('2D SPACE',''
  ) );
#6916 = ADVANCED_FACE('',(#6917),#3813,.T.);
#6917 = FACE_BOUND('',#6918,.T.);
#6918 = EDGE_LOOP('',(#6919,#6920,#6921,#6922));
#6919 = ORIENTED_EDGE('',*,*,#3902,.F.);
#6920 = ORIENTED_EDGE('',*,*,#3799,.T.);
#6921 = ORIENTED_EDGE('',*,*,#3853,.T.);
#6922 = ORIENTED_EDGE('',*,*,#3929,.F.);
#6923 = ADVANCED_FACE('',(#6924,#6927),#3991,.T.);
#6924 = FACE_BOUND('',#6925,.T.);
#6925 = EDGE_LOOP('',(#6926));
#6926 = ORIENTED_EDGE('',*,*,#3976,.T.);
#6927 = FACE_BOUND('',#6928,.T.);
#6928 = EDGE_LOOP('',(#6929));
#6929 = ORIENTED_EDGE('',*,*,#6930,.F.);
#6930 = EDGE_CURVE('',#6931,#6931,#6933,.T.);
#6931 = VERTEX_POINT('',#6932);
#6932 = CARTESIAN_POINT('',(74.625,45.9,6.));
#6933 = SURFACE_CURVE('',#6934,(#6939,#6946),.PCURVE_S1.);
#6934 = CIRCLE('',#6935,0.85);
#6935 = AXIS2_PLACEMENT_3D('',#6936,#6937,#6938);
#6936 = CARTESIAN_POINT('',(73.775,45.9,6.));
#6937 = DIRECTION('',(0.,0.,1.));
#6938 = DIRECTION('',(1.,0.,-0.));
#6939 = PCURVE('',#3991,#6940);
#6940 = DEFINITIONAL_REPRESENTATION('',(#6941),#6945);
#6941 = CIRCLE('',#6942,0.85);
#6942 = AXIS2_PLACEMENT_2D('',#6943,#6944);
#6943 = CARTESIAN_POINT('',(0.,0.));
#6944 = DIRECTION('',(2.22044604925E-16,1.));
#6945 = ( GEOMETRIC_REPRESENTATION_CONTEXT(2) 
PARAMETRIC_REPRESENTATION_CONTEXT() REPRESENTATION_CONTEXT('2D SPACE',''
  ) );
#6946 = PCURVE('',#6947,#6952);
#6947 = CYLINDRICAL_SURFACE('',#6948,0.85);
#6948 = AXIS2_PLACEMENT_3D('',#6949,#6950,#6951);
#6949 = CARTESIAN_POINT('',(73.775,45.9,0.8));
#6950 = DIRECTION('',(0.,0.,1.));
#6951 = DIRECTION('',(1.,0.,-0.));
#6952 = DEFINITIONAL_REPRESENTATION('',(#6953),#6957);
#6953 = LINE('',#6954,#6955);
#6954 = CARTESIAN_POINT('',(0.,5.2));
#6955 = VECTOR('',#6956,1.);
#6956 = DIRECTION('',(1.,0.));
#6957 = ( GEOMETRIC_REPRESENTATION_CONTEXT(2) 
PARAMETRIC_REPRESENTATION_CONTEXT() REPRESENTATION_CONTEXT('2D SPACE',''
  ) );
#6958 = ADVANCED_FACE('',(#6959),#4046,.T.);
#6959 = FACE_BOUND('',#6960,.T.);
#6960 = EDGE_LOOP('',(#6961,#6962,#6963,#6964));
#6961 = ORIENTED_EDGE('',*,*,#4151,.F.);
#6962 = ORIENTED_EDGE('',*,*,#4030,.T.);
#6963 = ORIENTED_EDGE('',*,*,#4103,.F.);
#6964 = ORIENTED_EDGE('',*,*,#4178,.F.);
#6965 = ADVANCED_FACE('',(#6966),#4291,.T.);
#6966 = FACE_BOUND('',#6967,.T.);
#6967 = EDGE_LOOP('',(#6968,#6969,#6970,#6971));
#6968 = ORIENTED_EDGE('',*,*,#4396,.F.);
#6969 = ORIENTED_EDGE('',*,*,#4275,.T.);
#6970 = ORIENTED_EDGE('',*,*,#4348,.F.);
#6971 = ORIENTED_EDGE('',*,*,#4423,.F.);
#6972 = ADVANCED_FACE('',(#6973,#6976),#4536,.T.);
#6973 = FACE_BOUND('',#6974,.T.);
#6974 = EDGE_LOOP('',(#6975));
#6975 = ORIENTED_EDGE('',*,*,#4521,.T.);
#6976 = FACE_BOUND('',#6977,.T.);
#6977 = EDGE_LOOP('',(#6978));
#6978 = ORIENTED_EDGE('',*,*,#6979,.F.);
#6979 = EDGE_CURVE('',#6980,#6980,#6982,.T.);
#6980 = VERTEX_POINT('',#6981);
#6981 = CARTESIAN_POINT('',(86.025,45.9,6.));
#6982 = SURFACE_CURVE('',#6983,(#6988,#6995),.PCURVE_S1.);
#6983 = CIRCLE('',#6984,0.85);
#6984 = AXIS2_PLACEMENT_3D('',#6985,#6986,#6987);
#6985 = CARTESIAN_POINT('',(85.175,45.9,6.));
#6986 = DIRECTION('',(0.,0.,1.));
#6987 = DIRECTION('',(1.,0.,-0.));
#6988 = PCURVE('',#4536,#6989);
#6989 = DEFINITIONAL_REPRESENTATION('',(#6990),#6994);
#6990 = CIRCLE('',#6991,0.85);
#6991 = AXIS2_PLACEMENT_2D('',#6992,#6993);
#6992 = CARTESIAN_POINT('',(0.,0.));
#6993 = DIRECTION('',(2.22044604925E-16,1.));
#6994 = ( GEOMETRIC_REPRESENTATION_CONTEXT(2) 
PARAMETRIC_REPRESENTATION_CONTEXT() REPRESENTATION_CONTEXT('2D SPACE',''
  ) );
#6995 = PCURVE('',#6996,#7001);
#6996 = CYLINDRICAL_SURFACE('',#6997,0.85);
#6997 = AXIS2_PLACEMENT_3D('',#6998,#6999,#7000);
#6998 = CARTESIAN_POINT('',(85.175,45.9,0.8));
#6999 = DIRECTION('',(0.,0.,1.));
#7000 = DIRECTION('',(1.,0.,-0.));
#7001 = DEFINITIONAL_REPRESENTATION('',(#7002),#7006);
#7002 = LINE('',#7003,#7004);
#7003 = CARTESIAN_POINT('',(0.,5.2));
#7004 = VECTOR('',#7005,1.);
#7005 = DIRECTION('',(1.,0.));
#7006 = ( GEOMETRIC_REPRESENTATION_CONTEXT(2) 
PARAMETRIC_REPRESENTATION_CONTEXT() REPRESENTATION_CONTEXT('2D SPACE',''
  ) );
#7007 = ADVANCED_FACE('',(#7008,#7011),#4591,.T.);
#7008 = FACE_BOUND('',#7009,.T.);
#7009 = EDGE_LOOP('',(#7010));
#7010 = ORIENTED_EDGE('',*,*,#4576,.T.);
#7011 = FACE_BOUND('',#7012,.T.);
#7012 = EDGE_LOOP('',(#7013));
#7013 = ORIENTED_EDGE('',*,*,#7014,.F.);
#7014 = EDGE_CURVE('',#7015,#7015,#7017,.T.);
#7015 = VERTEX_POINT('',#7016);
#7016 = CARTESIAN_POINT('',(115.225,47.8,6.));
#7017 = SURFACE_CURVE('',#7018,(#7023,#7030),.PCURVE_S1.);
#7018 = CIRCLE('',#7019,0.85);
#7019 = AXIS2_PLACEMENT_3D('',#7020,#7021,#7022);
#7020 = CARTESIAN_POINT('',(114.375,47.8,6.));
#7021 = DIRECTION('',(0.,0.,1.));
#7022 = DIRECTION('',(1.,0.,-0.));
#7023 = PCURVE('',#4591,#7024);
#7024 = DEFINITIONAL_REPRESENTATION('',(#7025),#7029);
#7025 = CIRCLE('',#7026,0.85);
#7026 = AXIS2_PLACEMENT_2D('',#7027,#7028);
#7027 = CARTESIAN_POINT('',(0.,0.));
#7028 = DIRECTION('',(1.,0.));
#7029 = ( GEOMETRIC_REPRESENTATION_CONTEXT(2) 
PARAMETRIC_REPRESENTATION_CONTEXT() REPRESENTATION_CONTEXT('2D SPACE',''
  ) );
#7030 = PCURVE('',#7031,#7036);
#7031 = CYLINDRICAL_SURFACE('',#7032,0.85);
#7032 = AXIS2_PLACEMENT_3D('',#7033,#7034,#7035);
#7033 = CARTESIAN_POINT('',(114.375,47.8,0.8));
#7034 = DIRECTION('',(0.,0.,1.));
#7035 = DIRECTION('',(1.,0.,-0.));
#7036 = DEFINITIONAL_REPRESENTATION('',(#7037),#7041);
#7037 = LINE('',#7038,#7039);
#7038 = CARTESIAN_POINT('',(0.,5.2));
#7039 = VECTOR('',#7040,1.);
#7040 = DIRECTION('',(1.,0.));
#7041 = ( GEOMETRIC_REPRESENTATION_CONTEXT(2) 
PARAMETRIC_REPRESENTATION_CONTEXT() REPRESENTATION_CONTEXT('2D SPACE',''
  ) );
#7042 = ADVANCED_FACE('',(#7043),#4666,.T.);
#7043 = FACE_BOUND('',#7044,.T.);
#7044 = EDGE_LOOP('',(#7045,#7046,#7047,#7048));
#7045 = ORIENTED_EDGE('',*,*,#4750,.T.);
#7046 = ORIENTED_EDGE('',*,*,#4651,.F.);
#7047 = ORIENTED_EDGE('',*,*,#4703,.F.);
#7048 = ORIENTED_EDGE('',*,*,#4778,.F.);
#7049 = ADVANCED_FACE('',(#7050),#4841,.T.);
#7050 = FACE_BOUND('',#7051,.T.);
#7051 = EDGE_LOOP('',(#7052,#7053,#7054,#7055));
#7052 = ORIENTED_EDGE('',*,*,#4825,.F.);
#7053 = ORIENTED_EDGE('',*,*,#4946,.F.);
#7054 = ORIENTED_EDGE('',*,*,#4973,.T.);
#7055 = ORIENTED_EDGE('',*,*,#4898,.F.);
#7056 = ADVANCED_FACE('',(#7057),#5059,.T.);
#7057 = FACE_BOUND('',#7058,.T.);
#7058 = EDGE_LOOP('',(#7059,#7060,#7061,#7062));
#7059 = ORIENTED_EDGE('',*,*,#5148,.F.);
#7060 = ORIENTED_EDGE('',*,*,#5045,.T.);
#7061 = ORIENTED_EDGE('',*,*,#5099,.T.);
#7062 = ORIENTED_EDGE('',*,*,#5175,.F.);
#7063 = ADVANCED_FACE('',(#7064),#5287,.T.);
#7064 = FACE_BOUND('',#7065,.T.);
#7065 = EDGE_LOOP('',(#7066,#7067,#7068,#7069));
#7066 = ORIENTED_EDGE('',*,*,#5271,.F.);
#7067 = ORIENTED_EDGE('',*,*,#5392,.F.);
#7068 = ORIENTED_EDGE('',*,*,#5419,.T.);
#7069 = ORIENTED_EDGE('',*,*,#5344,.F.);
#7070 = ADVANCED_FACE('',(#7071,#7074),#5482,.T.);
#7071 = FACE_BOUND('',#7072,.T.);
#7072 = EDGE_LOOP('',(#7073));
#7073 = ORIENTED_EDGE('',*,*,#5467,.T.);
#7074 = FACE_BOUND('',#7075,.T.);
#7075 = EDGE_LOOP('',(#7076));
#7076 = ORIENTED_EDGE('',*,*,#7077,.F.);
#7077 = EDGE_CURVE('',#7078,#7078,#7080,.T.);
#7078 = VERTEX_POINT('',#7079);
#7079 = CARTESIAN_POINT('',(45.425,74.2,6.));
#7080 = SURFACE_CURVE('',#7081,(#7086,#7093),.PCURVE_S1.);
#7081 = CIRCLE('',#7082,0.85);
#7082 = AXIS2_PLACEMENT_3D('',#7083,#7084,#7085);
#7083 = CARTESIAN_POINT('',(44.575,74.2,6.));
#7084 = DIRECTION('',(0.,0.,1.));
#7085 = DIRECTION('',(1.,0.,-0.));
#7086 = PCURVE('',#5482,#7087);
#7087 = DEFINITIONAL_REPRESENTATION('',(#7088),#7092);
#7088 = CIRCLE('',#7089,0.85);
#7089 = AXIS2_PLACEMENT_2D('',#7090,#7091);
#7090 = CARTESIAN_POINT('',(0.,0.));
#7091 = DIRECTION('',(1.,0.));
#7092 = ( GEOMETRIC_REPRESENTATION_CONTEXT(2) 
PARAMETRIC_REPRESENTATION_CONTEXT() REPRESENTATION_CONTEXT('2D SPACE',''
  ) );
#7093 = PCURVE('',#7094,#7099);
#7094 = CYLINDRICAL_SURFACE('',#7095,0.85);
#7095 = AXIS2_PLACEMENT_3D('',#7096,#7097,#7098);
#7096 = CARTESIAN_POINT('',(44.575,74.2,0.8));
#7097 = DIRECTION('',(0.,0.,1.));
#7098 = DIRECTION('',(1.,0.,-0.));
#7099 = DEFINITIONAL_REPRESENTATION('',(#7100),#7104);
#7100 = LINE('',#7101,#7102);
#7101 = CARTESIAN_POINT('',(0.,5.2));
#7102 = VECTOR('',#7103,1.);
#7103 = DIRECTION('',(1.,0.));
#7104 = ( GEOMETRIC_REPRESENTATION_CONTEXT(2) 
PARAMETRIC_REPRESENTATION_CONTEXT() REPRESENTATION_CONTEXT('2D SPACE',''
  ) );
#7105 = ADVANCED_FACE('',(#7106),#5587,.T.);
#7106 = FACE_BOUND('',#7107,.T.);
#7107 = EDGE_LOOP('',(#7108,#7109,#7110,#7111));
#7108 = ORIENTED_EDGE('',*,*,#5571,.F.);
#7109 = ORIENTED_EDGE('',*,*,#5689,.F.);
#7110 = ORIENTED_EDGE('',*,*,#5716,.T.);
#7111 = ORIENTED_EDGE('',*,*,#5621,.T.);
#7112 = ADVANCED_FACE('',(#7113,#7116),#5779,.T.);
#7113 = FACE_BOUND('',#7114,.T.);
#7114 = EDGE_LOOP('',(#7115));
#7115 = ORIENTED_EDGE('',*,*,#5764,.T.);
#7116 = FACE_BOUND('',#7117,.T.);
#7117 = EDGE_LOOP('',(#7118));
#7118 = ORIENTED_EDGE('',*,*,#7119,.F.);
#7119 = EDGE_CURVE('',#7120,#7120,#7122,.T.);
#7120 = VERTEX_POINT('',#7121);
#7121 = CARTESIAN_POINT('',(115.225,74.2,6.));
#7122 = SURFACE_CURVE('',#7123,(#7128,#7135),.PCURVE_S1.);
#7123 = CIRCLE('',#7124,0.85);
#7124 = AXIS2_PLACEMENT_3D('',#7125,#7126,#7127);
#7125 = CARTESIAN_POINT('',(114.375,74.2,6.));
#7126 = DIRECTION('',(0.,0.,1.));
#7127 = DIRECTION('',(1.,0.,-0.));
#7128 = PCURVE('',#5779,#7129);
#7129 = DEFINITIONAL_REPRESENTATION('',(#7130),#7134);
#7130 = CIRCLE('',#7131,0.85);
#7131 = AXIS2_PLACEMENT_2D('',#7132,#7133);
#7132 = CARTESIAN_POINT('',(0.,0.));
#7133 = DIRECTION('',(1.,0.));
#7134 = ( GEOMETRIC_REPRESENTATION_CONTEXT(2) 
PARAMETRIC_REPRESENTATION_CONTEXT() REPRESENTATION_CONTEXT('2D SPACE',''
  ) );
#7135 = PCURVE('',#7136,#7141);
#7136 = CYLINDRICAL_SURFACE('',#7137,0.85);
#7137 = AXIS2_PLACEMENT_3D('',#7138,#7139,#7140);
#7138 = CARTESIAN_POINT('',(114.375,74.2,0.8));
#7139 = DIRECTION('',(0.,0.,1.));
#7140 = DIRECTION('',(1.,0.,-0.));
#7141 = DEFINITIONAL_REPRESENTATION('',(#7142),#7146);
#7142 = LINE('',#7143,#7144);
#7143 = CARTESIAN_POINT('',(0.,5.2));
#7144 = VECTOR('',#7145,1.);
#7145 = DIRECTION('',(1.,0.));
#7146 = ( GEOMETRIC_REPRESENTATION_CONTEXT(2) 
PARAMETRIC_REPRESENTATION_CONTEXT() REPRESENTATION_CONTEXT('2D SPACE',''
  ) );
#7147 = ADVANCED_FACE('',(#7148),#5834,.T.);
#7148 = FACE_BOUND('',#7149,.T.);
#7149 = EDGE_LOOP('',(#7150,#7151,#7152,#7153));
#7150 = ORIENTED_EDGE('',*,*,#5818,.F.);
#7151 = ORIENTED_EDGE('',*,*,#5916,.F.);
#7152 = ORIENTED_EDGE('',*,*,#5963,.T.);
#7153 = ORIENTED_EDGE('',*,*,#5891,.F.);
#7154 = ADVANCED_FACE('',(#7155),#6076,.T.);
#7155 = FACE_BOUND('',#7156,.T.);
#7156 = EDGE_LOOP('',(#7157,#7158,#7159,#7160));
#7157 = ORIENTED_EDGE('',*,*,#6060,.F.);
#7158 = ORIENTED_EDGE('',*,*,#6181,.F.);
#7159 = ORIENTED_EDGE('',*,*,#6208,.T.);
#7160 = ORIENTED_EDGE('',*,*,#6133,.F.);
#7161 = ADVANCED_FACE('',(#7162),#6473,.F.);
#7162 = FACE_BOUND('',#7163,.F.);
#7163 = EDGE_LOOP('',(#7164));
#7164 = ORIENTED_EDGE('',*,*,#6458,.T.);
#7165 = ADVANCED_FACE('',(#7166),#6609,.F.);
#7166 = FACE_BOUND('',#7167,.F.);
#7167 = EDGE_LOOP('',(#7168));
#7168 = ORIENTED_EDGE('',*,*,#6594,.T.);
#7169 = ADVANCED_FACE('',(#7170),#6664,.F.);
#7170 = FACE_BOUND('',#7171,.F.);
#7171 = EDGE_LOOP('',(#7172));
#7172 = ORIENTED_EDGE('',*,*,#6649,.T.);
#7173 = ADVANCED_FACE('',(#7174),#6800,.F.);
#7174 = FACE_BOUND('',#7175,.F.);
#7175 = EDGE_LOOP('',(#7176));
#7176 = ORIENTED_EDGE('',*,*,#6785,.T.);
#7177 = ADVANCED_FACE('',(#7178),#6905,.F.);
#7178 = FACE_BOUND('',#7179,.F.);
#7179 = EDGE_LOOP('',(#7180,#7181,#7204,#7231));
#7180 = ORIENTED_EDGE('',*,*,#6888,.F.);
#7181 = ORIENTED_EDGE('',*,*,#7182,.F.);
#7182 = EDGE_CURVE('',#7183,#6889,#7185,.T.);
#7183 = VERTEX_POINT('',#7184);
#7184 = CARTESIAN_POINT('',(45.425,47.8,0.8));
#7185 = SEAM_CURVE('',#7186,(#7190,#7197),.PCURVE_S1.);
#7186 = LINE('',#7187,#7188);
#7187 = CARTESIAN_POINT('',(45.425,47.8,0.8));
#7188 = VECTOR('',#7189,1.);
#7189 = DIRECTION('',(0.,0.,1.));
#7190 = PCURVE('',#6905,#7191);
#7191 = DEFINITIONAL_REPRESENTATION('',(#7192),#7196);
#7192 = LINE('',#7193,#7194);
#7193 = CARTESIAN_POINT('',(6.28318530718,-0.));
#7194 = VECTOR('',#7195,1.);
#7195 = DIRECTION('',(0.,1.));
#7196 = ( GEOMETRIC_REPRESENTATION_CONTEXT(2) 
PARAMETRIC_REPRESENTATION_CONTEXT() REPRESENTATION_CONTEXT('2D SPACE',''
  ) );
#7197 = PCURVE('',#6905,#7198);
#7198 = DEFINITIONAL_REPRESENTATION('',(#7199),#7203);
#7199 = LINE('',#7200,#7201);
#7200 = CARTESIAN_POINT('',(0.,-0.));
#7201 = VECTOR('',#7202,1.);
#7202 = DIRECTION('',(0.,1.));
#7203 = ( GEOMETRIC_REPRESENTATION_CONTEXT(2) 
PARAMETRIC_REPRESENTATION_CONTEXT() REPRESENTATION_CONTEXT('2D SPACE',''
  ) );
#7204 = ORIENTED_EDGE('',*,*,#7205,.T.);
#7205 = EDGE_CURVE('',#7183,#7183,#7206,.T.);
#7206 = SURFACE_CURVE('',#7207,(#7212,#7219),.PCURVE_S1.);
#7207 = CIRCLE('',#7208,0.85);
#7208 = AXIS2_PLACEMENT_3D('',#7209,#7210,#7211);
#7209 = CARTESIAN_POINT('',(44.575,47.8,0.8));
#7210 = DIRECTION('',(0.,0.,1.));
#7211 = DIRECTION('',(1.,0.,-0.));
#7212 = PCURVE('',#6905,#7213);
#7213 = DEFINITIONAL_REPRESENTATION('',(#7214),#7218);
#7214 = LINE('',#7215,#7216);
#7215 = CARTESIAN_POINT('',(0.,0.));
#7216 = VECTOR('',#7217,1.);
#7217 = DIRECTION('',(1.,0.));
#7218 = ( GEOMETRIC_REPRESENTATION_CONTEXT(2) 
PARAMETRIC_REPRESENTATION_CONTEXT() REPRESENTATION_CONTEXT('2D SPACE',''
  ) );
#7219 = PCURVE('',#7220,#7225);
#7220 = PLANE('',#7221);
#7221 = AXIS2_PLACEMENT_3D('',#7222,#7223,#7224);
#7222 = CARTESIAN_POINT('',(44.575,47.8,0.8));
#7223 = DIRECTION('',(0.,0.,1.));
#7224 = DIRECTION('',(1.,0.,-0.));
#7225 = DEFINITIONAL_REPRESENTATION('',(#7226),#7230);
#7226 = CIRCLE('',#7227,0.85);
#7227 = AXIS2_PLACEMENT_2D('',#7228,#7229);
#7228 = CARTESIAN_POINT('',(0.,0.));
#7229 = DIRECTION('',(1.,0.));
#7230 = ( GEOMETRIC_REPRESENTATION_CONTEXT(2) 
PARAMETRIC_REPRESENTATION_CONTEXT() REPRESENTATION_CONTEXT('2D SPACE',''
  ) );
#7231 = ORIENTED_EDGE('',*,*,#7182,.T.);
#7232 = ADVANCED_FACE('',(#7233),#6947,.F.);
#7233 = FACE_BOUND('',#7234,.F.);
#7234 = EDGE_LOOP('',(#7235,#7236,#7259,#7286));
#7235 = ORIENTED_EDGE('',*,*,#6930,.F.);
#7236 = ORIENTED_EDGE('',*,*,#7237,.F.);
#7237 = EDGE_CURVE('',#7238,#6931,#7240,.T.);
#7238 = VERTEX_POINT('',#7239);
#7239 = CARTESIAN_POINT('',(74.625,45.9,0.8));
#7240 = SEAM_CURVE('',#7241,(#7245,#7252),.PCURVE_S1.);
#7241 = LINE('',#7242,#7243);
#7242 = CARTESIAN_POINT('',(74.625,45.9,0.8));
#7243 = VECTOR('',#7244,1.);
#7244 = DIRECTION('',(0.,0.,1.));
#7245 = PCURVE('',#6947,#7246);
#7246 = DEFINITIONAL_REPRESENTATION('',(#7247),#7251);
#7247 = LINE('',#7248,#7249);
#7248 = CARTESIAN_POINT('',(6.28318530718,-0.));
#7249 = VECTOR('',#7250,1.);
#7250 = DIRECTION('',(0.,1.));
#7251 = ( GEOMETRIC_REPRESENTATION_CONTEXT(2) 
PARAMETRIC_REPRESENTATION_CONTEXT() REPRESENTATION_CONTEXT('2D SPACE',''
  ) );
#7252 = PCURVE('',#6947,#7253);
#7253 = DEFINITIONAL_REPRESENTATION('',(#7254),#7258);
#7254 = LINE('',#7255,#7256);
#7255 = CARTESIAN_POINT('',(0.,-0.));
#7256 = VECTOR('',#7257,1.);
#7257 = DIRECTION('',(0.,1.));
#7258 = ( GEOMETRIC_REPRESENTATION_CONTEXT(2) 
PARAMETRIC_REPRESENTATION_CONTEXT() REPRESENTATION_CONTEXT('2D SPACE',''
  ) );
#7259 = ORIENTED_EDGE('',*,*,#7260,.T.);
#7260 = EDGE_CURVE('',#7238,#7238,#7261,.T.);
#7261 = SURFACE_CURVE('',#7262,(#7267,#7274),.PCURVE_S1.);
#7262 = CIRCLE('',#7263,0.85);
#7263 = AXIS2_PLACEMENT_3D('',#7264,#7265,#7266);
#7264 = CARTESIAN_POINT('',(73.775,45.9,0.8));
#7265 = DIRECTION('',(0.,0.,1.));
#7266 = DIRECTION('',(1.,0.,-0.));
#7267 = PCURVE('',#6947,#7268);
#7268 = DEFINITIONAL_REPRESENTATION('',(#7269),#7273);
#7269 = LINE('',#7270,#7271);
#7270 = CARTESIAN_POINT('',(0.,0.));
#7271 = VECTOR('',#7272,1.);
#7272 = DIRECTION('',(1.,0.));
#7273 = ( GEOMETRIC_REPRESENTATION_CONTEXT(2) 
PARAMETRIC_REPRESENTATION_CONTEXT() REPRESENTATION_CONTEXT('2D SPACE',''
  ) );
#7274 = PCURVE('',#7275,#7280);
#7275 = PLANE('',#7276);
#7276 = AXIS2_PLACEMENT_3D('',#7277,#7278,#7279);
#7277 = CARTESIAN_POINT('',(73.775,45.9,0.8));
#7278 = DIRECTION('',(0.,0.,1.));
#7279 = DIRECTION('',(1.,0.,-0.));
#7280 = DEFINITIONAL_REPRESENTATION('',(#7281),#7285);
#7281 = CIRCLE('',#7282,0.85);
#7282 = AXIS2_PLACEMENT_2D('',#7283,#7284);
#7283 = CARTESIAN_POINT('',(0.,0.));
#7284 = DIRECTION('',(1.,0.));
#7285 = ( GEOMETRIC_REPRESENTATION_CONTEXT(2) 
PARAMETRIC_REPRESENTATION_CONTEXT() REPRESENTATION_CONTEXT('2D SPACE',''
  ) );
#7286 = ORIENTED_EDGE('',*,*,#7237,.T.);
#7287 = ADVANCED_FACE('',(#7288),#6996,.F.);
#7288 = FACE_BOUND('',#7289,.F.);
#7289 = EDGE_LOOP('',(#7290,#7291,#7314,#7341));
#7290 = ORIENTED_EDGE('',*,*,#6979,.F.);
#7291 = ORIENTED_EDGE('',*,*,#7292,.F.);
#7292 = EDGE_CURVE('',#7293,#6980,#7295,.T.);
#7293 = VERTEX_POINT('',#7294);
#7294 = CARTESIAN_POINT('',(86.025,45.9,0.8));
#7295 = SEAM_CURVE('',#7296,(#7300,#7307),.PCURVE_S1.);
#7296 = LINE('',#7297,#7298);
#7297 = CARTESIAN_POINT('',(86.025,45.9,0.8));
#7298 = VECTOR('',#7299,1.);
#7299 = DIRECTION('',(0.,0.,1.));
#7300 = PCURVE('',#6996,#7301);
#7301 = DEFINITIONAL_REPRESENTATION('',(#7302),#7306);
#7302 = LINE('',#7303,#7304);
#7303 = CARTESIAN_POINT('',(6.28318530718,-0.));
#7304 = VECTOR('',#7305,1.);
#7305 = DIRECTION('',(0.,1.));
#7306 = ( GEOMETRIC_REPRESENTATION_CONTEXT(2) 
PARAMETRIC_REPRESENTATION_CONTEXT() REPRESENTATION_CONTEXT('2D SPACE',''
  ) );
#7307 = PCURVE('',#6996,#7308);
#7308 = DEFINITIONAL_REPRESENTATION('',(#7309),#7313);
#7309 = LINE('',#7310,#7311);
#7310 = CARTESIAN_POINT('',(0.,-0.));
#7311 = VECTOR('',#7312,1.);
#7312 = DIRECTION('',(0.,1.));
#7313 = ( GEOMETRIC_REPRESENTATION_CONTEXT(2) 
PARAMETRIC_REPRESENTATION_CONTEXT() REPRESENTATION_CONTEXT('2D SPACE',''
  ) );
#7314 = ORIENTED_EDGE('',*,*,#7315,.T.);
#7315 = EDGE_CURVE('',#7293,#7293,#7316,.T.);
#7316 = SURFACE_CURVE('',#7317,(#7322,#7329),.PCURVE_S1.);
#7317 = CIRCLE('',#7318,0.85);
#7318 = AXIS2_PLACEMENT_3D('',#7319,#7320,#7321);
#7319 = CARTESIAN_POINT('',(85.175,45.9,0.8));
#7320 = DIRECTION('',(0.,0.,1.));
#7321 = DIRECTION('',(1.,0.,-0.));
#7322 = PCURVE('',#6996,#7323);
#7323 = DEFINITIONAL_REPRESENTATION('',(#7324),#7328);
#7324 = LINE('',#7325,#7326);
#7325 = CARTESIAN_POINT('',(0.,0.));
#7326 = VECTOR('',#7327,1.);
#7327 = DIRECTION('',(1.,0.));
#7328 = ( GEOMETRIC_REPRESENTATION_CONTEXT(2) 
PARAMETRIC_REPRESENTATION_CONTEXT() REPRESENTATION_CONTEXT('2D SPACE',''
  ) );
#7329 = PCURVE('',#7330,#7335);
#7330 = PLANE('',#7331);
#7331 = AXIS2_PLACEMENT_3D('',#7332,#7333,#7334);
#7332 = CARTESIAN_POINT('',(85.175,45.9,0.8));
#7333 = DIRECTION('',(0.,0.,1.));
#7334 = DIRECTION('',(1.,0.,-0.));
#7335 = DEFINITIONAL_REPRESENTATION('',(#7336),#7340);
#7336 = CIRCLE('',#7337,0.85);
#7337 = AXIS2_PLACEMENT_2D('',#7338,#7339);
#7338 = CARTESIAN_POINT('',(0.,0.));
#7339 = DIRECTION('',(1.,0.));
#7340 = ( GEOMETRIC_REPRESENTATION_CONTEXT(2) 
PARAMETRIC_REPRESENTATION_CONTEXT() REPRESENTATION_CONTEXT('2D SPACE',''
  ) );
#7341 = ORIENTED_EDGE('',*,*,#7292,.T.);
#7342 = ADVANCED_FACE('',(#7343),#7031,.F.);
#7343 = FACE_BOUND('',#7344,.F.);
#7344 = EDGE_LOOP('',(#7345,#7346,#7369,#7396));
#7345 = ORIENTED_EDGE('',*,*,#7014,.F.);
#7346 = ORIENTED_EDGE('',*,*,#7347,.F.);
#7347 = EDGE_CURVE('',#7348,#7015,#7350,.T.);
#7348 = VERTEX_POINT('',#7349);
#7349 = CARTESIAN_POINT('',(115.225,47.8,0.8));
#7350 = SEAM_CURVE('',#7351,(#7355,#7362),.PCURVE_S1.);
#7351 = LINE('',#7352,#7353);
#7352 = CARTESIAN_POINT('',(115.225,47.8,0.8));
#7353 = VECTOR('',#7354,1.);
#7354 = DIRECTION('',(0.,0.,1.));
#7355 = PCURVE('',#7031,#7356);
#7356 = DEFINITIONAL_REPRESENTATION('',(#7357),#7361);
#7357 = LINE('',#7358,#7359);
#7358 = CARTESIAN_POINT('',(6.28318530718,-0.));
#7359 = VECTOR('',#7360,1.);
#7360 = DIRECTION('',(0.,1.));
#7361 = ( GEOMETRIC_REPRESENTATION_CONTEXT(2) 
PARAMETRIC_REPRESENTATION_CONTEXT() REPRESENTATION_CONTEXT('2D SPACE',''
  ) );
#7362 = PCURVE('',#7031,#7363);
#7363 = DEFINITIONAL_REPRESENTATION('',(#7364),#7368);
#7364 = LINE('',#7365,#7366);
#7365 = CARTESIAN_POINT('',(0.,-0.));
#7366 = VECTOR('',#7367,1.);
#7367 = DIRECTION('',(0.,1.));
#7368 = ( GEOMETRIC_REPRESENTATION_CONTEXT(2) 
PARAMETRIC_REPRESENTATION_CONTEXT() REPRESENTATION_CONTEXT('2D SPACE',''
  ) );
#7369 = ORIENTED_EDGE('',*,*,#7370,.T.);
#7370 = EDGE_CURVE('',#7348,#7348,#7371,.T.);
#7371 = SURFACE_CURVE('',#7372,(#7377,#7384),.PCURVE_S1.);
#7372 = CIRCLE('',#7373,0.85);
#7373 = AXIS2_PLACEMENT_3D('',#7374,#7375,#7376);
#7374 = CARTESIAN_POINT('',(114.375,47.8,0.8));
#7375 = DIRECTION('',(0.,0.,1.));
#7376 = DIRECTION('',(1.,0.,-0.));
#7377 = PCURVE('',#7031,#7378);
#7378 = DEFINITIONAL_REPRESENTATION('',(#7379),#7383);
#7379 = LINE('',#7380,#7381);
#7380 = CARTESIAN_POINT('',(0.,0.));
#7381 = VECTOR('',#7382,1.);
#7382 = DIRECTION('',(1.,0.));
#7383 = ( GEOMETRIC_REPRESENTATION_CONTEXT(2) 
PARAMETRIC_REPRESENTATION_CONTEXT() REPRESENTATION_CONTEXT('2D SPACE',''
  ) );
#7384 = PCURVE('',#7385,#7390);
#7385 = PLANE('',#7386);
#7386 = AXIS2_PLACEMENT_3D('',#7387,#7388,#7389);
#7387 = CARTESIAN_POINT('',(114.375,47.8,0.8));
#7388 = DIRECTION('',(0.,0.,1.));
#7389 = DIRECTION('',(1.,0.,-0.));
#7390 = DEFINITIONAL_REPRESENTATION('',(#7391),#7395);
#7391 = CIRCLE('',#7392,0.85);
#7392 = AXIS2_PLACEMENT_2D('',#7393,#7394);
#7393 = CARTESIAN_POINT('',(0.,0.));
#7394 = DIRECTION('',(1.,0.));
#7395 = ( GEOMETRIC_REPRESENTATION_CONTEXT(2) 
PARAMETRIC_REPRESENTATION_CONTEXT() REPRESENTATION_CONTEXT('2D SPACE',''
  ) );
#7396 = ORIENTED_EDGE('',*,*,#7347,.T.);
#7397 = ADVANCED_FACE('',(#7398),#7094,.F.);
#7398 = FACE_BOUND('',#7399,.F.);
#7399 = EDGE_LOOP('',(#7400,#7401,#7424,#7451));
#7400 = ORIENTED_EDGE('',*,*,#7077,.F.);
#7401 = ORIENTED_EDGE('',*,*,#7402,.F.);
#7402 = EDGE_CURVE('',#7403,#7078,#7405,.T.);
#7403 = VERTEX_POINT('',#7404);
#7404 = CARTESIAN_POINT('',(45.425,74.2,0.8));
#7405 = SEAM_CURVE('',#7406,(#7410,#7417),.PCURVE_S1.);
#7406 = LINE('',#7407,#7408);
#7407 = CARTESIAN_POINT('',(45.425,74.2,0.8));
#7408 = VECTOR('',#7409,1.);
#7409 = DIRECTION('',(0.,0.,1.));
#7410 = PCURVE('',#7094,#7411);
#7411 = DEFINITIONAL_REPRESENTATION('',(#7412),#7416);
#7412 = LINE('',#7413,#7414);
#7413 = CARTESIAN_POINT('',(6.28318530718,-0.));
#7414 = VECTOR('',#7415,1.);
#7415 = DIRECTION('',(0.,1.));
#7416 = ( GEOMETRIC_REPRESENTATION_CONTEXT(2) 
PARAMETRIC_REPRESENTATION_CONTEXT() REPRESENTATION_CONTEXT('2D SPACE',''
  ) );
#7417 = PCURVE('',#7094,#7418);
#7418 = DEFINITIONAL_REPRESENTATION('',(#7419),#7423);
#7419 = LINE('',#7420,#7421);
#7420 = CARTESIAN_POINT('',(0.,-0.));
#7421 = VECTOR('',#7422,1.);
#7422 = DIRECTION('',(0.,1.));
#7423 = ( GEOMETRIC_REPRESENTATION_CONTEXT(2) 
PARAMETRIC_REPRESENTATION_CONTEXT() REPRESENTATION_CONTEXT('2D SPACE',''
  ) );
#7424 = ORIENTED_EDGE('',*,*,#7425,.T.);
#7425 = EDGE_CURVE('',#7403,#7403,#7426,.T.);
#7426 = SURFACE_CURVE('',#7427,(#7432,#7439),.PCURVE_S1.);
#7427 = CIRCLE('',#7428,0.85);
#7428 = AXIS2_PLACEMENT_3D('',#7429,#7430,#7431);
#7429 = CARTESIAN_POINT('',(44.575,74.2,0.8));
#7430 = DIRECTION('',(0.,0.,1.));
#7431 = DIRECTION('',(1.,0.,-0.));
#7432 = PCURVE('',#7094,#7433);
#7433 = DEFINITIONAL_REPRESENTATION('',(#7434),#7438);
#7434 = LINE('',#7435,#7436);
#7435 = CARTESIAN_POINT('',(0.,0.));
#7436 = VECTOR('',#7437,1.);
#7437 = DIRECTION('',(1.,0.));
#7438 = ( GEOMETRIC_REPRESENTATION_CONTEXT(2) 
PARAMETRIC_REPRESENTATION_CONTEXT() REPRESENTATION_CONTEXT('2D SPACE',''
  ) );
#7439 = PCURVE('',#7440,#7445);
#7440 = PLANE('',#7441);
#7441 = AXIS2_PLACEMENT_3D('',#7442,#7443,#7444);
#7442 = CARTESIAN_POINT('',(44.575,74.2,0.8));
#7443 = DIRECTION('',(0.,0.,1.));
#7444 = DIRECTION('',(1.,0.,-0.));
#7445 = DEFINITIONAL_REPRESENTATION('',(#7446),#7450);
#7446 = CIRCLE('',#7447,0.85);
#7447 = AXIS2_PLACEMENT_2D('',#7448,#7449);
#7448 = CARTESIAN_POINT('',(0.,0.));
#7449 = DIRECTION('',(1.,0.));
#7450 = ( GEOMETRIC_REPRESENTATION_CONTEXT(2) 
PARAMETRIC_REPRESENTATION_CONTEXT() REPRESENTATION_CONTEXT('2D SPACE',''
  ) );
#7451 = ORIENTED_EDGE('',*,*,#7402,.T.);
#7452 = ADVANCED_FACE('',(#7453),#7136,.F.);
#7453 = FACE_BOUND('',#7454,.F.);
#7454 = EDGE_LOOP('',(#7455,#7456,#7479,#7506));
#7455 = ORIENTED_EDGE('',*,*,#7119,.F.);
#7456 = ORIENTED_EDGE('',*,*,#7457,.F.);
#7457 = EDGE_CURVE('',#7458,#7120,#7460,.T.);
#7458 = VERTEX_POINT('',#7459);
#7459 = CARTESIAN_POINT('',(115.225,74.2,0.8));
#7460 = SEAM_CURVE('',#7461,(#7465,#7472),.PCURVE_S1.);
#7461 = LINE('',#7462,#7463);
#7462 = CARTESIAN_POINT('',(115.225,74.2,0.8));
#7463 = VECTOR('',#7464,1.);
#7464 = DIRECTION('',(0.,0.,1.));
#7465 = PCURVE('',#7136,#7466);
#7466 = DEFINITIONAL_REPRESENTATION('',(#7467),#7471);
#7467 = LINE('',#7468,#7469);
#7468 = CARTESIAN_POINT('',(6.28318530718,-0.));
#7469 = VECTOR('',#7470,1.);
#7470 = DIRECTION('',(0.,1.));
#7471 = ( GEOMETRIC_REPRESENTATION_CONTEXT(2) 
PARAMETRIC_REPRESENTATION_CONTEXT() REPRESENTATION_CONTEXT('2D SPACE',''
  ) );
#7472 = PCURVE('',#7136,#7473);
#7473 = DEFINITIONAL_REPRESENTATION('',(#7474),#7478);
#7474 = LINE('',#7475,#7476);
#7475 = CARTESIAN_POINT('',(0.,-0.));
#7476 = VECTOR('',#7477,1.);
#7477 = DIRECTION('',(0.,1.));
#7478 = ( GEOMETRIC_REPRESENTATION_CONTEXT(2) 
PARAMETRIC_REPRESENTATION_CONTEXT() REPRESENTATION_CONTEXT('2D SPACE',''
  ) );
#7479 = ORIENTED_EDGE('',*,*,#7480,.T.);
#7480 = EDGE_CURVE('',#7458,#7458,#7481,.T.);
#7481 = SURFACE_CURVE('',#7482,(#7487,#7494),.PCURVE_S1.);
#7482 = CIRCLE('',#7483,0.85);
#7483 = AXIS2_PLACEMENT_3D('',#7484,#7485,#7486);
#7484 = CARTESIAN_POINT('',(114.375,74.2,0.8));
#7485 = DIRECTION('',(0.,0.,1.));
#7486 = DIRECTION('',(1.,0.,-0.));
#7487 = PCURVE('',#7136,#7488);
#7488 = DEFINITIONAL_REPRESENTATION('',(#7489),#7493);
#7489 = LINE('',#7490,#7491);
#7490 = CARTESIAN_POINT('',(0.,0.));
#7491 = VECTOR('',#7492,1.);
#7492 = DIRECTION('',(1.,0.));
#7493 = ( GEOMETRIC_REPRESENTATION_CONTEXT(2) 
PARAMETRIC_REPRESENTATION_CONTEXT() REPRESENTATION_CONTEXT('2D SPACE',''
  ) );
#7494 = PCURVE('',#7495,#7500);
#7495 = PLANE('',#7496);
#7496 = AXIS2_PLACEMENT_3D('',#7497,#7498,#7499);
#7497 = CARTESIAN_POINT('',(114.375,74.2,0.8));
#7498 = DIRECTION('',(0.,0.,1.));
#7499 = DIRECTION('',(1.,0.,-0.));
#7500 = DEFINITIONAL_REPRESENTATION('',(#7501),#7505);
#7501 = CIRCLE('',#7502,0.85);
#7502 = AXIS2_PLACEMENT_2D('',#7503,#7504);
#7503 = CARTESIAN_POINT('',(0.,0.));
#7504 = DIRECTION('',(1.,0.));
#7505 = ( GEOMETRIC_REPRESENTATION_CONTEXT(2) 
PARAMETRIC_REPRESENTATION_CONTEXT() REPRESENTATION_CONTEXT('2D SPACE',''
  ) );
#7506 = ORIENTED_EDGE('',*,*,#7457,.T.);
#7507 = ADVANCED_FACE('',(#7508),#7220,.T.);
#7508 = FACE_BOUND('',#7509,.F.);
#7509 = EDGE_LOOP('',(#7510));
#7510 = ORIENTED_EDGE('',*,*,#7205,.F.);
#7511 = ADVANCED_FACE('',(#7512),#7275,.T.);
#7512 = FACE_BOUND('',#7513,.F.);
#7513 = EDGE_LOOP('',(#7514));
#7514 = ORIENTED_EDGE('',*,*,#7260,.F.);
#7515 = ADVANCED_FACE('',(#7516),#7330,.T.);
#7516 = FACE_BOUND('',#7517,.F.);
#7517 = EDGE_LOOP('',(#7518));
#7518 = ORIENTED_EDGE('',*,*,#7315,.F.);
#7519 = ADVANCED_FACE('',(#7520),#7385,.T.);
#7520 = FACE_BOUND('',#7521,.F.);
#7521 = EDGE_LOOP('',(#7522));
#7522 = ORIENTED_EDGE('',*,*,#7370,.F.);
#7523 = ADVANCED_FACE('',(#7524),#7440,.T.);
#7524 = FACE_BOUND('',#7525,.F.);
#7525 = EDGE_LOOP('',(#7526));
#7526 = ORIENTED_EDGE('',*,*,#7425,.F.);
#7527 = ADVANCED_FACE('',(#7528),#7495,.T.);
#7528 = FACE_BOUND('',#7529,.F.);
#7529 = EDGE_LOOP('',(#7530));
#7530 = ORIENTED_EDGE('',*,*,#7480,.F.);
#7531 = ( GEOMETRIC_REPRESENTATION_CONTEXT(3) 
GLOBAL_UNCERTAINTY_ASSIGNED_CONTEXT((#7535)) 
GLOBAL_UNIT_ASSIGNED_CONTEXT((#7532,#7533,#7534)) REPRESENTATION_CONTEXT
('Context #1','3D Context with UNIT and UNCERTAINTY') );
#7532 = ( LENGTH_UNIT() NAMED_UNIT(*) SI_UNIT(.MILLI.,.METRE.) );
#7533 = ( NAMED_UNIT(*) PLANE_ANGLE_UNIT() SI_UNIT($,.RADIAN.) );
#7534 = ( NAMED_UNIT(*) SI_UNIT($,.STERADIAN.) SOLID_ANGLE_UNIT() );
#7535 = UNCERTAINTY_MEASURE_WITH_UNIT(LENGTH_MEASURE(2.E-07),#7532,
  'distance_accuracy_value','confusion accuracy');
#7536 = PRODUCT_RELATED_PRODUCT_CATEGORY('part',$,(#7));
#7537 = MECHANICAL_DESIGN_GEOMETRIC_PRESENTATION_REPRESENTATION('',(
    #7538),#7531);
#7538 = STYLED_ITEM('color',(#7539),#15);
#7539 = PRESENTATION_STYLE_ASSIGNMENT((#7540,#7546));
#7540 = SURFACE_STYLE_USAGE(.BOTH.,#7541);
#7541 = SURFACE_SIDE_STYLE('',(#7542));
#7542 = SURFACE_STYLE_FILL_AREA(#7543);
#7543 = FILL_AREA_STYLE('',(#7544));
#7544 = FILL_AREA_STYLE_COLOUR('',#7545);
#7545 = COLOUR_RGB('',0.890196087049,0.878431359152,0.850980378684);
#7546 = CURVE_STYLE('',#7547,POSITIVE_LENGTH_MEASURE(0.1),#7545);
#7547 = DRAUGHTING_PRE_DEFINED_CURVE_FONT('continuous');
ENDSEC;
END-ISO-10303-21;
