ISO-10303-21;
HEADER;
FILE_DESCRIPTION(('Open CASCADE Model'),'2;1');
FILE_NAME('frame','2026-09-28T16:01:19',('Author'),('Open CASCADE'),
  'Open CASCADE STEP processor 8.0','build123d','Unknown');
FILE_SCHEMA(('AUTOMOTIVE_DESIGN { 1 0 10303 214 1 1 1 1 }'));
ENDSEC;
DATA;
#1 = APPLICATION_PROTOCOL_DEFINITION('international standard',
  'automotive_design',2000,#2);
#2 = APPLICATION_CONTEXT(
  'core data for automotive mechanical design processes');
#3 = SHAPE_DEFINITION_REPRESENTATION(#4,#10);
#4 = PRODUCT_DEFINITION_SHAPE('','',#5);
#5 = PRODUCT_DEFINITION('design','',#6,#9);
#6 = PRODUCT_DEFINITION_FORMATION('','',#7);
#7 = PRODUCT('frame','frame','',(#8));
#8 = PRODUCT_CONTEXT('',#2,'mechanical');
#9 = PRODUCT_DEFINITION_CONTEXT('part definition',#2,'design');
#10 = ADVANCED_BREP_SHAPE_REPRESENTATION('',(#11,#15),#4425);
#11 = AXIS2_PLACEMENT_3D('',#12,#13,#14);
#12 = CARTESIAN_POINT('',(0.,0.,0.));
#13 = DIRECTION('',(0.,0.,1.));
#14 = DIRECTION('',(1.,0.,-0.));
#15 = MANIFOLD_SOLID_BREP('',#16);
#16 = CLOSED_SHELL('',(#17,#137,#270,#347,#436,#523,#580,#649,#963,#1020
    ,#1622,#1684,#2439,#2515,#2540,#2565,#2668,#2744,#2794,#2843,#2893,
    #2942,#2992,#3041,#3069,#3094,#3142,#3167,#3194,#3237,#3262,#3287,
    #3312,#3337,#3362,#3388,#3413,#3439,#3464,#3489,#3752,#3777,#3802,
    #3827,#3834,#3858,#3915,#3939,#3966,#3993,#4000,#4209,#4256,#4283,
    #4310,#4337,#4364,#4391,#4418));
#17 = ADVANCED_FACE('',(#18),#32,.T.);
#18 = FACE_BOUND('',#19,.T.);
#19 = EDGE_LOOP('',(#20,#55,#83,#111));
#20 = ORIENTED_EDGE('',*,*,#21,.F.);
#21 = EDGE_CURVE('',#22,#24,#26,.T.);
#22 = VERTEX_POINT('',#23);
#23 = CARTESIAN_POINT('',(1.665334536938E-16,91.,3.5));
#24 = VERTEX_POINT('',#25);
#25 = CARTESIAN_POINT('',(4.31599200823E-14,91.,28.460908879099));
#26 = SURFACE_CURVE('',#27,(#31,#43),.PCURVE_S1.);
#27 = LINE('',#28,#29);
#28 = CARTESIAN_POINT('',(0.,91.,3.));
#29 = VECTOR('',#30,1.);
#30 = DIRECTION('',(0.,0.,1.));
#31 = PCURVE('',#32,#37);
#32 = PLANE('',#33);
#33 = AXIS2_PLACEMENT_3D('',#34,#35,#36);
#34 = CARTESIAN_POINT('',(0.,7.,3.));
#35 = DIRECTION('',(-1.,0.,0.));
#36 = DIRECTION('',(0.,1.,0.));
#37 = DEFINITIONAL_REPRESENTATION('',(#38),#42);
#38 = LINE('',#39,#40);
#39 = CARTESIAN_POINT('',(84.,0.));
#40 = VECTOR('',#41,1.);
#41 = DIRECTION('',(0.,-1.));
#42 = ( GEOMETRIC_REPRESENTATION_CONTEXT(2) 
PARAMETRIC_REPRESENTATION_CONTEXT() REPRESENTATION_CONTEXT('2D SPACE',''
  ) );
#43 = PCURVE('',#44,#49);
#44 = CYLINDRICAL_SURFACE('',#45,7.);
#45 = AXIS2_PLACEMENT_3D('',#46,#47,#48);
#46 = CARTESIAN_POINT('',(7.,91.,3.));
#47 = DIRECTION('',(-0.,-0.,-1.));
#48 = DIRECTION('',(1.,0.,0.));
#49 = DEFINITIONAL_REPRESENTATION('',(#50),#54);
#50 = LINE('',#51,#52);
#51 = CARTESIAN_POINT('',(-3.14159265359,0.));
#52 = VECTOR('',#53,1.);
#53 = DIRECTION('',(-0.,-1.));
#54 = ( GEOMETRIC_REPRESENTATION_CONTEXT(2) 
PARAMETRIC_REPRESENTATION_CONTEXT() REPRESENTATION_CONTEXT('2D SPACE',''
  ) );
#55 = ORIENTED_EDGE('',*,*,#56,.F.);
#56 = EDGE_CURVE('',#57,#22,#59,.T.);
#57 = VERTEX_POINT('',#58);
#58 = CARTESIAN_POINT('',(1.665334536938E-16,7.,3.5));
#59 = SURFACE_CURVE('',#60,(#64,#71),.PCURVE_S1.);
#60 = LINE('',#61,#62);
#61 = CARTESIAN_POINT('',(0.,7.,3.5));
#62 = VECTOR('',#63,1.);
#63 = DIRECTION('',(0.,1.,0.));
#64 = PCURVE('',#32,#65);
#65 = DEFINITIONAL_REPRESENTATION('',(#66),#70);
#66 = LINE('',#67,#68);
#67 = CARTESIAN_POINT('',(0.,-0.5));
#68 = VECTOR('',#69,1.);
#69 = DIRECTION('',(1.,0.));
#70 = ( GEOMETRIC_REPRESENTATION_CONTEXT(2) 
PARAMETRIC_REPRESENTATION_CONTEXT() REPRESENTATION_CONTEXT('2D SPACE',''
  ) );
#71 = PCURVE('',#72,#77);
#72 = PLANE('',#73);
#73 = AXIS2_PLACEMENT_3D('',#74,#75,#76);
#74 = CARTESIAN_POINT('',(0.25,7.,3.25));
#75 = DIRECTION('',(0.707106781187,0.,0.707106781187));
#76 = DIRECTION('',(0.,-1.,-0.));
#77 = DEFINITIONAL_REPRESENTATION('',(#78),#82);
#78 = LINE('',#79,#80);
#79 = CARTESIAN_POINT('',(-0.,-0.353553390593));
#80 = VECTOR('',#81,1.);
#81 = DIRECTION('',(-1.,0.));
#82 = ( GEOMETRIC_REPRESENTATION_CONTEXT(2) 
PARAMETRIC_REPRESENTATION_CONTEXT() REPRESENTATION_CONTEXT('2D SPACE',''
  ) );
#83 = ORIENTED_EDGE('',*,*,#84,.T.);
#84 = EDGE_CURVE('',#57,#85,#87,.T.);
#85 = VERTEX_POINT('',#86);
#86 = CARTESIAN_POINT('',(2.89490653671E-14,7.,13.649442499588));
#87 = SURFACE_CURVE('',#88,(#92,#99),.PCURVE_S1.);
#88 = LINE('',#89,#90);
#89 = CARTESIAN_POINT('',(0.,7.,3.));
#90 = VECTOR('',#91,1.);
#91 = DIRECTION('',(0.,0.,1.));
#92 = PCURVE('',#32,#93);
#93 = DEFINITIONAL_REPRESENTATION('',(#94),#98);
#94 = LINE('',#95,#96);
#95 = CARTESIAN_POINT('',(0.,0.));
#96 = VECTOR('',#97,1.);
#97 = DIRECTION('',(0.,-1.));
#98 = ( GEOMETRIC_REPRESENTATION_CONTEXT(2) 
PARAMETRIC_REPRESENTATION_CONTEXT() REPRESENTATION_CONTEXT('2D SPACE',''
  ) );
#99 = PCURVE('',#100,#105);
#100 = CYLINDRICAL_SURFACE('',#101,7.);
#101 = AXIS2_PLACEMENT_3D('',#102,#103,#104);
#102 = CARTESIAN_POINT('',(7.,7.,3.));
#103 = DIRECTION('',(-0.,-0.,-1.));
#104 = DIRECTION('',(1.,0.,0.));
#105 = DEFINITIONAL_REPRESENTATION('',(#106),#110);
#106 = LINE('',#107,#108);
#107 = CARTESIAN_POINT('',(-3.14159265359,0.));
#108 = VECTOR('',#109,1.);
#109 = DIRECTION('',(-0.,-1.));
#110 = ( GEOMETRIC_REPRESENTATION_CONTEXT(2) 
PARAMETRIC_REPRESENTATION_CONTEXT() REPRESENTATION_CONTEXT('2D SPACE',''
  ) );
#111 = ORIENTED_EDGE('',*,*,#112,.T.);
#112 = EDGE_CURVE('',#85,#24,#113,.T.);
#113 = SURFACE_CURVE('',#114,(#118,#125),.PCURVE_S1.);
#114 = LINE('',#115,#116);
#115 = CARTESIAN_POINT('',(2.84217094304E-14,7.086824088833,
    13.664751929024));
#116 = VECTOR('',#117,1.);
#117 = DIRECTION('',(0.,0.984807753012,0.173648177667));
#118 = PCURVE('',#32,#119);
#119 = DEFINITIONAL_REPRESENTATION('',(#120),#124);
#120 = LINE('',#121,#122);
#121 = CARTESIAN_POINT('',(8.682408883349E-02,-10.66475192902));
#122 = VECTOR('',#123,1.);
#123 = DIRECTION('',(0.984807753012,-0.173648177667));
#124 = ( GEOMETRIC_REPRESENTATION_CONTEXT(2) 
PARAMETRIC_REPRESENTATION_CONTEXT() REPRESENTATION_CONTEXT('2D SPACE',''
  ) );
#125 = PCURVE('',#126,#131);
#126 = PLANE('',#127);
#127 = AXIS2_PLACEMENT_3D('',#128,#129,#130);
#128 = CARTESIAN_POINT('',(0.25,7.043412044417,13.910953867277));
#129 = DIRECTION('',(-0.707106781187,-0.122787803969,0.69636424032));
#130 = DIRECTION('',(-1.665334536938E-16,-0.984807753012,-0.173648177667
    ));
#131 = DEFINITIONAL_REPRESENTATION('',(#132),#136);
#132 = LINE('',#133,#134);
#133 = CARTESIAN_POINT('',(-0.,-0.353553390593));
#134 = VECTOR('',#135,1.);
#135 = DIRECTION('',(-1.,0.));
#136 = ( GEOMETRIC_REPRESENTATION_CONTEXT(2) 
PARAMETRIC_REPRESENTATION_CONTEXT() REPRESENTATION_CONTEXT('2D SPACE',''
  ) );
#137 = ADVANCED_FACE('',(#138),#44,.T.);
#138 = FACE_BOUND('',#139,.F.);
#139 = EDGE_LOOP('',(#140,#141,#170,#198));
#140 = ORIENTED_EDGE('',*,*,#21,.F.);
#141 = ORIENTED_EDGE('',*,*,#142,.T.);
#142 = EDGE_CURVE('',#22,#143,#145,.T.);
#143 = VERTEX_POINT('',#144);
#144 = CARTESIAN_POINT('',(7.,98.,3.5));
#145 = SURFACE_CURVE('',#146,(#151,#158),.PCURVE_S1.);
#146 = CIRCLE('',#147,7.);
#147 = AXIS2_PLACEMENT_3D('',#148,#149,#150);
#148 = CARTESIAN_POINT('',(7.,91.,3.5));
#149 = DIRECTION('',(-0.,0.,-1.));
#150 = DIRECTION('',(-1.,0.,0.));
#151 = PCURVE('',#44,#152);
#152 = DEFINITIONAL_REPRESENTATION('',(#153),#157);
#153 = LINE('',#154,#155);
#154 = CARTESIAN_POINT('',(-3.14159265359,-0.5));
#155 = VECTOR('',#156,1.);
#156 = DIRECTION('',(1.,-0.));
#157 = ( GEOMETRIC_REPRESENTATION_CONTEXT(2) 
PARAMETRIC_REPRESENTATION_CONTEXT() REPRESENTATION_CONTEXT('2D SPACE',''
  ) );
#158 = PCURVE('',#159,#164);
#159 = CONICAL_SURFACE('',#160,7.,0.785398163397);
#160 = AXIS2_PLACEMENT_3D('',#161,#162,#163);
#161 = CARTESIAN_POINT('',(7.,91.,3.5));
#162 = DIRECTION('',(0.,0.,1.));
#163 = DIRECTION('',(-1.,0.,0.));
#164 = DEFINITIONAL_REPRESENTATION('',(#165),#169);
#165 = LINE('',#166,#167);
#166 = CARTESIAN_POINT('',(-0.,-0.));
#167 = VECTOR('',#168,1.);
#168 = DIRECTION('',(-1.,-0.));
#169 = ( GEOMETRIC_REPRESENTATION_CONTEXT(2) 
PARAMETRIC_REPRESENTATION_CONTEXT() REPRESENTATION_CONTEXT('2D SPACE',''
  ) );
#170 = ORIENTED_EDGE('',*,*,#171,.T.);
#171 = EDGE_CURVE('',#143,#172,#174,.T.);
#172 = VERTEX_POINT('',#173);
#173 = CARTESIAN_POINT('',(7.,98.,29.702911050001));
#174 = SURFACE_CURVE('',#175,(#179,#186),.PCURVE_S1.);
#175 = LINE('',#176,#177);
#176 = CARTESIAN_POINT('',(7.,98.,3.));
#177 = VECTOR('',#178,1.);
#178 = DIRECTION('',(0.,0.,1.));
#179 = PCURVE('',#44,#180);
#180 = DEFINITIONAL_REPRESENTATION('',(#181),#185);
#181 = LINE('',#182,#183);
#182 = CARTESIAN_POINT('',(-1.570796326795,0.));
#183 = VECTOR('',#184,1.);
#184 = DIRECTION('',(-0.,-1.));
#185 = ( GEOMETRIC_REPRESENTATION_CONTEXT(2) 
PARAMETRIC_REPRESENTATION_CONTEXT() REPRESENTATION_CONTEXT('2D SPACE',''
  ) );
#186 = PCURVE('',#187,#192);
#187 = PLANE('',#188);
#188 = AXIS2_PLACEMENT_3D('',#189,#190,#191);
#189 = CARTESIAN_POINT('',(7.,98.,3.));
#190 = DIRECTION('',(0.,1.,0.));
#191 = DIRECTION('',(1.,0.,0.));
#192 = DEFINITIONAL_REPRESENTATION('',(#193),#197);
#193 = LINE('',#194,#195);
#194 = CARTESIAN_POINT('',(0.,0.));
#195 = VECTOR('',#196,1.);
#196 = DIRECTION('',(0.,-1.));
#197 = ( GEOMETRIC_REPRESENTATION_CONTEXT(2) 
PARAMETRIC_REPRESENTATION_CONTEXT() REPRESENTATION_CONTEXT('2D SPACE',''
  ) );
#198 = ORIENTED_EDGE('',*,*,#199,.F.);
#199 = EDGE_CURVE('',#24,#172,#200,.T.);
#200 = SURFACE_CURVE('',#201,(#214,#238),.PCURVE_S1.);
#201 = B_SPLINE_CURVE_WITH_KNOTS('',6,(#202,#203,#204,#205,#206,#207,
    #208,#209,#210,#211,#212,#213),.UNSPECIFIED.,.F.,.F.,(7,5,7),(
    590.02153794685,590.10903865207,601.19025024772),.UNSPECIFIED.);
#202 = CARTESIAN_POINT('',(0.,91.,28.460908879099));
#203 = CARTESIAN_POINT('',(-1.117475643262E-16,91.014470681472,
    28.463460450671));
#204 = CARTESIAN_POINT('',(3.589464636781E-05,91.028941206364,
    28.466011991004));
#205 = CARTESIAN_POINT('',(1.076998963458E-04,91.04341254989,
    28.468563694118));
#206 = CARTESIAN_POINT('',(2.153729021422E-04,91.057881932993,
    28.471115029447));
#207 = CARTESIAN_POINT('',(3.589899523962E-04,91.072354182828,
    28.473666984019));
#208 = CARTESIAN_POINT('',(2.32685651428E-02,92.919255510836,
    28.799349018455));
#209 = CARTESIAN_POINT('',(0.621536181017,94.738126408358,
    29.121265206321));
#210 = CARTESIAN_POINT('',(1.785256606703,96.31572866847,29.402163640024
    ));
#211 = CARTESIAN_POINT('',(3.381163219158,97.438830832721,
    29.602685640687));
#212 = CARTESIAN_POINT('',(5.190493716923,98.,29.702911050001));
#213 = CARTESIAN_POINT('',(7.,98.,29.702911050001));
#214 = PCURVE('',#44,#215);
#215 = DEFINITIONAL_REPRESENTATION('',(#216),#237);
#216 = B_SPLINE_CURVE_WITH_KNOTS('',10,(#217,#218,#219,#220,#221,#222,
    #223,#224,#225,#226,#227,#228,#229,#230,#231,#232,#233,#234,#235,
    #236),.UNSPECIFIED.,.F.,.F.,(11,9,11),(590.02153794685,
    595.60589409729,601.19025024772),.UNSPECIFIED.);
#217 = CARTESIAN_POINT('',(-3.14159265359,-25.46090887909));
#218 = CARTESIAN_POINT('',(-3.062433024732,-25.55861472754));
#219 = CARTESIAN_POINT('',(-2.98329193792,-25.65635610002));
#220 = CARTESIAN_POINT('',(-2.904403822324,-25.75315833643));
#221 = CARTESIAN_POINT('',(-2.82527718723,-25.84844411385));
#222 = CARTESIAN_POINT('',(-2.746665216261,-25.94096867802));
#223 = CARTESIAN_POINT('',(-2.667726567237,-26.03038462005));
#224 = CARTESIAN_POINT('',(-2.5891438563,-26.1155549314));
#225 = CARTESIAN_POINT('',(-2.510507059108,-26.19598777369));
#226 = CARTESIAN_POINT('',(-2.431976253914,-26.27094163279));
#227 = CARTESIAN_POINT('',(-2.275030252226,-26.40876977315));
#228 = CARTESIAN_POINT('',(-2.196620463271,-26.4716428307));
#229 = CARTESIAN_POINT('',(-2.118267195159,-26.52788750915));
#230 = CARTESIAN_POINT('',(-2.039964156616,-26.5769889115));
#231 = CARTESIAN_POINT('',(-1.961705049478,-26.61850867999));
#232 = CARTESIAN_POINT('',(-1.883483162025,-26.65208906619));
#233 = CARTESIAN_POINT('',(-1.80529096231,-26.67745700052));
#234 = CARTESIAN_POINT('',(-1.7271196915,-26.69442816242));
#235 = CARTESIAN_POINT('',(-1.648958957199,-26.70291105));
#236 = CARTESIAN_POINT('',(-1.570796326795,-26.70291105));
#237 = ( GEOMETRIC_REPRESENTATION_CONTEXT(2) 
PARAMETRIC_REPRESENTATION_CONTEXT() REPRESENTATION_CONTEXT('2D SPACE',''
  ) );
#238 = PCURVE('',#239,#264);
#239 = B_SPLINE_SURFACE_WITH_KNOTS('',1,6,(
    (#240,#241,#242,#243,#244,#245,#246,#247,#248,#249,#250,#251)
    ,(#252,#253,#254,#255,#256,#257,#258,#259,#260,#261,#262,#263
  )),.UNSPECIFIED.,.F.,.F.,.F.,(2,2),(7,5,7),(0.,11.168712300869),(
    590.02153794685,590.10903865207,601.19025024772),.UNSPECIFIED.);
#240 = CARTESIAN_POINT('',(0.,91.,28.460908879099));
#241 = CARTESIAN_POINT('',(-1.117475643262E-16,91.014470681472,
    28.463460450671));
#242 = CARTESIAN_POINT('',(3.589464636781E-05,91.028941206364,
    28.466011991004));
#243 = CARTESIAN_POINT('',(1.076998963458E-04,91.04341254989,
    28.468563694118));
#244 = CARTESIAN_POINT('',(2.153729021422E-04,91.057881932993,
    28.471115029447));
#245 = CARTESIAN_POINT('',(3.589899523962E-04,91.072354182828,
    28.473666984019));
#246 = CARTESIAN_POINT('',(2.32685651428E-02,92.919255510836,
    28.799349018455));
#247 = CARTESIAN_POINT('',(0.621536181017,94.738126408358,
    29.121265206321));
#248 = CARTESIAN_POINT('',(1.785256606703,96.31572866847,29.402163640024
    ));
#249 = CARTESIAN_POINT('',(3.381163219158,97.438830832721,
    29.602685640687));
#250 = CARTESIAN_POINT('',(5.190493716923,98.,29.702911050001));
#251 = CARTESIAN_POINT('',(7.,98.,29.702911050001));
#252 = CARTESIAN_POINT('',(0.5,90.913175911166,28.953312755605));
#253 = CARTESIAN_POINT('',(0.5,90.927646592638,28.955864327177));
#254 = CARTESIAN_POINT('',(0.500001571788,90.942058937679,
    28.958405612464));
#255 = CARTESIAN_POINT('',(0.499994638778,90.956794811251,
    28.961003944559));
#256 = CARTESIAN_POINT('',(0.500009212537,90.970661756084,
    28.963449061073));
#257 = CARTESIAN_POINT('',(0.499989491547,90.986150941356,
    28.966180222345));
#258 = CARTESIAN_POINT('',(0.501312496893,92.706257156014,
    29.269481357674));
#259 = CARTESIAN_POINT('',(1.034608060905,94.41077144817,29.570033216384
    ));
#260 = CARTESIAN_POINT('',(2.108917970606,95.905768105046,29.83364146306
    ));
#261 = CARTESIAN_POINT('',(3.60068080548,96.973624036044,30.021933275205
    ));
#262 = CARTESIAN_POINT('',(5.300331098976,97.507596123496,
    30.116086961168));
#263 = CARTESIAN_POINT('',(6.999999999999,97.507596123494,
    30.116086961167));
#264 = DEFINITIONAL_REPRESENTATION('',(#265),#269);
#265 = LINE('',#266,#267);
#266 = CARTESIAN_POINT('',(0.,0.));
#267 = VECTOR('',#268,1.);
#268 = DIRECTION('',(0.,1.));
#269 = ( GEOMETRIC_REPRESENTATION_CONTEXT(2) 
PARAMETRIC_REPRESENTATION_CONTEXT() REPRESENTATION_CONTEXT('2D SPACE',''
  ) );
#270 = ADVANCED_FACE('',(#271),#72,.F.);
#271 = FACE_BOUND('',#272,.T.);
#272 = EDGE_LOOP('',(#273,#299,#300,#321));
#273 = ORIENTED_EDGE('',*,*,#274,.F.);
#274 = EDGE_CURVE('',#57,#275,#277,.T.);
#275 = VERTEX_POINT('',#276);
#276 = CARTESIAN_POINT('',(0.5,7.,3.));
#277 = SURFACE_CURVE('',#278,(#282,#288),.PCURVE_S1.);
#278 = LINE('',#279,#280);
#279 = CARTESIAN_POINT('',(0.25,7.,3.25));
#280 = VECTOR('',#281,1.);
#281 = DIRECTION('',(0.707106781187,0.,-0.707106781187));
#282 = PCURVE('',#72,#283);
#283 = DEFINITIONAL_REPRESENTATION('',(#284),#287);
#284 = B_SPLINE_CURVE_WITH_KNOTS('',1,(#285,#286),.UNSPECIFIED.,.F.,.F.,
  (2,2),(-0.353553390593,0.353553390593),.PIECEWISE_BEZIER_KNOTS.);
#285 = CARTESIAN_POINT('',(0.,-0.353553390593));
#286 = CARTESIAN_POINT('',(0.,0.353553390593));
#287 = ( GEOMETRIC_REPRESENTATION_CONTEXT(2) 
PARAMETRIC_REPRESENTATION_CONTEXT() REPRESENTATION_CONTEXT('2D SPACE',''
  ) );
#288 = PCURVE('',#289,#294);
#289 = CONICAL_SURFACE('',#290,7.,0.785398163397);
#290 = AXIS2_PLACEMENT_3D('',#291,#292,#293);
#291 = CARTESIAN_POINT('',(7.,7.,3.5));
#292 = DIRECTION('',(0.,0.,1.));
#293 = DIRECTION('',(0.,-1.,0.));
#294 = DEFINITIONAL_REPRESENTATION('',(#295),#298);
#295 = B_SPLINE_CURVE_WITH_KNOTS('',1,(#296,#297),.UNSPECIFIED.,.F.,.F.,
  (2,2),(-0.353553390593,0.353553390593),.PIECEWISE_BEZIER_KNOTS.);
#296 = CARTESIAN_POINT('',(-1.570796326795,0.));
#297 = CARTESIAN_POINT('',(-1.570796326795,-0.5));
#298 = ( GEOMETRIC_REPRESENTATION_CONTEXT(2) 
PARAMETRIC_REPRESENTATION_CONTEXT() REPRESENTATION_CONTEXT('2D SPACE',''
  ) );
#299 = ORIENTED_EDGE('',*,*,#56,.T.);
#300 = ORIENTED_EDGE('',*,*,#301,.T.);
#301 = EDGE_CURVE('',#22,#302,#304,.T.);
#302 = VERTEX_POINT('',#303);
#303 = CARTESIAN_POINT('',(0.5,91.,3.));
#304 = SURFACE_CURVE('',#305,(#309,#315),.PCURVE_S1.);
#305 = LINE('',#306,#307);
#306 = CARTESIAN_POINT('',(0.25,91.,3.25));
#307 = VECTOR('',#308,1.);
#308 = DIRECTION('',(0.707106781187,0.,-0.707106781187));
#309 = PCURVE('',#72,#310);
#310 = DEFINITIONAL_REPRESENTATION('',(#311),#314);
#311 = B_SPLINE_CURVE_WITH_KNOTS('',1,(#312,#313),.UNSPECIFIED.,.F.,.F.,
  (2,2),(-0.353553390593,0.353553390593),.PIECEWISE_BEZIER_KNOTS.);
#312 = CARTESIAN_POINT('',(-84.,-0.353553390593));
#313 = CARTESIAN_POINT('',(-84.,0.353553390593));
#314 = ( GEOMETRIC_REPRESENTATION_CONTEXT(2) 
PARAMETRIC_REPRESENTATION_CONTEXT() REPRESENTATION_CONTEXT('2D SPACE',''
  ) );
#315 = PCURVE('',#159,#316);
#316 = DEFINITIONAL_REPRESENTATION('',(#317),#320);
#317 = B_SPLINE_CURVE_WITH_KNOTS('',1,(#318,#319),.UNSPECIFIED.,.F.,.F.,
  (2,2),(-0.353553390593,0.353553390593),.PIECEWISE_BEZIER_KNOTS.);
#318 = CARTESIAN_POINT('',(0.,0.));
#319 = CARTESIAN_POINT('',(0.,-0.5));
#320 = ( GEOMETRIC_REPRESENTATION_CONTEXT(2) 
PARAMETRIC_REPRESENTATION_CONTEXT() REPRESENTATION_CONTEXT('2D SPACE',''
  ) );
#321 = ORIENTED_EDGE('',*,*,#322,.F.);
#322 = EDGE_CURVE('',#275,#302,#323,.T.);
#323 = SURFACE_CURVE('',#324,(#328,#335),.PCURVE_S1.);
#324 = LINE('',#325,#326);
#325 = CARTESIAN_POINT('',(0.5,7.,3.));
#326 = VECTOR('',#327,1.);
#327 = DIRECTION('',(0.,1.,0.));
#328 = PCURVE('',#72,#329);
#329 = DEFINITIONAL_REPRESENTATION('',(#330),#334);
#330 = LINE('',#331,#332);
#331 = CARTESIAN_POINT('',(-0.,0.353553390593));
#332 = VECTOR('',#333,1.);
#333 = DIRECTION('',(-1.,0.));
#334 = ( GEOMETRIC_REPRESENTATION_CONTEXT(2) 
PARAMETRIC_REPRESENTATION_CONTEXT() REPRESENTATION_CONTEXT('2D SPACE',''
  ) );
#335 = PCURVE('',#336,#341);
#336 = PLANE('',#337);
#337 = AXIS2_PLACEMENT_3D('',#338,#339,#340);
#338 = CARTESIAN_POINT('',(79.475,49.,3.));
#339 = DIRECTION('',(0.,0.,1.));
#340 = DIRECTION('',(1.,0.,-0.));
#341 = DEFINITIONAL_REPRESENTATION('',(#342),#346);
#342 = LINE('',#343,#344);
#343 = CARTESIAN_POINT('',(-78.975,-42.));
#344 = VECTOR('',#345,1.);
#345 = DIRECTION('',(0.,1.));
#346 = ( GEOMETRIC_REPRESENTATION_CONTEXT(2) 
PARAMETRIC_REPRESENTATION_CONTEXT() REPRESENTATION_CONTEXT('2D SPACE',''
  ) );
#347 = ADVANCED_FACE('',(#348),#126,.T.);
#348 = FACE_BOUND('',#349,.F.);
#349 = EDGE_LOOP('',(#350,#388,#389,#410));
#350 = ORIENTED_EDGE('',*,*,#351,.F.);
#351 = EDGE_CURVE('',#85,#352,#354,.T.);
#352 = VERTEX_POINT('',#353);
#353 = CARTESIAN_POINT('',(0.5,6.913175911167,14.141846376094));
#354 = SURFACE_CURVE('',#355,(#359,#365),.PCURVE_S1.);
#355 = LINE('',#356,#357);
#356 = CARTESIAN_POINT('',(0.25,6.956587955583,13.895644437841));
#357 = VECTOR('',#358,1.);
#358 = DIRECTION('',(0.707106781187,-0.122787803969,0.69636424032));
#359 = PCURVE('',#126,#360);
#360 = DEFINITIONAL_REPRESENTATION('',(#361),#364);
#361 = B_SPLINE_CURVE_WITH_KNOTS('',1,(#362,#363),.UNSPECIFIED.,.F.,.F.,
  (2,2),(-0.353553390593,0.353553390593),.PIECEWISE_BEZIER_KNOTS.);
#362 = CARTESIAN_POINT('',(8.816349035426E-02,-0.353553390593));
#363 = CARTESIAN_POINT('',(8.816349035426E-02,0.353553390593));
#364 = ( GEOMETRIC_REPRESENTATION_CONTEXT(2) 
PARAMETRIC_REPRESENTATION_CONTEXT() REPRESENTATION_CONTEXT('2D SPACE',''
  ) );
#365 = PCURVE('',#366,#383);
#366 = B_SPLINE_SURFACE_WITH_KNOTS('',1,7,(
    (#367,#368,#369,#370,#371,#372,#373,#374)
    ,(#375,#376,#377,#378,#379,#380,#381,#382
  )),.UNSPECIFIED.,.F.,.F.,.F.,(2,2),(8,8),(0.,10.992383127568),(
    998.54718326711,1.009539566395E+03),.PIECEWISE_BEZIER_KNOTS.);
#367 = CARTESIAN_POINT('',(7.,0.,12.422866940571));
#368 = CARTESIAN_POINT('',(5.421986704473,-5.494151527667E-15,
    12.422866940571));
#369 = CARTESIAN_POINT('',(3.838164061864,0.415040405298,12.495203682193
    ));
#370 = CARTESIAN_POINT('',(2.381864004103,1.250661091861,12.639429164753
    ));
#371 = CARTESIAN_POINT('',(1.208137797459,2.45528660797,12.847471630077)
  );
#372 = CARTESIAN_POINT('',(0.405056122013,3.888095428182,13.100871214537
    ));
#373 = CARTESIAN_POINT('',(1.226142203643E-14,5.441734020214,
    13.374678164231));
#374 = CARTESIAN_POINT('',(0.,7.,13.649442499588));
#375 = CARTESIAN_POINT('',(7.,0.492403876506,13.009691029405));
#376 = CARTESIAN_POINT('',(5.554644692445,0.492403876506,13.009691029405
    ));
#377 = CARTESIAN_POINT('',(4.102060760148,0.867827201624,13.07588829081)
  );
#378 = CARTESIAN_POINT('',(2.762404338683,1.619398473315,13.208410583934
    ));
#379 = CARTESIAN_POINT('',(1.658289032459,2.702741747882,13.39943323261)
  );
#380 = CARTESIAN_POINT('',(0.887890309596,4.023907383955,13.632390380234
    ));
#381 = CARTESIAN_POINT('',(0.500365972063,5.466230497229,13.886710860004
    ));
#382 = CARTESIAN_POINT('',(0.499999984491,6.913298556291,14.141868001738
    ));
#383 = DEFINITIONAL_REPRESENTATION('',(#384),#387);
#384 = B_SPLINE_CURVE_WITH_KNOTS('',1,(#385,#386),.UNSPECIFIED.,.F.,.F.,
  (2,2),(-0.353553390593,0.353553390593),.PIECEWISE_BEZIER_KNOTS.);
#385 = CARTESIAN_POINT('',(-3.907985046681E-13,1.009539566395E+03));
#386 = CARTESIAN_POINT('',(10.992383127568,1.009539566395E+03));
#387 = ( GEOMETRIC_REPRESENTATION_CONTEXT(2) 
PARAMETRIC_REPRESENTATION_CONTEXT() REPRESENTATION_CONTEXT('2D SPACE',''
  ) );
#388 = ORIENTED_EDGE('',*,*,#112,.T.);
#389 = ORIENTED_EDGE('',*,*,#390,.T.);
#390 = EDGE_CURVE('',#24,#391,#393,.T.);
#391 = VERTEX_POINT('',#392);
#392 = CARTESIAN_POINT('',(0.5,90.913175911167,28.953312755605));
#393 = SURFACE_CURVE('',#394,(#398,#404),.PCURVE_S1.);
#394 = LINE('',#395,#396);
#395 = CARTESIAN_POINT('',(0.25,90.956587955583,28.707110817352));
#396 = VECTOR('',#397,1.);
#397 = DIRECTION('',(0.707106781187,-0.122787803969,0.69636424032));
#398 = PCURVE('',#126,#399);
#399 = DEFINITIONAL_REPRESENTATION('',(#400),#403);
#400 = B_SPLINE_CURVE_WITH_KNOTS('',1,(#401,#402),.UNSPECIFIED.,.F.,.F.,
  (2,2),(-0.353553390593,0.353553390593),.PIECEWISE_BEZIER_KNOTS.);
#401 = CARTESIAN_POINT('',(-85.20767190804,-0.353553390593));
#402 = CARTESIAN_POINT('',(-85.20767190804,0.353553390593));
#403 = ( GEOMETRIC_REPRESENTATION_CONTEXT(2) 
PARAMETRIC_REPRESENTATION_CONTEXT() REPRESENTATION_CONTEXT('2D SPACE',''
  ) );
#404 = PCURVE('',#239,#405);
#405 = DEFINITIONAL_REPRESENTATION('',(#406),#409);
#406 = B_SPLINE_CURVE_WITH_KNOTS('',1,(#407,#408),.UNSPECIFIED.,.F.,.F.,
  (2,2),(-0.353553390593,0.353553390593),.PIECEWISE_BEZIER_KNOTS.);
#407 = CARTESIAN_POINT('',(0.,590.02153794685));
#408 = CARTESIAN_POINT('',(11.168712300869,590.02153794685));
#409 = ( GEOMETRIC_REPRESENTATION_CONTEXT(2) 
PARAMETRIC_REPRESENTATION_CONTEXT() REPRESENTATION_CONTEXT('2D SPACE',''
  ) );
#410 = ORIENTED_EDGE('',*,*,#411,.F.);
#411 = EDGE_CURVE('',#352,#391,#412,.T.);
#412 = SURFACE_CURVE('',#413,(#417,#424),.PCURVE_S1.);
#413 = LINE('',#414,#415);
#414 = CARTESIAN_POINT('',(0.5,7.,14.157155805531));
#415 = VECTOR('',#416,1.);
#416 = DIRECTION('',(0.,0.984807753012,0.173648177667));
#417 = PCURVE('',#126,#418);
#418 = DEFINITIONAL_REPRESENTATION('',(#419),#423);
#419 = LINE('',#420,#421);
#420 = CARTESIAN_POINT('',(-0.,0.353553390593));
#421 = VECTOR('',#422,1.);
#422 = DIRECTION('',(-1.,0.));
#423 = ( GEOMETRIC_REPRESENTATION_CONTEXT(2) 
PARAMETRIC_REPRESENTATION_CONTEXT() REPRESENTATION_CONTEXT('2D SPACE',''
  ) );
#424 = PCURVE('',#425,#430);
#425 = PLANE('',#426);
#426 = AXIS2_PLACEMENT_3D('',#427,#428,#429);
#427 = CARTESIAN_POINT('',(-200.,-196.0933097141,-21.65367429844));
#428 = DIRECTION('',(0.,-0.173648177667,0.984807753012));
#429 = DIRECTION('',(1.,0.,0.));
#430 = DEFINITIONAL_REPRESENTATION('',(#431),#435);
#431 = LINE('',#432,#433);
#432 = CARTESIAN_POINT('',(200.5,206.22635137965));
#433 = VECTOR('',#434,1.);
#434 = DIRECTION('',(0.,1.));
#435 = ( GEOMETRIC_REPRESENTATION_CONTEXT(2) 
PARAMETRIC_REPRESENTATION_CONTEXT() REPRESENTATION_CONTEXT('2D SPACE',''
  ) );
#436 = ADVANCED_FACE('',(#437),#100,.T.);
#437 = FACE_BOUND('',#438,.F.);
#438 = EDGE_LOOP('',(#439,#469,#491,#492));
#439 = ORIENTED_EDGE('',*,*,#440,.F.);
#440 = EDGE_CURVE('',#441,#443,#445,.T.);
#441 = VERTEX_POINT('',#442);
#442 = CARTESIAN_POINT('',(7.,1.665334536938E-16,3.5));
#443 = VERTEX_POINT('',#444);
#444 = CARTESIAN_POINT('',(7.,1.201816424157E-14,12.422866940571));
#445 = SURFACE_CURVE('',#446,(#450,#457),.PCURVE_S1.);
#446 = LINE('',#447,#448);
#447 = CARTESIAN_POINT('',(7.,0.,3.));
#448 = VECTOR('',#449,1.);
#449 = DIRECTION('',(0.,0.,1.));
#450 = PCURVE('',#100,#451);
#451 = DEFINITIONAL_REPRESENTATION('',(#452),#456);
#452 = LINE('',#453,#454);
#453 = CARTESIAN_POINT('',(-4.712388980385,0.));
#454 = VECTOR('',#455,1.);
#455 = DIRECTION('',(-0.,-1.));
#456 = ( GEOMETRIC_REPRESENTATION_CONTEXT(2) 
PARAMETRIC_REPRESENTATION_CONTEXT() REPRESENTATION_CONTEXT('2D SPACE',''
  ) );
#457 = PCURVE('',#458,#463);
#458 = PLANE('',#459);
#459 = AXIS2_PLACEMENT_3D('',#460,#461,#462);
#460 = CARTESIAN_POINT('',(7.,0.,3.));
#461 = DIRECTION('',(0.,1.,0.));
#462 = DIRECTION('',(1.,0.,0.));
#463 = DEFINITIONAL_REPRESENTATION('',(#464),#468);
#464 = LINE('',#465,#466);
#465 = CARTESIAN_POINT('',(0.,0.));
#466 = VECTOR('',#467,1.);
#467 = DIRECTION('',(0.,-1.));
#468 = ( GEOMETRIC_REPRESENTATION_CONTEXT(2) 
PARAMETRIC_REPRESENTATION_CONTEXT() REPRESENTATION_CONTEXT('2D SPACE',''
  ) );
#469 = ORIENTED_EDGE('',*,*,#470,.T.);
#470 = EDGE_CURVE('',#441,#57,#471,.T.);
#471 = SURFACE_CURVE('',#472,(#477,#484),.PCURVE_S1.);
#472 = CIRCLE('',#473,7.);
#473 = AXIS2_PLACEMENT_3D('',#474,#475,#476);
#474 = CARTESIAN_POINT('',(7.,7.,3.5));
#475 = DIRECTION('',(-0.,-0.,-1.));
#476 = DIRECTION('',(0.,-1.,0.));
#477 = PCURVE('',#100,#478);
#478 = DEFINITIONAL_REPRESENTATION('',(#479),#483);
#479 = LINE('',#480,#481);
#480 = CARTESIAN_POINT('',(-4.712388980385,-0.5));
#481 = VECTOR('',#482,1.);
#482 = DIRECTION('',(1.,-0.));
#483 = ( GEOMETRIC_REPRESENTATION_CONTEXT(2) 
PARAMETRIC_REPRESENTATION_CONTEXT() REPRESENTATION_CONTEXT('2D SPACE',''
  ) );
#484 = PCURVE('',#289,#485);
#485 = DEFINITIONAL_REPRESENTATION('',(#486),#490);
#486 = LINE('',#487,#488);
#487 = CARTESIAN_POINT('',(-0.,-0.));
#488 = VECTOR('',#489,1.);
#489 = DIRECTION('',(-1.,-0.));
#490 = ( GEOMETRIC_REPRESENTATION_CONTEXT(2) 
PARAMETRIC_REPRESENTATION_CONTEXT() REPRESENTATION_CONTEXT('2D SPACE',''
  ) );
#491 = ORIENTED_EDGE('',*,*,#84,.T.);
#492 = ORIENTED_EDGE('',*,*,#493,.F.);
#493 = EDGE_CURVE('',#443,#85,#494,.T.);
#494 = SURFACE_CURVE('',#495,(#504,#516),.PCURVE_S1.);
#495 = B_SPLINE_CURVE_WITH_KNOTS('',7,(#496,#497,#498,#499,#500,#501,
    #502,#503),.UNSPECIFIED.,.F.,.F.,(8,8),(998.54718326711,
    1.009539566395E+03),.PIECEWISE_BEZIER_KNOTS.);
#496 = CARTESIAN_POINT('',(7.,0.,12.422866940571));
#497 = CARTESIAN_POINT('',(5.421986704473,-5.494151527667E-15,
    12.422866940571));
#498 = CARTESIAN_POINT('',(3.838164061864,0.415040405298,12.495203682193
    ));
#499 = CARTESIAN_POINT('',(2.381864004103,1.250661091861,12.639429164753
    ));
#500 = CARTESIAN_POINT('',(1.208137797459,2.45528660797,12.847471630077)
  );
#501 = CARTESIAN_POINT('',(0.405056122013,3.888095428182,13.100871214537
    ));
#502 = CARTESIAN_POINT('',(1.226142203643E-14,5.441734020214,
    13.374678164231));
#503 = CARTESIAN_POINT('',(0.,7.,13.649442499588));
#504 = PCURVE('',#100,#505);
#505 = DEFINITIONAL_REPRESENTATION('',(#506),#515);
#506 = B_SPLINE_CURVE_WITH_KNOTS('',7,(#507,#508,#509,#510,#511,#512,
    #513,#514),.UNSPECIFIED.,.F.,.F.,(8,8),(998.54718326711,
    1.009539566395E+03),.PIECEWISE_BEZIER_KNOTS.);
#507 = CARTESIAN_POINT('',(-4.712388980385,-9.422866940571));
#508 = CARTESIAN_POINT('',(-4.486958509595,-9.422866940571));
#509 = CARTESIAN_POINT('',(-4.260651783676,-9.495206503519));
#510 = CARTESIAN_POINT('',(-4.034153101215,-9.639424776387));
#511 = CARTESIAN_POINT('',(-3.808966784084,-9.847473197685));
#512 = CARTESIAN_POINT('',(-3.586127156398,-10.10087171803));
#513 = CARTESIAN_POINT('',(-3.364202079274,-10.37467816423));
#514 = CARTESIAN_POINT('',(-3.14159265359,-10.64944249958));
#515 = ( GEOMETRIC_REPRESENTATION_CONTEXT(2) 
PARAMETRIC_REPRESENTATION_CONTEXT() REPRESENTATION_CONTEXT('2D SPACE',''
  ) );
#516 = PCURVE('',#366,#517);
#517 = DEFINITIONAL_REPRESENTATION('',(#518),#522);
#518 = LINE('',#519,#520);
#519 = CARTESIAN_POINT('',(0.,0.));
#520 = VECTOR('',#521,1.);
#521 = DIRECTION('',(0.,1.));
#522 = ( GEOMETRIC_REPRESENTATION_CONTEXT(2) 
PARAMETRIC_REPRESENTATION_CONTEXT() REPRESENTATION_CONTEXT('2D SPACE',''
  ) );
#523 = ADVANCED_FACE('',(#524),#159,.T.);
#524 = FACE_BOUND('',#525,.T.);
#525 = EDGE_LOOP('',(#526,#527,#528,#554));
#526 = ORIENTED_EDGE('',*,*,#301,.F.);
#527 = ORIENTED_EDGE('',*,*,#142,.T.);
#528 = ORIENTED_EDGE('',*,*,#529,.T.);
#529 = EDGE_CURVE('',#143,#530,#532,.T.);
#530 = VERTEX_POINT('',#531);
#531 = CARTESIAN_POINT('',(7.,97.5,3.));
#532 = SURFACE_CURVE('',#533,(#537,#543),.PCURVE_S1.);
#533 = LINE('',#534,#535);
#534 = CARTESIAN_POINT('',(7.,98.,3.5));
#535 = VECTOR('',#536,1.);
#536 = DIRECTION('',(4.329780281177E-17,-0.707106781187,-0.707106781187)
  );
#537 = PCURVE('',#159,#538);
#538 = DEFINITIONAL_REPRESENTATION('',(#539),#542);
#539 = B_SPLINE_CURVE_WITH_KNOTS('',1,(#540,#541),.UNSPECIFIED.,.F.,.F.,
  (2,2),(0.,0.707106781187),.PIECEWISE_BEZIER_KNOTS.);
#540 = CARTESIAN_POINT('',(-1.570796326795,0.));
#541 = CARTESIAN_POINT('',(-1.570796326795,-0.5));
#542 = ( GEOMETRIC_REPRESENTATION_CONTEXT(2) 
PARAMETRIC_REPRESENTATION_CONTEXT() REPRESENTATION_CONTEXT('2D SPACE',''
  ) );
#543 = PCURVE('',#544,#549);
#544 = PLANE('',#545);
#545 = AXIS2_PLACEMENT_3D('',#546,#547,#548);
#546 = CARTESIAN_POINT('',(7.,97.75,3.25));
#547 = DIRECTION('',(0.,-0.707106781187,0.707106781187));
#548 = DIRECTION('',(-1.,-0.,-0.));
#549 = DEFINITIONAL_REPRESENTATION('',(#550),#553);
#550 = B_SPLINE_CURVE_WITH_KNOTS('',1,(#551,#552),.UNSPECIFIED.,.F.,.F.,
  (2,2),(0.,0.707106781187),.PIECEWISE_BEZIER_KNOTS.);
#551 = CARTESIAN_POINT('',(0.,-0.353553390593));
#552 = CARTESIAN_POINT('',(0.,0.353553390593));
#553 = ( GEOMETRIC_REPRESENTATION_CONTEXT(2) 
PARAMETRIC_REPRESENTATION_CONTEXT() REPRESENTATION_CONTEXT('2D SPACE',''
  ) );
#554 = ORIENTED_EDGE('',*,*,#555,.F.);
#555 = EDGE_CURVE('',#302,#530,#556,.T.);
#556 = SURFACE_CURVE('',#557,(#562,#569),.PCURVE_S1.);
#557 = CIRCLE('',#558,6.5);
#558 = AXIS2_PLACEMENT_3D('',#559,#560,#561);
#559 = CARTESIAN_POINT('',(7.,91.,3.));
#560 = DIRECTION('',(-0.,0.,-1.));
#561 = DIRECTION('',(-1.,0.,0.));
#562 = PCURVE('',#159,#563);
#563 = DEFINITIONAL_REPRESENTATION('',(#564),#568);
#564 = LINE('',#565,#566);
#565 = CARTESIAN_POINT('',(-0.,-0.5));
#566 = VECTOR('',#567,1.);
#567 = DIRECTION('',(-1.,-0.));
#568 = ( GEOMETRIC_REPRESENTATION_CONTEXT(2) 
PARAMETRIC_REPRESENTATION_CONTEXT() REPRESENTATION_CONTEXT('2D SPACE',''
  ) );
#569 = PCURVE('',#336,#570);
#570 = DEFINITIONAL_REPRESENTATION('',(#571),#579);
#571 = ( BOUNDED_CURVE() B_SPLINE_CURVE(2,(#572,#573,#574,#575,#576,#577
,#578),.UNSPECIFIED.,.T.,.F.) B_SPLINE_CURVE_WITH_KNOTS((1,2,2,2,2,1),(
    -2.094395102393,0.,2.094395102393,4.188790204786,6.28318530718,
8.377580409573),.UNSPECIFIED.) CURVE() GEOMETRIC_REPRESENTATION_ITEM() 
RATIONAL_B_SPLINE_CURVE((1.,0.5,1.,0.5,1.,0.5,1.)) REPRESENTATION_ITEM(
  '') );
#572 = CARTESIAN_POINT('',(-78.975,42.));
#573 = CARTESIAN_POINT('',(-78.975,53.258330249198));
#574 = CARTESIAN_POINT('',(-69.225,47.629165124599));
#575 = CARTESIAN_POINT('',(-59.475,42.));
#576 = CARTESIAN_POINT('',(-69.225,36.370834875401));
#577 = CARTESIAN_POINT('',(-78.975,30.741669750802));
#578 = CARTESIAN_POINT('',(-78.975,42.));
#579 = ( GEOMETRIC_REPRESENTATION_CONTEXT(2) 
PARAMETRIC_REPRESENTATION_CONTEXT() REPRESENTATION_CONTEXT('2D SPACE',''
  ) );
#580 = ADVANCED_FACE('',(#581),#239,.T.);
#581 = FACE_BOUND('',#582,.T.);
#582 = EDGE_LOOP('',(#583,#584,#625,#648));
#583 = ORIENTED_EDGE('',*,*,#390,.T.);
#584 = ORIENTED_EDGE('',*,*,#585,.T.);
#585 = EDGE_CURVE('',#391,#586,#588,.T.);
#586 = VERTEX_POINT('',#587);
#587 = CARTESIAN_POINT('',(6.999999999999,97.507596123494,
    30.116086961167));
#588 = SURFACE_CURVE('',#589,(#602,#609),.PCURVE_S1.);
#589 = B_SPLINE_CURVE_WITH_KNOTS('',6,(#590,#591,#592,#593,#594,#595,
    #596,#597,#598,#599,#600,#601),.UNSPECIFIED.,.F.,.F.,(7,5,7),(
    590.02153794685,590.10903865207,601.19025024772),.UNSPECIFIED.);
#590 = CARTESIAN_POINT('',(0.5,90.913175911166,28.953312755605));
#591 = CARTESIAN_POINT('',(0.5,90.927646592638,28.955864327177));
#592 = CARTESIAN_POINT('',(0.500001571788,90.942058937679,
    28.958405612464));
#593 = CARTESIAN_POINT('',(0.499994638778,90.956794811251,
    28.961003944559));
#594 = CARTESIAN_POINT('',(0.500009212537,90.970661756084,
    28.963449061073));
#595 = CARTESIAN_POINT('',(0.499989491547,90.986150941356,
    28.966180222345));
#596 = CARTESIAN_POINT('',(0.501312496893,92.706257156014,
    29.269481357674));
#597 = CARTESIAN_POINT('',(1.034608060905,94.41077144817,29.570033216384
    ));
#598 = CARTESIAN_POINT('',(2.108917970606,95.905768105046,29.83364146306
    ));
#599 = CARTESIAN_POINT('',(3.60068080548,96.973624036044,30.021933275205
    ));
#600 = CARTESIAN_POINT('',(5.300331098976,97.507596123496,
    30.116086961168));
#601 = CARTESIAN_POINT('',(6.999999999999,97.507596123494,
    30.116086961167));
#602 = PCURVE('',#239,#603);
#603 = DEFINITIONAL_REPRESENTATION('',(#604),#608);
#604 = LINE('',#605,#606);
#605 = CARTESIAN_POINT('',(11.168712300869,0.));
#606 = VECTOR('',#607,1.);
#607 = DIRECTION('',(0.,1.));
#608 = ( GEOMETRIC_REPRESENTATION_CONTEXT(2) 
PARAMETRIC_REPRESENTATION_CONTEXT() REPRESENTATION_CONTEXT('2D SPACE',''
  ) );
#609 = PCURVE('',#425,#610);
#610 = DEFINITIONAL_REPRESENTATION('',(#611),#624);
#611 = B_SPLINE_CURVE_WITH_KNOTS('',6,(#612,#613,#614,#615,#616,#617,
    #618,#619,#620,#621,#622,#623),.UNSPECIFIED.,.F.,.F.,(7,5,7),(
    590.02153794685,590.10903865207,601.19025024772),.UNSPECIFIED.);
#612 = CARTESIAN_POINT('',(200.5,291.4340232877));
#613 = CARTESIAN_POINT('',(200.49999999999,291.44871720276));
#614 = CARTESIAN_POINT('',(200.50000157179,291.46335188146));
#615 = CARTESIAN_POINT('',(200.49999463877,291.47831507963));
#616 = CARTESIAN_POINT('',(200.50000921253,291.49239594444));
#617 = CARTESIAN_POINT('',(200.49998949154,291.50812407536));
#618 = CARTESIAN_POINT('',(200.50131249689,293.25476570099));
#619 = CARTESIAN_POINT('',(201.0346080609,294.98557487359));
#620 = CARTESIAN_POINT('',(202.1089179706,296.50363426366));
#621 = CARTESIAN_POINT('',(203.60068080548,297.58796359366));
#622 = CARTESIAN_POINT('',(205.30033109897,298.13017306126));
#623 = CARTESIAN_POINT('',(206.99999999999,298.13017306126));
#624 = ( GEOMETRIC_REPRESENTATION_CONTEXT(2) 
PARAMETRIC_REPRESENTATION_CONTEXT() REPRESENTATION_CONTEXT('2D SPACE',''
  ) );
#625 = ORIENTED_EDGE('',*,*,#626,.F.);
#626 = EDGE_CURVE('',#172,#586,#627,.T.);
#627 = SURFACE_CURVE('',#628,(#631,#637),.PCURVE_S1.);
#628 = B_SPLINE_CURVE_WITH_KNOTS('',1,(#629,#630),.UNSPECIFIED.,.F.,.F.,
  (2,2),(0.,11.168712300869),.PIECEWISE_BEZIER_KNOTS.);
#629 = CARTESIAN_POINT('',(7.,98.,29.702911050001));
#630 = CARTESIAN_POINT('',(6.999999999999,97.507596123494,
    30.116086961167));
#631 = PCURVE('',#239,#632);
#632 = DEFINITIONAL_REPRESENTATION('',(#633),#636);
#633 = B_SPLINE_CURVE_WITH_KNOTS('',1,(#634,#635),.UNSPECIFIED.,.F.,.F.,
  (2,2),(0.,11.168712300869),.PIECEWISE_BEZIER_KNOTS.);
#634 = CARTESIAN_POINT('',(0.,601.19025024772));
#635 = CARTESIAN_POINT('',(11.168712300869,601.19025024772));
#636 = ( GEOMETRIC_REPRESENTATION_CONTEXT(2) 
PARAMETRIC_REPRESENTATION_CONTEXT() REPRESENTATION_CONTEXT('2D SPACE',''
  ) );
#637 = PCURVE('',#638,#643);
#638 = PLANE('',#639);
#639 = AXIS2_PLACEMENT_3D('',#640,#641,#642);
#640 = CARTESIAN_POINT('',(7.,97.753798061747,29.909499005584));
#641 = DIRECTION('',(0.,0.642787609687,0.766044443119));
#642 = DIRECTION('',(-1.,-0.,0.));
#643 = DEFINITIONAL_REPRESENTATION('',(#644),#647);
#644 = B_SPLINE_CURVE_WITH_KNOTS('',1,(#645,#646),.UNSPECIFIED.,.F.,.F.,
  (2,2),(0.,11.168712300869),.PIECEWISE_BEZIER_KNOTS.);
#645 = CARTESIAN_POINT('',(0.,-0.321393804843));
#646 = CARTESIAN_POINT('',(0.,0.321393804843));
#647 = ( GEOMETRIC_REPRESENTATION_CONTEXT(2) 
PARAMETRIC_REPRESENTATION_CONTEXT() REPRESENTATION_CONTEXT('2D SPACE',''
  ) );
#648 = ORIENTED_EDGE('',*,*,#199,.F.);
#649 = ADVANCED_FACE('',(#650,#725),#187,.T.);
#650 = FACE_BOUND('',#651,.T.);
#651 = EDGE_LOOP('',(#652,#682,#703,#704));
#652 = ORIENTED_EDGE('',*,*,#653,.F.);
#653 = EDGE_CURVE('',#654,#656,#658,.T.);
#654 = VERTEX_POINT('',#655);
#655 = CARTESIAN_POINT('',(151.95,98.,3.5));
#656 = VERTEX_POINT('',#657);
#657 = CARTESIAN_POINT('',(151.95,98.,29.702911050001));
#658 = SURFACE_CURVE('',#659,(#663,#670),.PCURVE_S1.);
#659 = LINE('',#660,#661);
#660 = CARTESIAN_POINT('',(151.95,98.,3.));
#661 = VECTOR('',#662,1.);
#662 = DIRECTION('',(0.,0.,1.));
#663 = PCURVE('',#187,#664);
#664 = DEFINITIONAL_REPRESENTATION('',(#665),#669);
#665 = LINE('',#666,#667);
#666 = CARTESIAN_POINT('',(144.95,0.));
#667 = VECTOR('',#668,1.);
#668 = DIRECTION('',(0.,-1.));
#669 = ( GEOMETRIC_REPRESENTATION_CONTEXT(2) 
PARAMETRIC_REPRESENTATION_CONTEXT() REPRESENTATION_CONTEXT('2D SPACE',''
  ) );
#670 = PCURVE('',#671,#676);
#671 = CYLINDRICAL_SURFACE('',#672,7.);
#672 = AXIS2_PLACEMENT_3D('',#673,#674,#675);
#673 = CARTESIAN_POINT('',(151.95,91.,3.));
#674 = DIRECTION('',(-0.,-0.,-1.));
#675 = DIRECTION('',(1.,0.,0.));
#676 = DEFINITIONAL_REPRESENTATION('',(#677),#681);
#677 = LINE('',#678,#679);
#678 = CARTESIAN_POINT('',(-1.570796326795,0.));
#679 = VECTOR('',#680,1.);
#680 = DIRECTION('',(-0.,-1.));
#681 = ( GEOMETRIC_REPRESENTATION_CONTEXT(2) 
PARAMETRIC_REPRESENTATION_CONTEXT() REPRESENTATION_CONTEXT('2D SPACE',''
  ) );
#682 = ORIENTED_EDGE('',*,*,#683,.F.);
#683 = EDGE_CURVE('',#143,#654,#684,.T.);
#684 = SURFACE_CURVE('',#685,(#689,#696),.PCURVE_S1.);
#685 = LINE('',#686,#687);
#686 = CARTESIAN_POINT('',(7.,98.,3.5));
#687 = VECTOR('',#688,1.);
#688 = DIRECTION('',(1.,0.,0.));
#689 = PCURVE('',#187,#690);
#690 = DEFINITIONAL_REPRESENTATION('',(#691),#695);
#691 = LINE('',#692,#693);
#692 = CARTESIAN_POINT('',(0.,-0.5));
#693 = VECTOR('',#694,1.);
#694 = DIRECTION('',(1.,0.));
#695 = ( GEOMETRIC_REPRESENTATION_CONTEXT(2) 
PARAMETRIC_REPRESENTATION_CONTEXT() REPRESENTATION_CONTEXT('2D SPACE',''
  ) );
#696 = PCURVE('',#544,#697);
#697 = DEFINITIONAL_REPRESENTATION('',(#698),#702);
#698 = LINE('',#699,#700);
#699 = CARTESIAN_POINT('',(-0.,-0.353553390593));
#700 = VECTOR('',#701,1.);
#701 = DIRECTION('',(-1.,0.));
#702 = ( GEOMETRIC_REPRESENTATION_CONTEXT(2) 
PARAMETRIC_REPRESENTATION_CONTEXT() REPRESENTATION_CONTEXT('2D SPACE',''
  ) );
#703 = ORIENTED_EDGE('',*,*,#171,.T.);
#704 = ORIENTED_EDGE('',*,*,#705,.T.);
#705 = EDGE_CURVE('',#172,#656,#706,.T.);
#706 = SURFACE_CURVE('',#707,(#711,#718),.PCURVE_S1.);
#707 = LINE('',#708,#709);
#708 = CARTESIAN_POINT('',(7.,98.,29.702911050001));
#709 = VECTOR('',#710,1.);
#710 = DIRECTION('',(1.,0.,-0.));
#711 = PCURVE('',#187,#712);
#712 = DEFINITIONAL_REPRESENTATION('',(#713),#717);
#713 = LINE('',#714,#715);
#714 = CARTESIAN_POINT('',(0.,-26.70291105));
#715 = VECTOR('',#716,1.);
#716 = DIRECTION('',(1.,0.));
#717 = ( GEOMETRIC_REPRESENTATION_CONTEXT(2) 
PARAMETRIC_REPRESENTATION_CONTEXT() REPRESENTATION_CONTEXT('2D SPACE',''
  ) );
#718 = PCURVE('',#638,#719);
#719 = DEFINITIONAL_REPRESENTATION('',(#720),#724);
#720 = LINE('',#721,#722);
#721 = CARTESIAN_POINT('',(-0.,-0.321393804843));
#722 = VECTOR('',#723,1.);
#723 = DIRECTION('',(-1.,0.));
#724 = ( GEOMETRIC_REPRESENTATION_CONTEXT(2) 
PARAMETRIC_REPRESENTATION_CONTEXT() REPRESENTATION_CONTEXT('2D SPACE',''
  ) );
#725 = FACE_BOUND('',#726,.T.);
#726 = EDGE_LOOP('',(#727,#755,#788,#814,#847,#873,#906,#932));
#727 = ORIENTED_EDGE('',*,*,#728,.F.);
#728 = EDGE_CURVE('',#729,#731,#733,.T.);
#729 = VERTEX_POINT('',#730);
#730 = CARTESIAN_POINT('',(72.475,98.,7.38));
#731 = VERTEX_POINT('',#732);
#732 = CARTESIAN_POINT('',(72.475,98.,9.88));
#733 = SURFACE_CURVE('',#734,(#738,#744),.PCURVE_S1.);
#734 = LINE('',#735,#736);
#735 = CARTESIAN_POINT('',(72.475,98.,6.44));
#736 = VECTOR('',#737,1.);
#737 = DIRECTION('',(0.,-0.,1.));
#738 = PCURVE('',#187,#739);
#739 = DEFINITIONAL_REPRESENTATION('',(#740),#743);
#740 = B_SPLINE_CURVE_WITH_KNOTS('',1,(#741,#742),.UNSPECIFIED.,.F.,.F.,
  (2,2),(0.94,3.44),.PIECEWISE_BEZIER_KNOTS.);
#741 = CARTESIAN_POINT('',(65.475,-4.38));
#742 = CARTESIAN_POINT('',(65.475,-6.88));
#743 = ( GEOMETRIC_REPRESENTATION_CONTEXT(2) 
PARAMETRIC_REPRESENTATION_CONTEXT() REPRESENTATION_CONTEXT('2D SPACE',''
  ) );
#744 = PCURVE('',#745,#750);
#745 = PLANE('',#746);
#746 = AXIS2_PLACEMENT_3D('',#747,#748,#749);
#747 = CARTESIAN_POINT('',(72.475,96.2,9.88));
#748 = DIRECTION('',(-1.,0.,0.));
#749 = DIRECTION('',(0.,2.22044604925E-16,-1.));
#750 = DEFINITIONAL_REPRESENTATION('',(#751),#754);
#751 = B_SPLINE_CURVE_WITH_KNOTS('',1,(#752,#753),.UNSPECIFIED.,.F.,.F.,
  (2,2),(0.94,3.44),.PIECEWISE_BEZIER_KNOTS.);
#752 = CARTESIAN_POINT('',(2.5,-1.8));
#753 = CARTESIAN_POINT('',(0.,-1.8));
#754 = ( GEOMETRIC_REPRESENTATION_CONTEXT(2) 
PARAMETRIC_REPRESENTATION_CONTEXT() REPRESENTATION_CONTEXT('2D SPACE',''
  ) );
#755 = ORIENTED_EDGE('',*,*,#756,.T.);
#756 = EDGE_CURVE('',#729,#757,#759,.T.);
#757 = VERTEX_POINT('',#758);
#758 = CARTESIAN_POINT('',(75.475,98.,4.38));
#759 = SURFACE_CURVE('',#760,(#765,#776),.PCURVE_S1.);
#760 = CIRCLE('',#761,3.);
#761 = AXIS2_PLACEMENT_3D('',#762,#763,#764);
#762 = CARTESIAN_POINT('',(75.475,98.,7.38));
#763 = DIRECTION('',(0.,-1.,-2.22044604925E-16));
#764 = DIRECTION('',(1.,0.,0.));
#765 = PCURVE('',#187,#766);
#766 = DEFINITIONAL_REPRESENTATION('',(#767),#775);
#767 = ( BOUNDED_CURVE() B_SPLINE_CURVE(2,(#768,#769,#770,#771,#772,#773
,#774),.UNSPECIFIED.,.T.,.F.) B_SPLINE_CURVE_WITH_KNOTS((1,2,2,2,2,1),(
    -2.094395102393,0.,2.094395102393,4.188790204786,6.28318530718,
8.377580409573),.UNSPECIFIED.) CURVE() GEOMETRIC_REPRESENTATION_ITEM() 
RATIONAL_B_SPLINE_CURVE((1.,0.5,1.,0.5,1.,0.5,1.)) REPRESENTATION_ITEM(
  '') );
#768 = CARTESIAN_POINT('',(71.475,-4.38));
#769 = CARTESIAN_POINT('',(71.475,-9.576152422707));
#770 = CARTESIAN_POINT('',(66.975,-6.978076211353));
#771 = CARTESIAN_POINT('',(62.475,-4.38));
#772 = CARTESIAN_POINT('',(66.975,-1.781923788647));
#773 = CARTESIAN_POINT('',(71.475,0.816152422707));
#774 = CARTESIAN_POINT('',(71.475,-4.38));
#775 = ( GEOMETRIC_REPRESENTATION_CONTEXT(2) 
PARAMETRIC_REPRESENTATION_CONTEXT() REPRESENTATION_CONTEXT('2D SPACE',''
  ) );
#776 = PCURVE('',#777,#782);
#777 = CYLINDRICAL_SURFACE('',#778,3.);
#778 = AXIS2_PLACEMENT_3D('',#779,#780,#781);
#779 = CARTESIAN_POINT('',(75.475,96.2,7.38));
#780 = DIRECTION('',(0.,-1.,-2.22044604925E-16));
#781 = DIRECTION('',(1.,0.,0.));
#782 = DEFINITIONAL_REPRESENTATION('',(#783),#787);
#783 = LINE('',#784,#785);
#784 = CARTESIAN_POINT('',(-6.28318530718,-1.8));
#785 = VECTOR('',#786,1.);
#786 = DIRECTION('',(1.,-0.));
#787 = ( GEOMETRIC_REPRESENTATION_CONTEXT(2) 
PARAMETRIC_REPRESENTATION_CONTEXT() REPRESENTATION_CONTEXT('2D SPACE',''
  ) );
#788 = ORIENTED_EDGE('',*,*,#789,.F.);
#789 = EDGE_CURVE('',#790,#757,#792,.T.);
#790 = VERTEX_POINT('',#791);
#791 = CARTESIAN_POINT('',(83.475,98.,4.38));
#792 = SURFACE_CURVE('',#793,(#797,#803),.PCURVE_S1.);
#793 = LINE('',#794,#795);
#794 = CARTESIAN_POINT('',(41.2375,98.,4.38));
#795 = VECTOR('',#796,1.);
#796 = DIRECTION('',(-1.,0.,0.));
#797 = PCURVE('',#187,#798);
#798 = DEFINITIONAL_REPRESENTATION('',(#799),#802);
#799 = B_SPLINE_CURVE_WITH_KNOTS('',1,(#800,#801),.UNSPECIFIED.,.F.,.F.,
  (2,2),(-42.2375,-34.2375),.PIECEWISE_BEZIER_KNOTS.);
#800 = CARTESIAN_POINT('',(76.475,-1.38));
#801 = CARTESIAN_POINT('',(68.475,-1.38));
#802 = ( GEOMETRIC_REPRESENTATION_CONTEXT(2) 
PARAMETRIC_REPRESENTATION_CONTEXT() REPRESENTATION_CONTEXT('2D SPACE',''
  ) );
#803 = PCURVE('',#804,#809);
#804 = PLANE('',#805);
#805 = AXIS2_PLACEMENT_3D('',#806,#807,#808);
#806 = CARTESIAN_POINT('',(75.475,96.2,4.38));
#807 = DIRECTION('',(0.,2.22044604925E-16,-1.));
#808 = DIRECTION('',(1.,0.,0.));
#809 = DEFINITIONAL_REPRESENTATION('',(#810),#813);
#810 = B_SPLINE_CURVE_WITH_KNOTS('',1,(#811,#812),.UNSPECIFIED.,.F.,.F.,
  (2,2),(-42.2375,-34.2375),.PIECEWISE_BEZIER_KNOTS.);
#811 = CARTESIAN_POINT('',(8.,-1.8));
#812 = CARTESIAN_POINT('',(0.,-1.8));
#813 = ( GEOMETRIC_REPRESENTATION_CONTEXT(2) 
PARAMETRIC_REPRESENTATION_CONTEXT() REPRESENTATION_CONTEXT('2D SPACE',''
  ) );
#814 = ORIENTED_EDGE('',*,*,#815,.T.);
#815 = EDGE_CURVE('',#790,#816,#818,.T.);
#816 = VERTEX_POINT('',#817);
#817 = CARTESIAN_POINT('',(86.475,98.,7.38));
#818 = SURFACE_CURVE('',#819,(#824,#835),.PCURVE_S1.);
#819 = CIRCLE('',#820,3.);
#820 = AXIS2_PLACEMENT_3D('',#821,#822,#823);
#821 = CARTESIAN_POINT('',(83.475,98.,7.38));
#822 = DIRECTION('',(0.,-1.,-2.22044604925E-16));
#823 = DIRECTION('',(1.,0.,0.));
#824 = PCURVE('',#187,#825);
#825 = DEFINITIONAL_REPRESENTATION('',(#826),#834);
#826 = ( BOUNDED_CURVE() B_SPLINE_CURVE(2,(#827,#828,#829,#830,#831,#832
,#833),.UNSPECIFIED.,.T.,.F.) B_SPLINE_CURVE_WITH_KNOTS((1,2,2,2,2,1),(
    -2.094395102393,0.,2.094395102393,4.188790204786,6.28318530718,
8.377580409573),.UNSPECIFIED.) CURVE() GEOMETRIC_REPRESENTATION_ITEM() 
RATIONAL_B_SPLINE_CURVE((1.,0.5,1.,0.5,1.,0.5,1.)) REPRESENTATION_ITEM(
  '') );
#827 = CARTESIAN_POINT('',(79.475,-4.38));
#828 = CARTESIAN_POINT('',(79.475,-9.576152422707));
#829 = CARTESIAN_POINT('',(74.975,-6.978076211353));
#830 = CARTESIAN_POINT('',(70.475,-4.38));
#831 = CARTESIAN_POINT('',(74.975,-1.781923788647));
#832 = CARTESIAN_POINT('',(79.475,0.816152422707));
#833 = CARTESIAN_POINT('',(79.475,-4.38));
#834 = ( GEOMETRIC_REPRESENTATION_CONTEXT(2) 
PARAMETRIC_REPRESENTATION_CONTEXT() REPRESENTATION_CONTEXT('2D SPACE',''
  ) );
#835 = PCURVE('',#836,#841);
#836 = CYLINDRICAL_SURFACE('',#837,3.);
#837 = AXIS2_PLACEMENT_3D('',#838,#839,#840);
#838 = CARTESIAN_POINT('',(83.475,96.2,7.38));
#839 = DIRECTION('',(0.,-1.,-2.22044604925E-16));
#840 = DIRECTION('',(1.,0.,0.));
#841 = DEFINITIONAL_REPRESENTATION('',(#842),#846);
#842 = LINE('',#843,#844);
#843 = CARTESIAN_POINT('',(-6.28318530718,-1.8));
#844 = VECTOR('',#845,1.);
#845 = DIRECTION('',(1.,-0.));
#846 = ( GEOMETRIC_REPRESENTATION_CONTEXT(2) 
PARAMETRIC_REPRESENTATION_CONTEXT() REPRESENTATION_CONTEXT('2D SPACE',''
  ) );
#847 = ORIENTED_EDGE('',*,*,#848,.T.);
#848 = EDGE_CURVE('',#816,#849,#851,.T.);
#849 = VERTEX_POINT('',#850);
#850 = CARTESIAN_POINT('',(86.475,98.,9.88));
#851 = SURFACE_CURVE('',#852,(#856,#862),.PCURVE_S1.);
#852 = LINE('',#853,#854);
#853 = CARTESIAN_POINT('',(86.475,98.,6.44));
#854 = VECTOR('',#855,1.);
#855 = DIRECTION('',(0.,-0.,1.));
#856 = PCURVE('',#187,#857);
#857 = DEFINITIONAL_REPRESENTATION('',(#858),#861);
#858 = B_SPLINE_CURVE_WITH_KNOTS('',1,(#859,#860),.UNSPECIFIED.,.F.,.F.,
  (2,2),(0.94,3.44),.PIECEWISE_BEZIER_KNOTS.);
#859 = CARTESIAN_POINT('',(79.475,-4.38));
#860 = CARTESIAN_POINT('',(79.475,-6.88));
#861 = ( GEOMETRIC_REPRESENTATION_CONTEXT(2) 
PARAMETRIC_REPRESENTATION_CONTEXT() REPRESENTATION_CONTEXT('2D SPACE',''
  ) );
#862 = PCURVE('',#863,#868);
#863 = PLANE('',#864);
#864 = AXIS2_PLACEMENT_3D('',#865,#866,#867);
#865 = CARTESIAN_POINT('',(86.475,96.2,9.88));
#866 = DIRECTION('',(-1.,0.,0.));
#867 = DIRECTION('',(0.,2.22044604925E-16,-1.));
#868 = DEFINITIONAL_REPRESENTATION('',(#869),#872);
#869 = B_SPLINE_CURVE_WITH_KNOTS('',1,(#870,#871),.UNSPECIFIED.,.F.,.F.,
  (2,2),(0.94,3.44),.PIECEWISE_BEZIER_KNOTS.);
#870 = CARTESIAN_POINT('',(2.5,-1.8));
#871 = CARTESIAN_POINT('',(0.,-1.8));
#872 = ( GEOMETRIC_REPRESENTATION_CONTEXT(2) 
PARAMETRIC_REPRESENTATION_CONTEXT() REPRESENTATION_CONTEXT('2D SPACE',''
  ) );
#873 = ORIENTED_EDGE('',*,*,#874,.T.);
#874 = EDGE_CURVE('',#849,#875,#877,.T.);
#875 = VERTEX_POINT('',#876);
#876 = CARTESIAN_POINT('',(83.475,98.,12.88));
#877 = SURFACE_CURVE('',#878,(#883,#894),.PCURVE_S1.);
#878 = CIRCLE('',#879,3.);
#879 = AXIS2_PLACEMENT_3D('',#880,#881,#882);
#880 = CARTESIAN_POINT('',(83.475,98.,9.88));
#881 = DIRECTION('',(0.,-1.,-2.22044604925E-16));
#882 = DIRECTION('',(1.,0.,0.));
#883 = PCURVE('',#187,#884);
#884 = DEFINITIONAL_REPRESENTATION('',(#885),#893);
#885 = ( BOUNDED_CURVE() B_SPLINE_CURVE(2,(#886,#887,#888,#889,#890,#891
,#892),.UNSPECIFIED.,.T.,.F.) B_SPLINE_CURVE_WITH_KNOTS((1,2,2,2,2,1),(
    -2.094395102393,0.,2.094395102393,4.188790204786,6.28318530718,
8.377580409573),.UNSPECIFIED.) CURVE() GEOMETRIC_REPRESENTATION_ITEM() 
RATIONAL_B_SPLINE_CURVE((1.,0.5,1.,0.5,1.,0.5,1.)) REPRESENTATION_ITEM(
  '') );
#886 = CARTESIAN_POINT('',(79.475,-6.88));
#887 = CARTESIAN_POINT('',(79.475,-12.0761524227));
#888 = CARTESIAN_POINT('',(74.975,-9.478076211353));
#889 = CARTESIAN_POINT('',(70.475,-6.88));
#890 = CARTESIAN_POINT('',(74.975,-4.281923788647));
#891 = CARTESIAN_POINT('',(79.475,-1.683847577293));
#892 = CARTESIAN_POINT('',(79.475,-6.88));
#893 = ( GEOMETRIC_REPRESENTATION_CONTEXT(2) 
PARAMETRIC_REPRESENTATION_CONTEXT() REPRESENTATION_CONTEXT('2D SPACE',''
  ) );
#894 = PCURVE('',#895,#900);
#895 = CYLINDRICAL_SURFACE('',#896,3.);
#896 = AXIS2_PLACEMENT_3D('',#897,#898,#899);
#897 = CARTESIAN_POINT('',(83.475,96.2,9.88));
#898 = DIRECTION('',(0.,-1.,-2.22044604925E-16));
#899 = DIRECTION('',(1.,0.,0.));
#900 = DEFINITIONAL_REPRESENTATION('',(#901),#905);
#901 = LINE('',#902,#903);
#902 = CARTESIAN_POINT('',(-6.28318530718,-1.8));
#903 = VECTOR('',#904,1.);
#904 = DIRECTION('',(1.,-0.));
#905 = ( GEOMETRIC_REPRESENTATION_CONTEXT(2) 
PARAMETRIC_REPRESENTATION_CONTEXT() REPRESENTATION_CONTEXT('2D SPACE',''
  ) );
#906 = ORIENTED_EDGE('',*,*,#907,.T.);
#907 = EDGE_CURVE('',#875,#908,#910,.T.);
#908 = VERTEX_POINT('',#909);
#909 = CARTESIAN_POINT('',(75.475,98.,12.88));
#910 = SURFACE_CURVE('',#911,(#915,#921),.PCURVE_S1.);
#911 = LINE('',#912,#913);
#912 = CARTESIAN_POINT('',(41.2375,98.,12.88));
#913 = VECTOR('',#914,1.);
#914 = DIRECTION('',(-1.,0.,0.));
#915 = PCURVE('',#187,#916);
#916 = DEFINITIONAL_REPRESENTATION('',(#917),#920);
#917 = B_SPLINE_CURVE_WITH_KNOTS('',1,(#918,#919),.UNSPECIFIED.,.F.,.F.,
  (2,2),(-42.2375,-34.2375),.PIECEWISE_BEZIER_KNOTS.);
#918 = CARTESIAN_POINT('',(76.475,-9.88));
#919 = CARTESIAN_POINT('',(68.475,-9.88));
#920 = ( GEOMETRIC_REPRESENTATION_CONTEXT(2) 
PARAMETRIC_REPRESENTATION_CONTEXT() REPRESENTATION_CONTEXT('2D SPACE',''
  ) );
#921 = PCURVE('',#922,#927);
#922 = PLANE('',#923);
#923 = AXIS2_PLACEMENT_3D('',#924,#925,#926);
#924 = CARTESIAN_POINT('',(75.475,96.2,12.88));
#925 = DIRECTION('',(0.,2.22044604925E-16,-1.));
#926 = DIRECTION('',(1.,0.,0.));
#927 = DEFINITIONAL_REPRESENTATION('',(#928),#931);
#928 = B_SPLINE_CURVE_WITH_KNOTS('',1,(#929,#930),.UNSPECIFIED.,.F.,.F.,
  (2,2),(-42.2375,-34.2375),.PIECEWISE_BEZIER_KNOTS.);
#929 = CARTESIAN_POINT('',(8.,-1.8));
#930 = CARTESIAN_POINT('',(0.,-1.8));
#931 = ( GEOMETRIC_REPRESENTATION_CONTEXT(2) 
PARAMETRIC_REPRESENTATION_CONTEXT() REPRESENTATION_CONTEXT('2D SPACE',''
  ) );
#932 = ORIENTED_EDGE('',*,*,#933,.T.);
#933 = EDGE_CURVE('',#908,#731,#934,.T.);
#934 = SURFACE_CURVE('',#935,(#940,#951),.PCURVE_S1.);
#935 = CIRCLE('',#936,3.);
#936 = AXIS2_PLACEMENT_3D('',#937,#938,#939);
#937 = CARTESIAN_POINT('',(75.475,98.,9.88));
#938 = DIRECTION('',(0.,-1.,-2.22044604925E-16));
#939 = DIRECTION('',(1.,0.,0.));
#940 = PCURVE('',#187,#941);
#941 = DEFINITIONAL_REPRESENTATION('',(#942),#950);
#942 = ( BOUNDED_CURVE() B_SPLINE_CURVE(2,(#943,#944,#945,#946,#947,#948
,#949),.UNSPECIFIED.,.T.,.F.) B_SPLINE_CURVE_WITH_KNOTS((1,2,2,2,2,1),(
    -2.094395102393,0.,2.094395102393,4.188790204786,6.28318530718,
8.377580409573),.UNSPECIFIED.) CURVE() GEOMETRIC_REPRESENTATION_ITEM() 
RATIONAL_B_SPLINE_CURVE((1.,0.5,1.,0.5,1.,0.5,1.)) REPRESENTATION_ITEM(
  '') );
#943 = CARTESIAN_POINT('',(71.475,-6.88));
#944 = CARTESIAN_POINT('',(71.475,-12.0761524227));
#945 = CARTESIAN_POINT('',(66.975,-9.478076211353));
#946 = CARTESIAN_POINT('',(62.475,-6.88));
#947 = CARTESIAN_POINT('',(66.975,-4.281923788647));
#948 = CARTESIAN_POINT('',(71.475,-1.683847577293));
#949 = CARTESIAN_POINT('',(71.475,-6.88));
#950 = ( GEOMETRIC_REPRESENTATION_CONTEXT(2) 
PARAMETRIC_REPRESENTATION_CONTEXT() REPRESENTATION_CONTEXT('2D SPACE',''
  ) );
#951 = PCURVE('',#952,#957);
#952 = CYLINDRICAL_SURFACE('',#953,3.);
#953 = AXIS2_PLACEMENT_3D('',#954,#955,#956);
#954 = CARTESIAN_POINT('',(75.475,96.2,9.88));
#955 = DIRECTION('',(0.,-1.,-2.22044604925E-16));
#956 = DIRECTION('',(1.,0.,0.));
#957 = DEFINITIONAL_REPRESENTATION('',(#958),#962);
#958 = LINE('',#959,#960);
#959 = CARTESIAN_POINT('',(-6.28318530718,-1.8));
#960 = VECTOR('',#961,1.);
#961 = DIRECTION('',(1.,-0.));
#962 = ( GEOMETRIC_REPRESENTATION_CONTEXT(2) 
PARAMETRIC_REPRESENTATION_CONTEXT() REPRESENTATION_CONTEXT('2D SPACE',''
  ) );
#963 = ADVANCED_FACE('',(#964),#289,.T.);
#964 = FACE_BOUND('',#965,.T.);
#965 = EDGE_LOOP('',(#966,#992,#993,#994));
#966 = ORIENTED_EDGE('',*,*,#967,.F.);
#967 = EDGE_CURVE('',#441,#968,#970,.T.);
#968 = VERTEX_POINT('',#969);
#969 = CARTESIAN_POINT('',(7.,0.5,3.));
#970 = SURFACE_CURVE('',#971,(#975,#981),.PCURVE_S1.);
#971 = LINE('',#972,#973);
#972 = CARTESIAN_POINT('',(7.,0.25,3.25));
#973 = VECTOR('',#974,1.);
#974 = DIRECTION('',(-0.,0.707106781187,-0.707106781187));
#975 = PCURVE('',#289,#976);
#976 = DEFINITIONAL_REPRESENTATION('',(#977),#980);
#977 = B_SPLINE_CURVE_WITH_KNOTS('',1,(#978,#979),.UNSPECIFIED.,.F.,.F.,
  (2,2),(-0.353553390593,0.353553390593),.PIECEWISE_BEZIER_KNOTS.);
#978 = CARTESIAN_POINT('',(0.,0.));
#979 = CARTESIAN_POINT('',(0.,-0.5));
#980 = ( GEOMETRIC_REPRESENTATION_CONTEXT(2) 
PARAMETRIC_REPRESENTATION_CONTEXT() REPRESENTATION_CONTEXT('2D SPACE',''
  ) );
#981 = PCURVE('',#982,#987);
#982 = PLANE('',#983);
#983 = AXIS2_PLACEMENT_3D('',#984,#985,#986);
#984 = CARTESIAN_POINT('',(151.95,0.25,3.25));
#985 = DIRECTION('',(0.,-0.707106781187,-0.707106781187));
#986 = DIRECTION('',(-1.,-0.,0.));
#987 = DEFINITIONAL_REPRESENTATION('',(#988),#991);
#988 = B_SPLINE_CURVE_WITH_KNOTS('',1,(#989,#990),.UNSPECIFIED.,.F.,.F.,
  (2,2),(-0.353553390593,0.353553390593),.PIECEWISE_BEZIER_KNOTS.);
#989 = CARTESIAN_POINT('',(144.95,-0.353553390593));
#990 = CARTESIAN_POINT('',(144.95,0.353553390593));
#991 = ( GEOMETRIC_REPRESENTATION_CONTEXT(2) 
PARAMETRIC_REPRESENTATION_CONTEXT() REPRESENTATION_CONTEXT('2D SPACE',''
  ) );
#992 = ORIENTED_EDGE('',*,*,#470,.T.);
#993 = ORIENTED_EDGE('',*,*,#274,.T.);
#994 = ORIENTED_EDGE('',*,*,#995,.F.);
#995 = EDGE_CURVE('',#968,#275,#996,.T.);
#996 = SURFACE_CURVE('',#997,(#1002,#1009),.PCURVE_S1.);
#997 = CIRCLE('',#998,6.5);
#998 = AXIS2_PLACEMENT_3D('',#999,#1000,#1001);
#999 = CARTESIAN_POINT('',(7.,7.,3.));
#1000 = DIRECTION('',(-0.,-0.,-1.));
#1001 = DIRECTION('',(0.,-1.,0.));
#1002 = PCURVE('',#289,#1003);
#1003 = DEFINITIONAL_REPRESENTATION('',(#1004),#1008);
#1004 = LINE('',#1005,#1006);
#1005 = CARTESIAN_POINT('',(-0.,-0.5));
#1006 = VECTOR('',#1007,1.);
#1007 = DIRECTION('',(-1.,-0.));
#1008 = ( GEOMETRIC_REPRESENTATION_CONTEXT(2) 
PARAMETRIC_REPRESENTATION_CONTEXT() REPRESENTATION_CONTEXT('2D SPACE',''
  ) );
#1009 = PCURVE('',#336,#1010);
#1010 = DEFINITIONAL_REPRESENTATION('',(#1011),#1019);
#1011 = ( BOUNDED_CURVE() B_SPLINE_CURVE(2,(#1012,#1013,#1014,#1015,
#1016,#1017,#1018),.UNSPECIFIED.,.T.,.F.) B_SPLINE_CURVE_WITH_KNOTS((1,2
    ,2,2,2,1),(-2.094395102393,0.,2.094395102393,4.188790204786,
6.28318530718,8.377580409573),.UNSPECIFIED.) CURVE() 
GEOMETRIC_REPRESENTATION_ITEM() RATIONAL_B_SPLINE_CURVE((1.,0.5,1.,0.5,
1.,0.5,1.)) REPRESENTATION_ITEM('') );
#1012 = CARTESIAN_POINT('',(-72.475,-48.5));
#1013 = CARTESIAN_POINT('',(-83.73333024919,-48.5));
#1014 = CARTESIAN_POINT('',(-78.10416512459,-38.75));
#1015 = CARTESIAN_POINT('',(-72.475,-29.));
#1016 = CARTESIAN_POINT('',(-66.8458348754,-38.75));
#1017 = CARTESIAN_POINT('',(-61.2166697508,-48.5));
#1018 = CARTESIAN_POINT('',(-72.475,-48.5));
#1019 = ( GEOMETRIC_REPRESENTATION_CONTEXT(2) 
PARAMETRIC_REPRESENTATION_CONTEXT() REPRESENTATION_CONTEXT('2D SPACE',''
  ) );
#1020 = ADVANCED_FACE('',(#1021,#1164),#336,.F.);
#1021 = FACE_BOUND('',#1022,.F.);
#1022 = EDGE_LOOP('',(#1023,#1024,#1025,#1048,#1081,#1109,#1142,#1163));
#1023 = ORIENTED_EDGE('',*,*,#322,.F.);
#1024 = ORIENTED_EDGE('',*,*,#995,.F.);
#1025 = ORIENTED_EDGE('',*,*,#1026,.F.);
#1026 = EDGE_CURVE('',#1027,#968,#1029,.T.);
#1027 = VERTEX_POINT('',#1028);
#1028 = CARTESIAN_POINT('',(151.95,0.5,3.));
#1029 = SURFACE_CURVE('',#1030,(#1034,#1041),.PCURVE_S1.);
#1030 = LINE('',#1031,#1032);
#1031 = CARTESIAN_POINT('',(151.95,0.5,3.));
#1032 = VECTOR('',#1033,1.);
#1033 = DIRECTION('',(-1.,-0.,-0.));
#1034 = PCURVE('',#336,#1035);
#1035 = DEFINITIONAL_REPRESENTATION('',(#1036),#1040);
#1036 = LINE('',#1037,#1038);
#1037 = CARTESIAN_POINT('',(72.475,-48.5));
#1038 = VECTOR('',#1039,1.);
#1039 = DIRECTION('',(-1.,0.));
#1040 = ( GEOMETRIC_REPRESENTATION_CONTEXT(2) 
PARAMETRIC_REPRESENTATION_CONTEXT() REPRESENTATION_CONTEXT('2D SPACE',''
  ) );
#1041 = PCURVE('',#982,#1042);
#1042 = DEFINITIONAL_REPRESENTATION('',(#1043),#1047);
#1043 = LINE('',#1044,#1045);
#1044 = CARTESIAN_POINT('',(0.,0.353553390593));
#1045 = VECTOR('',#1046,1.);
#1046 = DIRECTION('',(1.,0.));
#1047 = ( GEOMETRIC_REPRESENTATION_CONTEXT(2) 
PARAMETRIC_REPRESENTATION_CONTEXT() REPRESENTATION_CONTEXT('2D SPACE',''
  ) );
#1048 = ORIENTED_EDGE('',*,*,#1049,.F.);
#1049 = EDGE_CURVE('',#1050,#1027,#1052,.T.);
#1050 = VERTEX_POINT('',#1051);
#1051 = CARTESIAN_POINT('',(158.45,7.,3.));
#1052 = SURFACE_CURVE('',#1053,(#1058,#1069),.PCURVE_S1.);
#1053 = CIRCLE('',#1054,6.5);
#1054 = AXIS2_PLACEMENT_3D('',#1055,#1056,#1057);
#1055 = CARTESIAN_POINT('',(151.95,7.,3.));
#1056 = DIRECTION('',(0.,-0.,-1.));
#1057 = DIRECTION('',(1.,0.,-0.));
#1058 = PCURVE('',#336,#1059);
#1059 = DEFINITIONAL_REPRESENTATION('',(#1060),#1068);
#1060 = ( BOUNDED_CURVE() B_SPLINE_CURVE(2,(#1061,#1062,#1063,#1064,
#1065,#1066,#1067),.UNSPECIFIED.,.T.,.F.) B_SPLINE_CURVE_WITH_KNOTS((1,2
    ,2,2,2,1),(-2.094395102393,0.,2.094395102393,4.188790204786,
6.28318530718,8.377580409573),.UNSPECIFIED.) CURVE() 
GEOMETRIC_REPRESENTATION_ITEM() RATIONAL_B_SPLINE_CURVE((1.,0.5,1.,0.5,
1.,0.5,1.)) REPRESENTATION_ITEM('') );
#1061 = CARTESIAN_POINT('',(78.975,-42.));
#1062 = CARTESIAN_POINT('',(78.975,-53.25833024919));
#1063 = CARTESIAN_POINT('',(69.225,-47.62916512459));
#1064 = CARTESIAN_POINT('',(59.475,-42.));
#1065 = CARTESIAN_POINT('',(69.225,-36.3708348754));
#1066 = CARTESIAN_POINT('',(78.975,-30.7416697508));
#1067 = CARTESIAN_POINT('',(78.975,-42.));
#1068 = ( GEOMETRIC_REPRESENTATION_CONTEXT(2) 
PARAMETRIC_REPRESENTATION_CONTEXT() REPRESENTATION_CONTEXT('2D SPACE',''
  ) );
#1069 = PCURVE('',#1070,#1075);
#1070 = CONICAL_SURFACE('',#1071,7.,0.785398163397);
#1071 = AXIS2_PLACEMENT_3D('',#1072,#1073,#1074);
#1072 = CARTESIAN_POINT('',(151.95,7.,3.5));
#1073 = DIRECTION('',(0.,0.,1.));
#1074 = DIRECTION('',(1.,0.,-0.));
#1075 = DEFINITIONAL_REPRESENTATION('',(#1076),#1080);
#1076 = LINE('',#1077,#1078);
#1077 = CARTESIAN_POINT('',(-0.,-0.5));
#1078 = VECTOR('',#1079,1.);
#1079 = DIRECTION('',(-1.,-0.));
#1080 = ( GEOMETRIC_REPRESENTATION_CONTEXT(2) 
PARAMETRIC_REPRESENTATION_CONTEXT() REPRESENTATION_CONTEXT('2D SPACE',''
  ) );
#1081 = ORIENTED_EDGE('',*,*,#1082,.F.);
#1082 = EDGE_CURVE('',#1083,#1050,#1085,.T.);
#1083 = VERTEX_POINT('',#1084);
#1084 = CARTESIAN_POINT('',(158.45,91.,3.));
#1085 = SURFACE_CURVE('',#1086,(#1090,#1097),.PCURVE_S1.);
#1086 = LINE('',#1087,#1088);
#1087 = CARTESIAN_POINT('',(158.45,91.,3.));
#1088 = VECTOR('',#1089,1.);
#1089 = DIRECTION('',(-0.,-1.,-0.));
#1090 = PCURVE('',#336,#1091);
#1091 = DEFINITIONAL_REPRESENTATION('',(#1092),#1096);
#1092 = LINE('',#1093,#1094);
#1093 = CARTESIAN_POINT('',(78.975,42.));
#1094 = VECTOR('',#1095,1.);
#1095 = DIRECTION('',(0.,-1.));
#1096 = ( GEOMETRIC_REPRESENTATION_CONTEXT(2) 
PARAMETRIC_REPRESENTATION_CONTEXT() REPRESENTATION_CONTEXT('2D SPACE',''
  ) );
#1097 = PCURVE('',#1098,#1103);
#1098 = PLANE('',#1099);
#1099 = AXIS2_PLACEMENT_3D('',#1100,#1101,#1102);
#1100 = CARTESIAN_POINT('',(158.7,91.,3.25));
#1101 = DIRECTION('',(0.707106781187,0.,-0.707106781187));
#1102 = DIRECTION('',(0.,-1.,-0.));
#1103 = DEFINITIONAL_REPRESENTATION('',(#1104),#1108);
#1104 = LINE('',#1105,#1106);
#1105 = CARTESIAN_POINT('',(0.,0.353553390593));
#1106 = VECTOR('',#1107,1.);
#1107 = DIRECTION('',(1.,0.));
#1108 = ( GEOMETRIC_REPRESENTATION_CONTEXT(2) 
PARAMETRIC_REPRESENTATION_CONTEXT() REPRESENTATION_CONTEXT('2D SPACE',''
  ) );
#1109 = ORIENTED_EDGE('',*,*,#1110,.F.);
#1110 = EDGE_CURVE('',#1111,#1083,#1113,.T.);
#1111 = VERTEX_POINT('',#1112);
#1112 = CARTESIAN_POINT('',(151.95,97.5,3.));
#1113 = SURFACE_CURVE('',#1114,(#1119,#1130),.PCURVE_S1.);
#1114 = CIRCLE('',#1115,6.5);
#1115 = AXIS2_PLACEMENT_3D('',#1116,#1117,#1118);
#1116 = CARTESIAN_POINT('',(151.95,91.,3.));
#1117 = DIRECTION('',(0.,-0.,-1.));
#1118 = DIRECTION('',(0.,1.,-0.));
#1119 = PCURVE('',#336,#1120);
#1120 = DEFINITIONAL_REPRESENTATION('',(#1121),#1129);
#1121 = ( BOUNDED_CURVE() B_SPLINE_CURVE(2,(#1122,#1123,#1124,#1125,
#1126,#1127,#1128),.UNSPECIFIED.,.T.,.F.) B_SPLINE_CURVE_WITH_KNOTS((1,2
    ,2,2,2,1),(-2.094395102393,0.,2.094395102393,4.188790204786,
6.28318530718,8.377580409573),.UNSPECIFIED.) CURVE() 
GEOMETRIC_REPRESENTATION_ITEM() RATIONAL_B_SPLINE_CURVE((1.,0.5,1.,0.5,
1.,0.5,1.)) REPRESENTATION_ITEM('') );
#1122 = CARTESIAN_POINT('',(72.475,48.5));
#1123 = CARTESIAN_POINT('',(83.733330249198,48.5));
#1124 = CARTESIAN_POINT('',(78.104165124599,38.75));
#1125 = CARTESIAN_POINT('',(72.475,29.));
#1126 = CARTESIAN_POINT('',(66.845834875401,38.75));
#1127 = CARTESIAN_POINT('',(61.216669750802,48.5));
#1128 = CARTESIAN_POINT('',(72.475,48.5));
#1129 = ( GEOMETRIC_REPRESENTATION_CONTEXT(2) 
PARAMETRIC_REPRESENTATION_CONTEXT() REPRESENTATION_CONTEXT('2D SPACE',''
  ) );
#1130 = PCURVE('',#1131,#1136);
#1131 = CONICAL_SURFACE('',#1132,7.,0.785398163397);
#1132 = AXIS2_PLACEMENT_3D('',#1133,#1134,#1135);
#1133 = CARTESIAN_POINT('',(151.95,91.,3.5));
#1134 = DIRECTION('',(0.,0.,1.));
#1135 = DIRECTION('',(0.,1.,0.));
#1136 = DEFINITIONAL_REPRESENTATION('',(#1137),#1141);
#1137 = LINE('',#1138,#1139);
#1138 = CARTESIAN_POINT('',(-0.,-0.5));
#1139 = VECTOR('',#1140,1.);
#1140 = DIRECTION('',(-1.,-0.));
#1141 = ( GEOMETRIC_REPRESENTATION_CONTEXT(2) 
PARAMETRIC_REPRESENTATION_CONTEXT() REPRESENTATION_CONTEXT('2D SPACE',''
  ) );
#1142 = ORIENTED_EDGE('',*,*,#1143,.F.);
#1143 = EDGE_CURVE('',#530,#1111,#1144,.T.);
#1144 = SURFACE_CURVE('',#1145,(#1149,#1156),.PCURVE_S1.);
#1145 = LINE('',#1146,#1147);
#1146 = CARTESIAN_POINT('',(7.,97.5,3.));
#1147 = VECTOR('',#1148,1.);
#1148 = DIRECTION('',(1.,0.,0.));
#1149 = PCURVE('',#336,#1150);
#1150 = DEFINITIONAL_REPRESENTATION('',(#1151),#1155);
#1151 = LINE('',#1152,#1153);
#1152 = CARTESIAN_POINT('',(-72.475,48.5));
#1153 = VECTOR('',#1154,1.);
#1154 = DIRECTION('',(1.,0.));
#1155 = ( GEOMETRIC_REPRESENTATION_CONTEXT(2) 
PARAMETRIC_REPRESENTATION_CONTEXT() REPRESENTATION_CONTEXT('2D SPACE',''
  ) );
#1156 = PCURVE('',#544,#1157);
#1157 = DEFINITIONAL_REPRESENTATION('',(#1158),#1162);
#1158 = LINE('',#1159,#1160);
#1159 = CARTESIAN_POINT('',(-0.,0.353553390593));
#1160 = VECTOR('',#1161,1.);
#1161 = DIRECTION('',(-1.,0.));
#1162 = ( GEOMETRIC_REPRESENTATION_CONTEXT(2) 
PARAMETRIC_REPRESENTATION_CONTEXT() REPRESENTATION_CONTEXT('2D SPACE',''
  ) );
#1163 = ORIENTED_EDGE('',*,*,#555,.F.);
#1164 = FACE_BOUND('',#1165,.F.);
#1165 = EDGE_LOOP('',(#1166,#1197,#1225,#1254,#1282,#1311,#1339,#1368,
    #1396,#1425,#1453,#1482,#1510,#1539,#1567,#1596));
#1166 = ORIENTED_EDGE('',*,*,#1167,.F.);
#1167 = EDGE_CURVE('',#1168,#1170,#1172,.T.);
#1168 = VERTEX_POINT('',#1169);
#1169 = CARTESIAN_POINT('',(3.,8.996873254189,3.));
#1170 = VERTEX_POINT('',#1171);
#1171 = CARTESIAN_POINT('',(8.996873254189,3.,3.));
#1172 = SURFACE_CURVE('',#1173,(#1178,#1185),.PCURVE_S1.);
#1173 = CIRCLE('',#1174,4.25);
#1174 = AXIS2_PLACEMENT_3D('',#1175,#1176,#1177);
#1175 = CARTESIAN_POINT('',(6.2,6.2,3.));
#1176 = DIRECTION('',(0.,0.,1.));
#1177 = DIRECTION('',(1.,0.,-0.));
#1178 = PCURVE('',#336,#1179);
#1179 = DEFINITIONAL_REPRESENTATION('',(#1180),#1184);
#1180 = CIRCLE('',#1181,4.25);
#1181 = AXIS2_PLACEMENT_2D('',#1182,#1183);
#1182 = CARTESIAN_POINT('',(-73.275,-42.8));
#1183 = DIRECTION('',(1.,0.));
#1184 = ( GEOMETRIC_REPRESENTATION_CONTEXT(2) 
PARAMETRIC_REPRESENTATION_CONTEXT() REPRESENTATION_CONTEXT('2D SPACE',''
  ) );
#1185 = PCURVE('',#1186,#1191);
#1186 = CYLINDRICAL_SURFACE('',#1187,4.25);
#1187 = AXIS2_PLACEMENT_3D('',#1188,#1189,#1190);
#1188 = CARTESIAN_POINT('',(6.2,6.2,0.));
#1189 = DIRECTION('',(0.,0.,1.));
#1190 = DIRECTION('',(1.,0.,-0.));
#1191 = DEFINITIONAL_REPRESENTATION('',(#1192),#1196);
#1192 = LINE('',#1193,#1194);
#1193 = CARTESIAN_POINT('',(0.,3.));
#1194 = VECTOR('',#1195,1.);
#1195 = DIRECTION('',(1.,0.));
#1196 = ( GEOMETRIC_REPRESENTATION_CONTEXT(2) 
PARAMETRIC_REPRESENTATION_CONTEXT() REPRESENTATION_CONTEXT('2D SPACE',''
  ) );
#1197 = ORIENTED_EDGE('',*,*,#1198,.T.);
#1198 = EDGE_CURVE('',#1168,#1199,#1201,.T.);
#1199 = VERTEX_POINT('',#1200);
#1200 = CARTESIAN_POINT('',(3.,89.003126745811,3.));
#1201 = SURFACE_CURVE('',#1202,(#1206,#1213),.PCURVE_S1.);
#1202 = LINE('',#1203,#1204);
#1203 = CARTESIAN_POINT('',(3.,49.,3.));
#1204 = VECTOR('',#1205,1.);
#1205 = DIRECTION('',(0.,1.,0.));
#1206 = PCURVE('',#336,#1207);
#1207 = DEFINITIONAL_REPRESENTATION('',(#1208),#1212);
#1208 = LINE('',#1209,#1210);
#1209 = CARTESIAN_POINT('',(-76.475,-7.085847749092E-16));
#1210 = VECTOR('',#1211,1.);
#1211 = DIRECTION('',(0.,1.));
#1212 = ( GEOMETRIC_REPRESENTATION_CONTEXT(2) 
PARAMETRIC_REPRESENTATION_CONTEXT() REPRESENTATION_CONTEXT('2D SPACE',''
  ) );
#1213 = PCURVE('',#1214,#1219);
#1214 = PLANE('',#1215);
#1215 = AXIS2_PLACEMENT_3D('',#1216,#1217,#1218);
#1216 = CARTESIAN_POINT('',(3.,7.,3.));
#1217 = DIRECTION('',(-1.,0.,0.));
#1218 = DIRECTION('',(0.,1.,0.));
#1219 = DEFINITIONAL_REPRESENTATION('',(#1220),#1224);
#1220 = LINE('',#1221,#1222);
#1221 = CARTESIAN_POINT('',(42.,0.));
#1222 = VECTOR('',#1223,1.);
#1223 = DIRECTION('',(1.,0.));
#1224 = ( GEOMETRIC_REPRESENTATION_CONTEXT(2) 
PARAMETRIC_REPRESENTATION_CONTEXT() REPRESENTATION_CONTEXT('2D SPACE',''
  ) );
#1225 = ORIENTED_EDGE('',*,*,#1226,.F.);
#1226 = EDGE_CURVE('',#1227,#1199,#1229,.T.);
#1227 = VERTEX_POINT('',#1228);
#1228 = CARTESIAN_POINT('',(8.99687325419,95.,3.));
#1229 = SURFACE_CURVE('',#1230,(#1235,#1242),.PCURVE_S1.);
#1230 = CIRCLE('',#1231,4.25);
#1231 = AXIS2_PLACEMENT_3D('',#1232,#1233,#1234);
#1232 = CARTESIAN_POINT('',(6.2,91.8,3.));
#1233 = DIRECTION('',(0.,0.,1.));
#1234 = DIRECTION('',(1.,0.,-0.));
#1235 = PCURVE('',#336,#1236);
#1236 = DEFINITIONAL_REPRESENTATION('',(#1237),#1241);
#1237 = CIRCLE('',#1238,4.25);
#1238 = AXIS2_PLACEMENT_2D('',#1239,#1240);
#1239 = CARTESIAN_POINT('',(-73.275,42.8));
#1240 = DIRECTION('',(1.,0.));
#1241 = ( GEOMETRIC_REPRESENTATION_CONTEXT(2) 
PARAMETRIC_REPRESENTATION_CONTEXT() REPRESENTATION_CONTEXT('2D SPACE',''
  ) );
#1242 = PCURVE('',#1243,#1248);
#1243 = CYLINDRICAL_SURFACE('',#1244,4.25);
#1244 = AXIS2_PLACEMENT_3D('',#1245,#1246,#1247);
#1245 = CARTESIAN_POINT('',(6.2,91.8,0.));
#1246 = DIRECTION('',(0.,0.,1.));
#1247 = DIRECTION('',(1.,0.,-0.));
#1248 = DEFINITIONAL_REPRESENTATION('',(#1249),#1253);
#1249 = LINE('',#1250,#1251);
#1250 = CARTESIAN_POINT('',(0.,3.));
#1251 = VECTOR('',#1252,1.);
#1252 = DIRECTION('',(1.,0.));
#1253 = ( GEOMETRIC_REPRESENTATION_CONTEXT(2) 
PARAMETRIC_REPRESENTATION_CONTEXT() REPRESENTATION_CONTEXT('2D SPACE',''
  ) );
#1254 = ORIENTED_EDGE('',*,*,#1255,.T.);
#1255 = EDGE_CURVE('',#1227,#1256,#1258,.T.);
#1256 = VERTEX_POINT('',#1257);
#1257 = CARTESIAN_POINT('',(54.67812674581,95.,3.));
#1258 = SURFACE_CURVE('',#1259,(#1263,#1270),.PCURVE_S1.);
#1259 = LINE('',#1260,#1261);
#1260 = CARTESIAN_POINT('',(79.475,95.,3.));
#1261 = VECTOR('',#1262,1.);
#1262 = DIRECTION('',(1.,0.,0.));
#1263 = PCURVE('',#336,#1264);
#1264 = DEFINITIONAL_REPRESENTATION('',(#1265),#1269);
#1265 = LINE('',#1266,#1267);
#1266 = CARTESIAN_POINT('',(-2.437531625688E-15,46.));
#1267 = VECTOR('',#1268,1.);
#1268 = DIRECTION('',(1.,0.));
#1269 = ( GEOMETRIC_REPRESENTATION_CONTEXT(2) 
PARAMETRIC_REPRESENTATION_CONTEXT() REPRESENTATION_CONTEXT('2D SPACE',''
  ) );
#1270 = PCURVE('',#1271,#1276);
#1271 = PLANE('',#1272);
#1272 = AXIS2_PLACEMENT_3D('',#1273,#1274,#1275);
#1273 = CARTESIAN_POINT('',(7.,95.,3.));
#1274 = DIRECTION('',(0.,1.,0.));
#1275 = DIRECTION('',(1.,0.,0.));
#1276 = DEFINITIONAL_REPRESENTATION('',(#1277),#1281);
#1277 = LINE('',#1278,#1279);
#1278 = CARTESIAN_POINT('',(72.475,0.));
#1279 = VECTOR('',#1280,1.);
#1280 = DIRECTION('',(1.,0.));
#1281 = ( GEOMETRIC_REPRESENTATION_CONTEXT(2) 
PARAMETRIC_REPRESENTATION_CONTEXT() REPRESENTATION_CONTEXT('2D SPACE',''
  ) );
#1282 = ORIENTED_EDGE('',*,*,#1283,.F.);
#1283 = EDGE_CURVE('',#1284,#1256,#1286,.T.);
#1284 = VERTEX_POINT('',#1285);
#1285 = CARTESIAN_POINT('',(60.27187325419,95.,3.));
#1286 = SURFACE_CURVE('',#1287,(#1292,#1299),.PCURVE_S1.);
#1287 = CIRCLE('',#1288,4.25);
#1288 = AXIS2_PLACEMENT_3D('',#1289,#1290,#1291);
#1289 = CARTESIAN_POINT('',(57.475,91.8,3.));
#1290 = DIRECTION('',(0.,0.,1.));
#1291 = DIRECTION('',(1.,0.,-0.));
#1292 = PCURVE('',#336,#1293);
#1293 = DEFINITIONAL_REPRESENTATION('',(#1294),#1298);
#1294 = CIRCLE('',#1295,4.25);
#1295 = AXIS2_PLACEMENT_2D('',#1296,#1297);
#1296 = CARTESIAN_POINT('',(-22.,42.8));
#1297 = DIRECTION('',(1.,0.));
#1298 = ( GEOMETRIC_REPRESENTATION_CONTEXT(2) 
PARAMETRIC_REPRESENTATION_CONTEXT() REPRESENTATION_CONTEXT('2D SPACE',''
  ) );
#1299 = PCURVE('',#1300,#1305);
#1300 = CYLINDRICAL_SURFACE('',#1301,4.25);
#1301 = AXIS2_PLACEMENT_3D('',#1302,#1303,#1304);
#1302 = CARTESIAN_POINT('',(57.475,91.8,0.));
#1303 = DIRECTION('',(0.,0.,1.));
#1304 = DIRECTION('',(1.,0.,-0.));
#1305 = DEFINITIONAL_REPRESENTATION('',(#1306),#1310);
#1306 = LINE('',#1307,#1308);
#1307 = CARTESIAN_POINT('',(0.,3.));
#1308 = VECTOR('',#1309,1.);
#1309 = DIRECTION('',(1.,0.));
#1310 = ( GEOMETRIC_REPRESENTATION_CONTEXT(2) 
PARAMETRIC_REPRESENTATION_CONTEXT() REPRESENTATION_CONTEXT('2D SPACE',''
  ) );
#1311 = ORIENTED_EDGE('',*,*,#1312,.T.);
#1312 = EDGE_CURVE('',#1284,#1313,#1315,.T.);
#1313 = VERTEX_POINT('',#1314);
#1314 = CARTESIAN_POINT('',(98.67812674581,95.,3.));
#1315 = SURFACE_CURVE('',#1316,(#1320,#1327),.PCURVE_S1.);
#1316 = LINE('',#1317,#1318);
#1317 = CARTESIAN_POINT('',(79.475,95.,3.));
#1318 = VECTOR('',#1319,1.);
#1319 = DIRECTION('',(1.,0.,0.));
#1320 = PCURVE('',#336,#1321);
#1321 = DEFINITIONAL_REPRESENTATION('',(#1322),#1326);
#1322 = LINE('',#1323,#1324);
#1323 = CARTESIAN_POINT('',(-2.437531625688E-15,46.));
#1324 = VECTOR('',#1325,1.);
#1325 = DIRECTION('',(1.,0.));
#1326 = ( GEOMETRIC_REPRESENTATION_CONTEXT(2) 
PARAMETRIC_REPRESENTATION_CONTEXT() REPRESENTATION_CONTEXT('2D SPACE',''
  ) );
#1327 = PCURVE('',#1328,#1333);
#1328 = PLANE('',#1329);
#1329 = AXIS2_PLACEMENT_3D('',#1330,#1331,#1332);
#1330 = CARTESIAN_POINT('',(7.,95.,3.));
#1331 = DIRECTION('',(0.,1.,0.));
#1332 = DIRECTION('',(1.,0.,0.));
#1333 = DEFINITIONAL_REPRESENTATION('',(#1334),#1338);
#1334 = LINE('',#1335,#1336);
#1335 = CARTESIAN_POINT('',(72.475,0.));
#1336 = VECTOR('',#1337,1.);
#1337 = DIRECTION('',(1.,0.));
#1338 = ( GEOMETRIC_REPRESENTATION_CONTEXT(2) 
PARAMETRIC_REPRESENTATION_CONTEXT() REPRESENTATION_CONTEXT('2D SPACE',''
  ) );
#1339 = ORIENTED_EDGE('',*,*,#1340,.F.);
#1340 = EDGE_CURVE('',#1341,#1313,#1343,.T.);
#1341 = VERTEX_POINT('',#1342);
#1342 = CARTESIAN_POINT('',(104.27187325419,95.,3.));
#1343 = SURFACE_CURVE('',#1344,(#1349,#1356),.PCURVE_S1.);
#1344 = CIRCLE('',#1345,4.25);
#1345 = AXIS2_PLACEMENT_3D('',#1346,#1347,#1348);
#1346 = CARTESIAN_POINT('',(101.475,91.8,3.));
#1347 = DIRECTION('',(0.,0.,1.));
#1348 = DIRECTION('',(1.,0.,-0.));
#1349 = PCURVE('',#336,#1350);
#1350 = DEFINITIONAL_REPRESENTATION('',(#1351),#1355);
#1351 = CIRCLE('',#1352,4.25);
#1352 = AXIS2_PLACEMENT_2D('',#1353,#1354);
#1353 = CARTESIAN_POINT('',(22.,42.8));
#1354 = DIRECTION('',(1.,0.));
#1355 = ( GEOMETRIC_REPRESENTATION_CONTEXT(2) 
PARAMETRIC_REPRESENTATION_CONTEXT() REPRESENTATION_CONTEXT('2D SPACE',''
  ) );
#1356 = PCURVE('',#1357,#1362);
#1357 = CYLINDRICAL_SURFACE('',#1358,4.25);
#1358 = AXIS2_PLACEMENT_3D('',#1359,#1360,#1361);
#1359 = CARTESIAN_POINT('',(101.475,91.8,0.));
#1360 = DIRECTION('',(0.,0.,1.));
#1361 = DIRECTION('',(1.,0.,-0.));
#1362 = DEFINITIONAL_REPRESENTATION('',(#1363),#1367);
#1363 = LINE('',#1364,#1365);
#1364 = CARTESIAN_POINT('',(0.,3.));
#1365 = VECTOR('',#1366,1.);
#1366 = DIRECTION('',(1.,0.));
#1367 = ( GEOMETRIC_REPRESENTATION_CONTEXT(2) 
PARAMETRIC_REPRESENTATION_CONTEXT() REPRESENTATION_CONTEXT('2D SPACE',''
  ) );
#1368 = ORIENTED_EDGE('',*,*,#1369,.T.);
#1369 = EDGE_CURVE('',#1341,#1370,#1372,.T.);
#1370 = VERTEX_POINT('',#1371);
#1371 = CARTESIAN_POINT('',(149.95312674581,95.,3.));
#1372 = SURFACE_CURVE('',#1373,(#1377,#1384),.PCURVE_S1.);
#1373 = LINE('',#1374,#1375);
#1374 = CARTESIAN_POINT('',(79.475,95.,3.));
#1375 = VECTOR('',#1376,1.);
#1376 = DIRECTION('',(1.,0.,0.));
#1377 = PCURVE('',#336,#1378);
#1378 = DEFINITIONAL_REPRESENTATION('',(#1379),#1383);
#1379 = LINE('',#1380,#1381);
#1380 = CARTESIAN_POINT('',(-2.437531625688E-15,46.));
#1381 = VECTOR('',#1382,1.);
#1382 = DIRECTION('',(1.,0.));
#1383 = ( GEOMETRIC_REPRESENTATION_CONTEXT(2) 
PARAMETRIC_REPRESENTATION_CONTEXT() REPRESENTATION_CONTEXT('2D SPACE',''
  ) );
#1384 = PCURVE('',#1385,#1390);
#1385 = PLANE('',#1386);
#1386 = AXIS2_PLACEMENT_3D('',#1387,#1388,#1389);
#1387 = CARTESIAN_POINT('',(7.,95.,3.));
#1388 = DIRECTION('',(0.,1.,0.));
#1389 = DIRECTION('',(1.,0.,0.));
#1390 = DEFINITIONAL_REPRESENTATION('',(#1391),#1395);
#1391 = LINE('',#1392,#1393);
#1392 = CARTESIAN_POINT('',(72.475,0.));
#1393 = VECTOR('',#1394,1.);
#1394 = DIRECTION('',(1.,0.));
#1395 = ( GEOMETRIC_REPRESENTATION_CONTEXT(2) 
PARAMETRIC_REPRESENTATION_CONTEXT() REPRESENTATION_CONTEXT('2D SPACE',''
  ) );
#1396 = ORIENTED_EDGE('',*,*,#1397,.F.);
#1397 = EDGE_CURVE('',#1398,#1370,#1400,.T.);
#1398 = VERTEX_POINT('',#1399);
#1399 = CARTESIAN_POINT('',(155.95,89.00312674581,3.));
#1400 = SURFACE_CURVE('',#1401,(#1406,#1413),.PCURVE_S1.);
#1401 = CIRCLE('',#1402,4.25);
#1402 = AXIS2_PLACEMENT_3D('',#1403,#1404,#1405);
#1403 = CARTESIAN_POINT('',(152.75,91.8,3.));
#1404 = DIRECTION('',(-0.,0.,1.));
#1405 = DIRECTION('',(0.75294117647,-0.658087824515,0.));
#1406 = PCURVE('',#336,#1407);
#1407 = DEFINITIONAL_REPRESENTATION('',(#1408),#1412);
#1408 = CIRCLE('',#1409,4.25);
#1409 = AXIS2_PLACEMENT_2D('',#1410,#1411);
#1410 = CARTESIAN_POINT('',(73.275,42.8));
#1411 = DIRECTION('',(0.75294117647,-0.658087824515));
#1412 = ( GEOMETRIC_REPRESENTATION_CONTEXT(2) 
PARAMETRIC_REPRESENTATION_CONTEXT() REPRESENTATION_CONTEXT('2D SPACE',''
  ) );
#1413 = PCURVE('',#1414,#1419);
#1414 = CYLINDRICAL_SURFACE('',#1415,4.25);
#1415 = AXIS2_PLACEMENT_3D('',#1416,#1417,#1418);
#1416 = CARTESIAN_POINT('',(152.75,91.8,0.));
#1417 = DIRECTION('',(0.,0.,1.));
#1418 = DIRECTION('',(1.,0.,-0.));
#1419 = DEFINITIONAL_REPRESENTATION('',(#1420),#1424);
#1420 = LINE('',#1421,#1422);
#1421 = CARTESIAN_POINT('',(5.564908981945,3.));
#1422 = VECTOR('',#1423,1.);
#1423 = DIRECTION('',(1.,0.));
#1424 = ( GEOMETRIC_REPRESENTATION_CONTEXT(2) 
PARAMETRIC_REPRESENTATION_CONTEXT() REPRESENTATION_CONTEXT('2D SPACE',''
  ) );
#1425 = ORIENTED_EDGE('',*,*,#1426,.F.);
#1426 = EDGE_CURVE('',#1427,#1398,#1429,.T.);
#1427 = VERTEX_POINT('',#1428);
#1428 = CARTESIAN_POINT('',(155.95,8.996873254189,3.));
#1429 = SURFACE_CURVE('',#1430,(#1434,#1441),.PCURVE_S1.);
#1430 = LINE('',#1431,#1432);
#1431 = CARTESIAN_POINT('',(155.95,49.,3.));
#1432 = VECTOR('',#1433,1.);
#1433 = DIRECTION('',(0.,1.,0.));
#1434 = PCURVE('',#336,#1435);
#1435 = DEFINITIONAL_REPRESENTATION('',(#1436),#1440);
#1436 = LINE('',#1437,#1438);
#1437 = CARTESIAN_POINT('',(76.475,-7.085847749092E-16));
#1438 = VECTOR('',#1439,1.);
#1439 = DIRECTION('',(0.,1.));
#1440 = ( GEOMETRIC_REPRESENTATION_CONTEXT(2) 
PARAMETRIC_REPRESENTATION_CONTEXT() REPRESENTATION_CONTEXT('2D SPACE',''
  ) );
#1441 = PCURVE('',#1442,#1447);
#1442 = PLANE('',#1443);
#1443 = AXIS2_PLACEMENT_3D('',#1444,#1445,#1446);
#1444 = CARTESIAN_POINT('',(155.95,7.,3.));
#1445 = DIRECTION('',(-1.,0.,0.));
#1446 = DIRECTION('',(0.,1.,0.));
#1447 = DEFINITIONAL_REPRESENTATION('',(#1448),#1452);
#1448 = LINE('',#1449,#1450);
#1449 = CARTESIAN_POINT('',(42.,0.));
#1450 = VECTOR('',#1451,1.);
#1451 = DIRECTION('',(1.,0.));
#1452 = ( GEOMETRIC_REPRESENTATION_CONTEXT(2) 
PARAMETRIC_REPRESENTATION_CONTEXT() REPRESENTATION_CONTEXT('2D SPACE',''
  ) );
#1453 = ORIENTED_EDGE('',*,*,#1454,.F.);
#1454 = EDGE_CURVE('',#1455,#1427,#1457,.T.);
#1455 = VERTEX_POINT('',#1456);
#1456 = CARTESIAN_POINT('',(149.95312674581,3.,3.));
#1457 = SURFACE_CURVE('',#1458,(#1463,#1470),.PCURVE_S1.);
#1458 = CIRCLE('',#1459,4.25);
#1459 = AXIS2_PLACEMENT_3D('',#1460,#1461,#1462);
#1460 = CARTESIAN_POINT('',(152.75,6.2,3.));
#1461 = DIRECTION('',(0.,0.,1.));
#1462 = DIRECTION('',(-0.658087824515,-0.752941176471,0.));
#1463 = PCURVE('',#336,#1464);
#1464 = DEFINITIONAL_REPRESENTATION('',(#1465),#1469);
#1465 = CIRCLE('',#1466,4.25);
#1466 = AXIS2_PLACEMENT_2D('',#1467,#1468);
#1467 = CARTESIAN_POINT('',(73.275,-42.8));
#1468 = DIRECTION('',(-0.658087824515,-0.752941176471));
#1469 = ( GEOMETRIC_REPRESENTATION_CONTEXT(2) 
PARAMETRIC_REPRESENTATION_CONTEXT() REPRESENTATION_CONTEXT('2D SPACE',''
  ) );
#1470 = PCURVE('',#1471,#1476);
#1471 = CYLINDRICAL_SURFACE('',#1472,4.25);
#1472 = AXIS2_PLACEMENT_3D('',#1473,#1474,#1475);
#1473 = CARTESIAN_POINT('',(152.75,6.2,0.));
#1474 = DIRECTION('',(0.,0.,1.));
#1475 = DIRECTION('',(1.,0.,-0.));
#1476 = DEFINITIONAL_REPRESENTATION('',(#1477),#1481);
#1477 = LINE('',#1478,#1479);
#1478 = CARTESIAN_POINT('',(3.994112655151,3.));
#1479 = VECTOR('',#1480,1.);
#1480 = DIRECTION('',(1.,0.));
#1481 = ( GEOMETRIC_REPRESENTATION_CONTEXT(2) 
PARAMETRIC_REPRESENTATION_CONTEXT() REPRESENTATION_CONTEXT('2D SPACE',''
  ) );
#1482 = ORIENTED_EDGE('',*,*,#1483,.F.);
#1483 = EDGE_CURVE('',#1484,#1455,#1486,.T.);
#1484 = VERTEX_POINT('',#1485);
#1485 = CARTESIAN_POINT('',(109.32687325418,3.,3.));
#1486 = SURFACE_CURVE('',#1487,(#1491,#1498),.PCURVE_S1.);
#1487 = LINE('',#1488,#1489);
#1488 = CARTESIAN_POINT('',(79.475,3.,3.));
#1489 = VECTOR('',#1490,1.);
#1490 = DIRECTION('',(1.,0.,0.));
#1491 = PCURVE('',#336,#1492);
#1492 = DEFINITIONAL_REPRESENTATION('',(#1493),#1497);
#1493 = LINE('',#1494,#1495);
#1494 = CARTESIAN_POINT('',(-2.437531625688E-15,-46.));
#1495 = VECTOR('',#1496,1.);
#1496 = DIRECTION('',(1.,0.));
#1497 = ( GEOMETRIC_REPRESENTATION_CONTEXT(2) 
PARAMETRIC_REPRESENTATION_CONTEXT() REPRESENTATION_CONTEXT('2D SPACE',''
  ) );
#1498 = PCURVE('',#1499,#1504);
#1499 = PLANE('',#1500);
#1500 = AXIS2_PLACEMENT_3D('',#1501,#1502,#1503);
#1501 = CARTESIAN_POINT('',(7.,3.,3.));
#1502 = DIRECTION('',(0.,1.,0.));
#1503 = DIRECTION('',(1.,0.,0.));
#1504 = DEFINITIONAL_REPRESENTATION('',(#1505),#1509);
#1505 = LINE('',#1506,#1507);
#1506 = CARTESIAN_POINT('',(72.475,0.));
#1507 = VECTOR('',#1508,1.);
#1508 = DIRECTION('',(1.,0.));
#1509 = ( GEOMETRIC_REPRESENTATION_CONTEXT(2) 
PARAMETRIC_REPRESENTATION_CONTEXT() REPRESENTATION_CONTEXT('2D SPACE',''
  ) );
#1510 = ORIENTED_EDGE('',*,*,#1511,.F.);
#1511 = EDGE_CURVE('',#1512,#1484,#1514,.T.);
#1512 = VERTEX_POINT('',#1513);
#1513 = CARTESIAN_POINT('',(103.73312674581,3.,3.));
#1514 = SURFACE_CURVE('',#1515,(#1520,#1527),.PCURVE_S1.);
#1515 = CIRCLE('',#1516,4.25);
#1516 = AXIS2_PLACEMENT_3D('',#1517,#1518,#1519);
#1517 = CARTESIAN_POINT('',(106.53,6.2,3.));
#1518 = DIRECTION('',(0.,0.,1.));
#1519 = DIRECTION('',(1.,0.,-0.));
#1520 = PCURVE('',#336,#1521);
#1521 = DEFINITIONAL_REPRESENTATION('',(#1522),#1526);
#1522 = CIRCLE('',#1523,4.25);
#1523 = AXIS2_PLACEMENT_2D('',#1524,#1525);
#1524 = CARTESIAN_POINT('',(27.055,-42.8));
#1525 = DIRECTION('',(1.,0.));
#1526 = ( GEOMETRIC_REPRESENTATION_CONTEXT(2) 
PARAMETRIC_REPRESENTATION_CONTEXT() REPRESENTATION_CONTEXT('2D SPACE',''
  ) );
#1527 = PCURVE('',#1528,#1533);
#1528 = CYLINDRICAL_SURFACE('',#1529,4.25);
#1529 = AXIS2_PLACEMENT_3D('',#1530,#1531,#1532);
#1530 = CARTESIAN_POINT('',(106.53,6.2,0.));
#1531 = DIRECTION('',(0.,0.,1.));
#1532 = DIRECTION('',(1.,0.,-0.));
#1533 = DEFINITIONAL_REPRESENTATION('',(#1534),#1538);
#1534 = LINE('',#1535,#1536);
#1535 = CARTESIAN_POINT('',(0.,3.));
#1536 = VECTOR('',#1537,1.);
#1537 = DIRECTION('',(1.,0.));
#1538 = ( GEOMETRIC_REPRESENTATION_CONTEXT(2) 
PARAMETRIC_REPRESENTATION_CONTEXT() REPRESENTATION_CONTEXT('2D SPACE',''
  ) );
#1539 = ORIENTED_EDGE('',*,*,#1540,.F.);
#1540 = EDGE_CURVE('',#1541,#1512,#1543,.T.);
#1541 = VERTEX_POINT('',#1542);
#1542 = CARTESIAN_POINT('',(57.326873254189,3.,3.));
#1543 = SURFACE_CURVE('',#1544,(#1548,#1555),.PCURVE_S1.);
#1544 = LINE('',#1545,#1546);
#1545 = CARTESIAN_POINT('',(79.475,3.,3.));
#1546 = VECTOR('',#1547,1.);
#1547 = DIRECTION('',(1.,0.,0.));
#1548 = PCURVE('',#336,#1549);
#1549 = DEFINITIONAL_REPRESENTATION('',(#1550),#1554);
#1550 = LINE('',#1551,#1552);
#1551 = CARTESIAN_POINT('',(-2.437531625688E-15,-46.));
#1552 = VECTOR('',#1553,1.);
#1553 = DIRECTION('',(1.,0.));
#1554 = ( GEOMETRIC_REPRESENTATION_CONTEXT(2) 
PARAMETRIC_REPRESENTATION_CONTEXT() REPRESENTATION_CONTEXT('2D SPACE',''
  ) );
#1555 = PCURVE('',#1556,#1561);
#1556 = PLANE('',#1557);
#1557 = AXIS2_PLACEMENT_3D('',#1558,#1559,#1560);
#1558 = CARTESIAN_POINT('',(7.,3.,3.));
#1559 = DIRECTION('',(0.,1.,0.));
#1560 = DIRECTION('',(1.,0.,0.));
#1561 = DEFINITIONAL_REPRESENTATION('',(#1562),#1566);
#1562 = LINE('',#1563,#1564);
#1563 = CARTESIAN_POINT('',(72.475,0.));
#1564 = VECTOR('',#1565,1.);
#1565 = DIRECTION('',(1.,0.));
#1566 = ( GEOMETRIC_REPRESENTATION_CONTEXT(2) 
PARAMETRIC_REPRESENTATION_CONTEXT() REPRESENTATION_CONTEXT('2D SPACE',''
  ) );
#1567 = ORIENTED_EDGE('',*,*,#1568,.F.);
#1568 = EDGE_CURVE('',#1569,#1541,#1571,.T.);
#1569 = VERTEX_POINT('',#1570);
#1570 = CARTESIAN_POINT('',(51.733126745811,3.,3.));
#1571 = SURFACE_CURVE('',#1572,(#1577,#1584),.PCURVE_S1.);
#1572 = CIRCLE('',#1573,4.25);
#1573 = AXIS2_PLACEMENT_3D('',#1574,#1575,#1576);
#1574 = CARTESIAN_POINT('',(54.53,6.2,3.));
#1575 = DIRECTION('',(0.,0.,1.));
#1576 = DIRECTION('',(1.,0.,-0.));
#1577 = PCURVE('',#336,#1578);
#1578 = DEFINITIONAL_REPRESENTATION('',(#1579),#1583);
#1579 = CIRCLE('',#1580,4.25);
#1580 = AXIS2_PLACEMENT_2D('',#1581,#1582);
#1581 = CARTESIAN_POINT('',(-24.945,-42.8));
#1582 = DIRECTION('',(1.,0.));
#1583 = ( GEOMETRIC_REPRESENTATION_CONTEXT(2) 
PARAMETRIC_REPRESENTATION_CONTEXT() REPRESENTATION_CONTEXT('2D SPACE',''
  ) );
#1584 = PCURVE('',#1585,#1590);
#1585 = CYLINDRICAL_SURFACE('',#1586,4.25);
#1586 = AXIS2_PLACEMENT_3D('',#1587,#1588,#1589);
#1587 = CARTESIAN_POINT('',(54.53,6.2,0.));
#1588 = DIRECTION('',(0.,0.,1.));
#1589 = DIRECTION('',(1.,0.,-0.));
#1590 = DEFINITIONAL_REPRESENTATION('',(#1591),#1595);
#1591 = LINE('',#1592,#1593);
#1592 = CARTESIAN_POINT('',(0.,3.));
#1593 = VECTOR('',#1594,1.);
#1594 = DIRECTION('',(1.,0.));
#1595 = ( GEOMETRIC_REPRESENTATION_CONTEXT(2) 
PARAMETRIC_REPRESENTATION_CONTEXT() REPRESENTATION_CONTEXT('2D SPACE',''
  ) );
#1596 = ORIENTED_EDGE('',*,*,#1597,.F.);
#1597 = EDGE_CURVE('',#1170,#1569,#1598,.T.);
#1598 = SURFACE_CURVE('',#1599,(#1603,#1610),.PCURVE_S1.);
#1599 = LINE('',#1600,#1601);
#1600 = CARTESIAN_POINT('',(79.475,3.,3.));
#1601 = VECTOR('',#1602,1.);
#1602 = DIRECTION('',(1.,0.,0.));
#1603 = PCURVE('',#336,#1604);
#1604 = DEFINITIONAL_REPRESENTATION('',(#1605),#1609);
#1605 = LINE('',#1606,#1607);
#1606 = CARTESIAN_POINT('',(-2.437531625688E-15,-46.));
#1607 = VECTOR('',#1608,1.);
#1608 = DIRECTION('',(1.,0.));
#1609 = ( GEOMETRIC_REPRESENTATION_CONTEXT(2) 
PARAMETRIC_REPRESENTATION_CONTEXT() REPRESENTATION_CONTEXT('2D SPACE',''
  ) );
#1610 = PCURVE('',#1611,#1616);
#1611 = PLANE('',#1612);
#1612 = AXIS2_PLACEMENT_3D('',#1613,#1614,#1615);
#1613 = CARTESIAN_POINT('',(7.,3.,3.));
#1614 = DIRECTION('',(0.,1.,0.));
#1615 = DIRECTION('',(1.,0.,0.));
#1616 = DEFINITIONAL_REPRESENTATION('',(#1617),#1621);
#1617 = LINE('',#1618,#1619);
#1618 = CARTESIAN_POINT('',(72.475,0.));
#1619 = VECTOR('',#1620,1.);
#1620 = DIRECTION('',(1.,0.));
#1621 = ( GEOMETRIC_REPRESENTATION_CONTEXT(2) 
PARAMETRIC_REPRESENTATION_CONTEXT() REPRESENTATION_CONTEXT('2D SPACE',''
  ) );
#1622 = ADVANCED_FACE('',(#1623),#366,.T.);
#1623 = FACE_BOUND('',#1624,.T.);
#1624 = EDGE_LOOP('',(#1625,#1651,#1682,#1683));
#1625 = ORIENTED_EDGE('',*,*,#1626,.T.);
#1626 = EDGE_CURVE('',#443,#1627,#1629,.T.);
#1627 = VERTEX_POINT('',#1628);
#1628 = CARTESIAN_POINT('',(7.,0.492403876506,13.009691029405));
#1629 = SURFACE_CURVE('',#1630,(#1634,#1640),.PCURVE_S1.);
#1630 = LINE('',#1631,#1632);
#1631 = CARTESIAN_POINT('',(7.,0.246201938253,12.716278984988));
#1632 = VECTOR('',#1633,1.);
#1633 = DIRECTION('',(-7.703719777549E-34,0.642787609687,0.766044443119)
  );
#1634 = PCURVE('',#366,#1635);
#1635 = DEFINITIONAL_REPRESENTATION('',(#1636),#1639);
#1636 = B_SPLINE_CURVE_WITH_KNOTS('',1,(#1637,#1638),.UNSPECIFIED.,.F.,
  .F.,(2,2),(-0.383022221559,0.383022221559),.PIECEWISE_BEZIER_KNOTS.);
#1637 = CARTESIAN_POINT('',(0.,998.54718326711));
#1638 = CARTESIAN_POINT('',(10.992383127568,998.54718326711));
#1639 = ( GEOMETRIC_REPRESENTATION_CONTEXT(2) 
PARAMETRIC_REPRESENTATION_CONTEXT() REPRESENTATION_CONTEXT('2D SPACE',''
  ) );
#1640 = PCURVE('',#1641,#1646);
#1641 = PLANE('',#1642);
#1642 = AXIS2_PLACEMENT_3D('',#1643,#1644,#1645);
#1643 = CARTESIAN_POINT('',(151.95,0.246201938253,12.716278984988));
#1644 = DIRECTION('',(-6.959223673002E-18,0.766044443119,-0.642787609687
    ));
#1645 = DIRECTION('',(-1.,-5.331074623125E-18,4.473302750043E-18));
#1646 = DEFINITIONAL_REPRESENTATION('',(#1647),#1650);
#1647 = B_SPLINE_CURVE_WITH_KNOTS('',1,(#1648,#1649),.UNSPECIFIED.,.F.,
  .F.,(2,2),(-0.383022221559,0.383022221559),.PIECEWISE_BEZIER_KNOTS.);
#1648 = CARTESIAN_POINT('',(144.95,-0.383022221559));
#1649 = CARTESIAN_POINT('',(144.95,0.383022221559));
#1650 = ( GEOMETRIC_REPRESENTATION_CONTEXT(2) 
PARAMETRIC_REPRESENTATION_CONTEXT() REPRESENTATION_CONTEXT('2D SPACE',''
  ) );
#1651 = ORIENTED_EDGE('',*,*,#1652,.T.);
#1652 = EDGE_CURVE('',#1627,#352,#1653,.T.);
#1653 = SURFACE_CURVE('',#1654,(#1663,#1670),.PCURVE_S1.);
#1654 = B_SPLINE_CURVE_WITH_KNOTS('',7,(#1655,#1656,#1657,#1658,#1659,
    #1660,#1661,#1662),.UNSPECIFIED.,.F.,.F.,(8,8),(998.54718326711,
    1.009539566395E+03),.PIECEWISE_BEZIER_KNOTS.);
#1655 = CARTESIAN_POINT('',(7.,0.492403876506,13.009691029405));
#1656 = CARTESIAN_POINT('',(5.554644692445,0.492403876506,
    13.009691029405));
#1657 = CARTESIAN_POINT('',(4.102060760148,0.867827201624,13.07588829081
    ));
#1658 = CARTESIAN_POINT('',(2.762404338683,1.619398473315,
    13.208410583934));
#1659 = CARTESIAN_POINT('',(1.658289032459,2.702741747882,13.39943323261
    ));
#1660 = CARTESIAN_POINT('',(0.887890309596,4.023907383955,
    13.632390380234));
#1661 = CARTESIAN_POINT('',(0.500365972063,5.466230497229,
    13.886710860004));
#1662 = CARTESIAN_POINT('',(0.499999984491,6.913298556291,
    14.141868001738));
#1663 = PCURVE('',#366,#1664);
#1664 = DEFINITIONAL_REPRESENTATION('',(#1665),#1669);
#1665 = LINE('',#1666,#1667);
#1666 = CARTESIAN_POINT('',(10.992383127568,0.));
#1667 = VECTOR('',#1668,1.);
#1668 = DIRECTION('',(0.,1.));
#1669 = ( GEOMETRIC_REPRESENTATION_CONTEXT(2) 
PARAMETRIC_REPRESENTATION_CONTEXT() REPRESENTATION_CONTEXT('2D SPACE',''
  ) );
#1670 = PCURVE('',#425,#1671);
#1671 = DEFINITIONAL_REPRESENTATION('',(#1672),#1681);
#1672 = B_SPLINE_CURVE_WITH_KNOTS('',7,(#1673,#1674,#1675,#1676,#1677,
    #1678,#1679,#1680),.UNSPECIFIED.,.F.,.F.,(8,8),(998.54718326711,
    1.009539566395E+03),.PIECEWISE_BEZIER_KNOTS.);
#1673 = CARTESIAN_POINT('',(207.,199.61836509645));
#1674 = CARTESIAN_POINT('',(205.55464469244,199.61836509645));
#1675 = CARTESIAN_POINT('',(204.10206076015,199.9995799315));
#1676 = CARTESIAN_POINT('',(202.76240433868,200.7627454015));
#1677 = CARTESIAN_POINT('',(201.65828903246,201.86280099231));
#1678 = CARTESIAN_POINT('',(200.88789030959,203.20434773788));
#1679 = CARTESIAN_POINT('',(200.50036597206,204.66892101004));
#1680 = CARTESIAN_POINT('',(200.49999998449,206.13831242642));
#1681 = ( GEOMETRIC_REPRESENTATION_CONTEXT(2) 
PARAMETRIC_REPRESENTATION_CONTEXT() REPRESENTATION_CONTEXT('2D SPACE',''
  ) );
#1682 = ORIENTED_EDGE('',*,*,#351,.F.);
#1683 = ORIENTED_EDGE('',*,*,#493,.F.);
#1684 = ADVANCED_FACE('',(#1685,#1878),#425,.T.);
#1685 = FACE_BOUND('',#1686,.T.);
#1686 = EDGE_LOOP('',(#1687,#1688,#1689,#1712,#1762,#1790,#1856,#1877));
#1687 = ORIENTED_EDGE('',*,*,#411,.F.);
#1688 = ORIENTED_EDGE('',*,*,#1652,.F.);
#1689 = ORIENTED_EDGE('',*,*,#1690,.F.);
#1690 = EDGE_CURVE('',#1691,#1627,#1693,.T.);
#1691 = VERTEX_POINT('',#1692);
#1692 = CARTESIAN_POINT('',(151.95,0.492403876506,13.009691029405));
#1693 = SURFACE_CURVE('',#1694,(#1698,#1705),.PCURVE_S1.);
#1694 = LINE('',#1695,#1696);
#1695 = CARTESIAN_POINT('',(151.95,0.492403876506,13.009691029405));
#1696 = VECTOR('',#1697,1.);
#1697 = DIRECTION('',(-1.,-0.,0.));
#1698 = PCURVE('',#425,#1699);
#1699 = DEFINITIONAL_REPRESENTATION('',(#1700),#1704);
#1700 = LINE('',#1701,#1702);
#1701 = CARTESIAN_POINT('',(351.95,199.61836509645));
#1702 = VECTOR('',#1703,1.);
#1703 = DIRECTION('',(-1.,0.));
#1704 = ( GEOMETRIC_REPRESENTATION_CONTEXT(2) 
PARAMETRIC_REPRESENTATION_CONTEXT() REPRESENTATION_CONTEXT('2D SPACE',''
  ) );
#1705 = PCURVE('',#1641,#1706);
#1706 = DEFINITIONAL_REPRESENTATION('',(#1707),#1711);
#1707 = LINE('',#1708,#1709);
#1708 = CARTESIAN_POINT('',(0.,0.383022221559));
#1709 = VECTOR('',#1710,1.);
#1710 = DIRECTION('',(1.,0.));
#1711 = ( GEOMETRIC_REPRESENTATION_CONTEXT(2) 
PARAMETRIC_REPRESENTATION_CONTEXT() REPRESENTATION_CONTEXT('2D SPACE',''
  ) );
#1712 = ORIENTED_EDGE('',*,*,#1713,.F.);
#1713 = EDGE_CURVE('',#1714,#1691,#1716,.T.);
#1714 = VERTEX_POINT('',#1715);
#1715 = CARTESIAN_POINT('',(158.45,6.913175911167,14.141846376094));
#1716 = SURFACE_CURVE('',#1717,(#1726,#1738),.PCURVE_S1.);
#1717 = B_SPLINE_CURVE_WITH_KNOTS('',7,(#1718,#1719,#1720,#1721,#1722,
    #1723,#1724,#1725),.UNSPECIFIED.,.F.,.F.,(8,8),(842.60480013954,
    853.59718326711),.PIECEWISE_BEZIER_KNOTS.);
#1718 = CARTESIAN_POINT('',(158.4500000155,6.913298556291,
    14.141868001738));
#1719 = CARTESIAN_POINT('',(158.44963402793,5.466230497229,
    13.886710860004));
#1720 = CARTESIAN_POINT('',(158.0621096904,4.023907383955,
    13.632390380235));
#1721 = CARTESIAN_POINT('',(157.29171096753,2.702741747882,
    13.399433232609));
#1722 = CARTESIAN_POINT('',(156.18759566132,1.619398473314,
    13.208410583935));
#1723 = CARTESIAN_POINT('',(154.84793923984,0.867827201624,
    13.07588829081));
#1724 = CARTESIAN_POINT('',(153.39535530755,0.492403876506,
    13.009691029405));
#1725 = CARTESIAN_POINT('',(151.95,0.492403876506,13.009691029405));
#1726 = PCURVE('',#425,#1727);
#1727 = DEFINITIONAL_REPRESENTATION('',(#1728),#1737);
#1728 = B_SPLINE_CURVE_WITH_KNOTS('',7,(#1729,#1730,#1731,#1732,#1733,
    #1734,#1735,#1736),.UNSPECIFIED.,.F.,.F.,(8,8),(842.60480013954,
    853.59718326711),.PIECEWISE_BEZIER_KNOTS.);
#1729 = CARTESIAN_POINT('',(358.4500000155,206.13831242642));
#1730 = CARTESIAN_POINT('',(358.44963402793,204.66892101004));
#1731 = CARTESIAN_POINT('',(358.06210969041,203.20434773789));
#1732 = CARTESIAN_POINT('',(357.29171096753,201.8628009923));
#1733 = CARTESIAN_POINT('',(356.18759566132,200.76274540151));
#1734 = CARTESIAN_POINT('',(354.84793923984,199.9995799315));
#1735 = CARTESIAN_POINT('',(353.39535530755,199.61836509645));
#1736 = CARTESIAN_POINT('',(351.95,199.61836509645));
#1737 = ( GEOMETRIC_REPRESENTATION_CONTEXT(2) 
PARAMETRIC_REPRESENTATION_CONTEXT() REPRESENTATION_CONTEXT('2D SPACE',''
  ) );
#1738 = PCURVE('',#1739,#1756);
#1739 = B_SPLINE_SURFACE_WITH_KNOTS('',1,7,(
    (#1740,#1741,#1742,#1743,#1744,#1745,#1746,#1747)
    ,(#1748,#1749,#1750,#1751,#1752,#1753,#1754,#1755
  )),.UNSPECIFIED.,.F.,.F.,.F.,(2,2),(8,8),(0.,10.992383127568),(
    842.60480013954,853.59718326711),.PIECEWISE_BEZIER_KNOTS.);
#1740 = CARTESIAN_POINT('',(158.95,7.,13.649442499588));
#1741 = CARTESIAN_POINT('',(158.94999999999,5.441734020214,
    13.374678164231));
#1742 = CARTESIAN_POINT('',(158.54494387799,3.888095428183,
    13.100871214538));
#1743 = CARTESIAN_POINT('',(157.74186220253,2.45528660797,
    12.847471630076));
#1744 = CARTESIAN_POINT('',(156.5681359959,1.250661091861,
    12.639429164754));
#1745 = CARTESIAN_POINT('',(155.11183593813,0.415040405298,
    12.495203682193));
#1746 = CARTESIAN_POINT('',(153.52801329552,1.245571106574E-14,
    12.422866940571));
#1747 = CARTESIAN_POINT('',(151.95,0.,12.422866940571));
#1748 = CARTESIAN_POINT('',(158.4500000155,6.913298556291,
    14.141868001738));
#1749 = CARTESIAN_POINT('',(158.44963402793,5.466230497229,
    13.886710860004));
#1750 = CARTESIAN_POINT('',(158.0621096904,4.023907383955,
    13.632390380235));
#1751 = CARTESIAN_POINT('',(157.29171096753,2.702741747882,
    13.399433232609));
#1752 = CARTESIAN_POINT('',(156.18759566132,1.619398473314,
    13.208410583935));
#1753 = CARTESIAN_POINT('',(154.84793923984,0.867827201624,
    13.07588829081));
#1754 = CARTESIAN_POINT('',(153.39535530755,0.492403876506,
    13.009691029405));
#1755 = CARTESIAN_POINT('',(151.95,0.492403876506,13.009691029405));
#1756 = DEFINITIONAL_REPRESENTATION('',(#1757),#1761);
#1757 = LINE('',#1758,#1759);
#1758 = CARTESIAN_POINT('',(10.992383127568,0.));
#1759 = VECTOR('',#1760,1.);
#1760 = DIRECTION('',(0.,1.));
#1761 = ( GEOMETRIC_REPRESENTATION_CONTEXT(2) 
PARAMETRIC_REPRESENTATION_CONTEXT() REPRESENTATION_CONTEXT('2D SPACE',''
  ) );
#1762 = ORIENTED_EDGE('',*,*,#1763,.F.);
#1763 = EDGE_CURVE('',#1764,#1714,#1766,.T.);
#1764 = VERTEX_POINT('',#1765);
#1765 = CARTESIAN_POINT('',(158.45,90.913175911166,28.953312755605));
#1766 = SURFACE_CURVE('',#1767,(#1771,#1778),.PCURVE_S1.);
#1767 = LINE('',#1768,#1769);
#1768 = CARTESIAN_POINT('',(158.45,91.,28.968622185042));
#1769 = VECTOR('',#1770,1.);
#1770 = DIRECTION('',(-0.,-0.984807753012,-0.173648177667));
#1771 = PCURVE('',#425,#1772);
#1772 = DEFINITIONAL_REPRESENTATION('',(#1773),#1777);
#1773 = LINE('',#1774,#1775);
#1774 = CARTESIAN_POINT('',(358.45,291.52218677806));
#1775 = VECTOR('',#1776,1.);
#1776 = DIRECTION('',(-0.,-1.));
#1777 = ( GEOMETRIC_REPRESENTATION_CONTEXT(2) 
PARAMETRIC_REPRESENTATION_CONTEXT() REPRESENTATION_CONTEXT('2D SPACE',''
  ) );
#1778 = PCURVE('',#1779,#1784);
#1779 = PLANE('',#1780);
#1780 = AXIS2_PLACEMENT_3D('',#1781,#1782,#1783);
#1781 = CARTESIAN_POINT('',(158.7,91.043412044417,28.722420246789));
#1782 = DIRECTION('',(-0.707106781187,0.122787803969,-0.69636424032));
#1783 = DIRECTION('',(1.387778780781E-16,-0.984807753012,-0.173648177667
    ));
#1784 = DEFINITIONAL_REPRESENTATION('',(#1785),#1789);
#1785 = LINE('',#1786,#1787);
#1786 = CARTESIAN_POINT('',(-1.42108547152E-14,0.353553390593));
#1787 = VECTOR('',#1788,1.);
#1788 = DIRECTION('',(1.,0.));
#1789 = ( GEOMETRIC_REPRESENTATION_CONTEXT(2) 
PARAMETRIC_REPRESENTATION_CONTEXT() REPRESENTATION_CONTEXT('2D SPACE',''
  ) );
#1790 = ORIENTED_EDGE('',*,*,#1791,.F.);
#1791 = EDGE_CURVE('',#1792,#1764,#1794,.T.);
#1792 = VERTEX_POINT('',#1793);
#1793 = CARTESIAN_POINT('',(151.95,97.507596123494,30.116086961167));
#1794 = SURFACE_CURVE('',#1795,(#1808,#1824),.PCURVE_S1.);
#1795 = B_SPLINE_CURVE_WITH_KNOTS('',6,(#1796,#1797,#1798,#1799,#1800,
    #1801,#1802,#1803,#1804,#1805,#1806,#1807),.UNSPECIFIED.,.F.,.F.,(7,
    5,7),(746.14025024771,757.22146184334,757.30896254856),
  .UNSPECIFIED.);
#1796 = CARTESIAN_POINT('',(151.95,97.507596123494,30.116086961167));
#1797 = CARTESIAN_POINT('',(153.64966890102,97.507596123493,
    30.116086961167));
#1798 = CARTESIAN_POINT('',(155.34931919451,96.973624036047,
    30.021933275205));
#1799 = CARTESIAN_POINT('',(156.8410820294,95.905768105048,
    29.833641463061));
#1800 = CARTESIAN_POINT('',(157.91539193909,94.410771448163,
    29.570033216383));
#1801 = CARTESIAN_POINT('',(158.4486875031,92.706257156019,
    29.269481357675));
#1802 = CARTESIAN_POINT('',(158.45001050845,90.986150941356,
    28.966180222345));
#1803 = CARTESIAN_POINT('',(158.44999078746,90.970661756085,
    28.963449061073));
#1804 = CARTESIAN_POINT('',(158.45000536122,90.956794811251,
    28.961003944558));
#1805 = CARTESIAN_POINT('',(158.44999842821,90.942058937679,
    28.958405612464));
#1806 = CARTESIAN_POINT('',(158.45,90.927646592638,28.955864327177));
#1807 = CARTESIAN_POINT('',(158.45,90.913175911166,28.953312755605));
#1808 = PCURVE('',#425,#1809);
#1809 = DEFINITIONAL_REPRESENTATION('',(#1810),#1823);
#1810 = B_SPLINE_CURVE_WITH_KNOTS('',6,(#1811,#1812,#1813,#1814,#1815,
    #1816,#1817,#1818,#1819,#1820,#1821,#1822),.UNSPECIFIED.,.F.,.F.,(7,
    5,7),(746.14025024771,757.22146184334,757.30896254856),
  .UNSPECIFIED.);
#1811 = CARTESIAN_POINT('',(351.95,298.13017306126));
#1812 = CARTESIAN_POINT('',(353.64966890102,298.13017306126));
#1813 = CARTESIAN_POINT('',(355.34931919451,297.58796359366));
#1814 = CARTESIAN_POINT('',(356.8410820294,296.50363426367));
#1815 = CARTESIAN_POINT('',(357.91539193908,294.98557487358));
#1816 = CARTESIAN_POINT('',(358.4486875031,293.254765701));
#1817 = CARTESIAN_POINT('',(358.45001050845,291.50812407536));
#1818 = CARTESIAN_POINT('',(358.44999078746,291.49239594444));
#1819 = CARTESIAN_POINT('',(358.45000536121,291.47831507962));
#1820 = CARTESIAN_POINT('',(358.44999842821,291.46335188146));
#1821 = CARTESIAN_POINT('',(358.44999999999,291.44871720276));
#1822 = CARTESIAN_POINT('',(358.45,291.4340232877));
#1823 = ( GEOMETRIC_REPRESENTATION_CONTEXT(2) 
PARAMETRIC_REPRESENTATION_CONTEXT() REPRESENTATION_CONTEXT('2D SPACE',''
  ) );
#1824 = PCURVE('',#1825,#1850);
#1825 = B_SPLINE_SURFACE_WITH_KNOTS('',1,6,(
    (#1826,#1827,#1828,#1829,#1830,#1831,#1832,#1833,#1834,#1835,#1836
      ,#1837)
    ,(#1838,#1839,#1840,#1841,#1842,#1843,#1844,#1845,#1846,#1847,#1848
      ,#1849
    )),.UNSPECIFIED.,.F.,.F.,.F.,(2,2),(7,5,7),(0.,11.168712300855),(
    746.14025024771,757.22146184334,757.30896254856),.UNSPECIFIED.);
#1826 = CARTESIAN_POINT('',(151.95,98.,29.702911050001));
#1827 = CARTESIAN_POINT('',(153.75950628307,98.,29.70291105));
#1828 = CARTESIAN_POINT('',(155.56883678084,97.438830832718,
    29.602685640688));
#1829 = CARTESIAN_POINT('',(157.16474339329,96.315728668477,
    29.402163640024));
#1830 = CARTESIAN_POINT('',(158.32846381898,94.73812640835,
    29.121265206319));
#1831 = CARTESIAN_POINT('',(158.92673143485,92.919255510842,
    28.799349018456));
#1832 = CARTESIAN_POINT('',(158.94964101004,91.072354182828,
    28.473666984019));
#1833 = CARTESIAN_POINT('',(158.94978462709,91.057881932994,
    28.471115029447));
#1834 = CARTESIAN_POINT('',(158.9498923001,91.04341254989,
    28.468563694118));
#1835 = CARTESIAN_POINT('',(158.94996410535,91.028941206364,
    28.466011991004));
#1836 = CARTESIAN_POINT('',(158.94999999999,91.014470681472,
    28.463460450671));
#1837 = CARTESIAN_POINT('',(158.95,91.,28.460908879099));
#1838 = CARTESIAN_POINT('',(151.95,97.507596123494,30.116086961167));
#1839 = CARTESIAN_POINT('',(153.64966890102,97.507596123493,
    30.116086961167));
#1840 = CARTESIAN_POINT('',(155.34931919451,96.973624036047,
    30.021933275205));
#1841 = CARTESIAN_POINT('',(156.8410820294,95.905768105048,
    29.833641463061));
#1842 = CARTESIAN_POINT('',(157.91539193909,94.410771448163,
    29.570033216383));
#1843 = CARTESIAN_POINT('',(158.4486875031,92.706257156019,
    29.269481357675));
#1844 = CARTESIAN_POINT('',(158.45001050845,90.986150941356,
    28.966180222345));
#1845 = CARTESIAN_POINT('',(158.44999078746,90.970661756085,
    28.963449061073));
#1846 = CARTESIAN_POINT('',(158.45000536122,90.956794811251,
    28.961003944558));
#1847 = CARTESIAN_POINT('',(158.44999842821,90.942058937679,
    28.958405612464));
#1848 = CARTESIAN_POINT('',(158.45,90.927646592638,28.955864327177));
#1849 = CARTESIAN_POINT('',(158.45,90.913175911166,28.953312755605));
#1850 = DEFINITIONAL_REPRESENTATION('',(#1851),#1855);
#1851 = LINE('',#1852,#1853);
#1852 = CARTESIAN_POINT('',(11.168712300855,0.));
#1853 = VECTOR('',#1854,1.);
#1854 = DIRECTION('',(0.,1.));
#1855 = ( GEOMETRIC_REPRESENTATION_CONTEXT(2) 
PARAMETRIC_REPRESENTATION_CONTEXT() REPRESENTATION_CONTEXT('2D SPACE',''
  ) );
#1856 = ORIENTED_EDGE('',*,*,#1857,.F.);
#1857 = EDGE_CURVE('',#586,#1792,#1858,.T.);
#1858 = SURFACE_CURVE('',#1859,(#1863,#1870),.PCURVE_S1.);
#1859 = LINE('',#1860,#1861);
#1860 = CARTESIAN_POINT('',(7.,97.507596123494,30.116086961167));
#1861 = VECTOR('',#1862,1.);
#1862 = DIRECTION('',(1.,0.,-0.));
#1863 = PCURVE('',#425,#1864);
#1864 = DEFINITIONAL_REPRESENTATION('',(#1865),#1869);
#1865 = LINE('',#1866,#1867);
#1866 = CARTESIAN_POINT('',(207.,298.13017306126));
#1867 = VECTOR('',#1868,1.);
#1868 = DIRECTION('',(1.,0.));
#1869 = ( GEOMETRIC_REPRESENTATION_CONTEXT(2) 
PARAMETRIC_REPRESENTATION_CONTEXT() REPRESENTATION_CONTEXT('2D SPACE',''
  ) );
#1870 = PCURVE('',#638,#1871);
#1871 = DEFINITIONAL_REPRESENTATION('',(#1872),#1876);
#1872 = LINE('',#1873,#1874);
#1873 = CARTESIAN_POINT('',(-0.,0.321393804843));
#1874 = VECTOR('',#1875,1.);
#1875 = DIRECTION('',(-1.,0.));
#1876 = ( GEOMETRIC_REPRESENTATION_CONTEXT(2) 
PARAMETRIC_REPRESENTATION_CONTEXT() REPRESENTATION_CONTEXT('2D SPACE',''
  ) );
#1877 = ORIENTED_EDGE('',*,*,#585,.F.);
#1878 = FACE_BOUND('',#1879,.T.);
#1879 = EDGE_LOOP('',(#1880,#1926,#1947,#1991,#2012,#2056,#2077,#2121,
    #2142,#2179,#2209,#2230,#2260,#2290,#2311,#2355,#2376,#2420));
#1880 = ORIENTED_EDGE('',*,*,#1881,.F.);
#1881 = EDGE_CURVE('',#1882,#1884,#1886,.T.);
#1882 = VERTEX_POINT('',#1883);
#1883 = CARTESIAN_POINT('',(3.,8.996873254189,14.509258437299));
#1884 = VERTEX_POINT('',#1885);
#1885 = CARTESIAN_POINT('',(8.99687325419,3.,13.451847882697));
#1886 = SURFACE_CURVE('',#1887,(#1892,#1899),.PCURVE_S1.);
#1887 = ELLIPSE('',#1888,4.315563100514,4.25);
#1888 = AXIS2_PLACEMENT_3D('',#1889,#1890,#1891);
#1889 = CARTESIAN_POINT('',(6.2,6.2,14.016094220964));
#1890 = DIRECTION('',(0.,-0.173648177667,0.984807753012));
#1891 = DIRECTION('',(0.,0.984807753012,0.173648177667));
#1892 = PCURVE('',#425,#1893);
#1893 = DEFINITIONAL_REPRESENTATION('',(#1894),#1898);
#1894 = ELLIPSE('',#1895,4.315563100514,4.25);
#1895 = AXIS2_PLACEMENT_2D('',#1896,#1897);
#1896 = CARTESIAN_POINT('',(206.2,205.41401009014));
#1897 = DIRECTION('',(0.,1.));
#1898 = ( GEOMETRIC_REPRESENTATION_CONTEXT(2) 
PARAMETRIC_REPRESENTATION_CONTEXT() REPRESENTATION_CONTEXT('2D SPACE',''
  ) );
#1899 = PCURVE('',#1186,#1900);
#1900 = DEFINITIONAL_REPRESENTATION('',(#1901),#1925);
#1901 = B_SPLINE_CURVE_WITH_KNOTS('',8,(#1902,#1903,#1904,#1905,#1906,
    #1907,#1908,#1909,#1910,#1911,#1912,#1913,#1914,#1915,#1916,#1917,
    #1918,#1919,#1920,#1921,#1922,#1923,#1924),.UNSPECIFIED.,.F.,.F.,(9,
    7,7,9),(4.712388980385,6.28318530718,8.639379797372,10.995574287564)
  ,.UNSPECIFIED.);
#1902 = CARTESIAN_POINT('',(0.,14.016094220964));
#1903 = CARTESIAN_POINT('',(0.196349540849,14.163236538195));
#1904 = CARTESIAN_POINT('',(0.392699081699,14.310378343296));
#1905 = CARTESIAN_POINT('',(0.589048622548,14.448878767596));
#1906 = CARTESIAN_POINT('',(0.785398163397,14.570084029093));
#1907 = CARTESIAN_POINT('',(0.981747704247,14.666430172031));
#1908 = CARTESIAN_POINT('',(1.178097245096,14.732464652777));
#1909 = CARTESIAN_POINT('',(1.374446785946,14.765483888975));
#1910 = CARTESIAN_POINT('',(1.865320638069,14.765483888975));
#1911 = CARTESIAN_POINT('',(2.15984494934,14.691190332265));
#1912 = CARTESIAN_POINT('',(2.454369260626,14.542617296058));
#1913 = CARTESIAN_POINT('',(2.748893571879,14.333453567509));
#1914 = CARTESIAN_POINT('',(3.043417883173,14.091357106015));
#1915 = CARTESIAN_POINT('',(3.337942194436,13.850865739159));
#1916 = CARTESIAN_POINT('',(3.632466505713,13.642263700433));
#1917 = CARTESIAN_POINT('',(4.221515128261,13.330127709492));
#1918 = CARTESIAN_POINT('',(4.51603943954,13.226592626203));
#1919 = CARTESIAN_POINT('',(4.810563750772,13.196215262193));
#1920 = CARTESIAN_POINT('',(5.105088062122,13.249920982147));
#1921 = CARTESIAN_POINT('',(5.399612373327,13.383133353062));
#1922 = CARTESIAN_POINT('',(5.694136684637,13.574666469465));
#1923 = CARTESIAN_POINT('',(5.988660995906,13.795380745117));
#1924 = CARTESIAN_POINT('',(6.28318530718,14.016094220964));
#1925 = ( GEOMETRIC_REPRESENTATION_CONTEXT(2) 
PARAMETRIC_REPRESENTATION_CONTEXT() REPRESENTATION_CONTEXT('2D SPACE',''
  ) );
#1926 = ORIENTED_EDGE('',*,*,#1927,.T.);
#1927 = EDGE_CURVE('',#1882,#1928,#1930,.T.);
#1928 = VERTEX_POINT('',#1929);
#1929 = CARTESIAN_POINT('',(3.,89.003126745809,28.616519553273));
#1930 = SURFACE_CURVE('',#1931,(#1935,#1941),.PCURVE_S1.);
#1931 = LINE('',#1932,#1933);
#1932 = CARTESIAN_POINT('',(3.,-95.50064786398,-3.916473952987));
#1933 = VECTOR('',#1934,1.);
#1934 = DIRECTION('',(0.,0.984807753012,0.173648177667));
#1935 = PCURVE('',#425,#1936);
#1936 = DEFINITIONAL_REPRESENTATION('',(#1937),#1940);
#1937 = B_SPLINE_CURVE_WITH_KNOTS('',1,(#1938,#1939),.UNSPECIFIED.,.F.,
  .F.,(2,2),(104.08188557661,189.37772097502),.PIECEWISE_BEZIER_KNOTS.);
#1938 = CARTESIAN_POINT('',(203.,206.22635137965));
#1939 = CARTESIAN_POINT('',(203.,291.52218677806));
#1940 = ( GEOMETRIC_REPRESENTATION_CONTEXT(2) 
PARAMETRIC_REPRESENTATION_CONTEXT() REPRESENTATION_CONTEXT('2D SPACE',''
  ) );
#1941 = PCURVE('',#1214,#1942);
#1942 = DEFINITIONAL_REPRESENTATION('',(#1943),#1946);
#1943 = B_SPLINE_CURVE_WITH_KNOTS('',1,(#1944,#1945),.UNSPECIFIED.,.F.,
  .F.,(2,2),(104.08188557661,189.37772097502),.PIECEWISE_BEZIER_KNOTS.);
#1944 = CARTESIAN_POINT('',(1.42108547152E-14,-11.15715580553));
#1945 = CARTESIAN_POINT('',(84.,-25.96862218504));
#1946 = ( GEOMETRIC_REPRESENTATION_CONTEXT(2) 
PARAMETRIC_REPRESENTATION_CONTEXT() REPRESENTATION_CONTEXT('2D SPACE',''
  ) );
#1947 = ORIENTED_EDGE('',*,*,#1948,.F.);
#1948 = EDGE_CURVE('',#1949,#1928,#1951,.T.);
#1949 = VERTEX_POINT('',#1950);
#1950 = CARTESIAN_POINT('',(8.996873254189,95.,29.673930107875));
#1951 = SURFACE_CURVE('',#1952,(#1957,#1964),.PCURVE_S1.);
#1952 = ELLIPSE('',#1953,4.315563100514,4.25);
#1953 = AXIS2_PLACEMENT_3D('',#1954,#1955,#1956);
#1954 = CARTESIAN_POINT('',(6.2,91.8,29.109683769608));
#1955 = DIRECTION('',(0.,-0.173648177667,0.984807753012));
#1956 = DIRECTION('',(0.,0.984807753012,0.173648177667));
#1957 = PCURVE('',#425,#1958);
#1958 = DEFINITIONAL_REPRESENTATION('',(#1959),#1963);
#1959 = ELLIPSE('',#1960,4.315563100514,4.25);
#1960 = AXIS2_PLACEMENT_2D('',#1961,#1962);
#1961 = CARTESIAN_POINT('',(206.2,292.33452806756));
#1962 = DIRECTION('',(0.,1.));
#1963 = ( GEOMETRIC_REPRESENTATION_CONTEXT(2) 
PARAMETRIC_REPRESENTATION_CONTEXT() REPRESENTATION_CONTEXT('2D SPACE',''
  ) );
#1964 = PCURVE('',#1243,#1965);
#1965 = DEFINITIONAL_REPRESENTATION('',(#1966),#1990);
#1966 = B_SPLINE_CURVE_WITH_KNOTS('',8,(#1967,#1968,#1969,#1970,#1971,
    #1972,#1973,#1974,#1975,#1976,#1977,#1978,#1979,#1980,#1981,#1982,
    #1983,#1984,#1985,#1986,#1987,#1988,#1989),.UNSPECIFIED.,.F.,.F.,(9,
    7,7,9),(4.712388980385,6.28318530718,8.639379797372,10.995574287564)
  ,.UNSPECIFIED.);
#1967 = CARTESIAN_POINT('',(0.,29.109683769608));
#1968 = CARTESIAN_POINT('',(0.196349540849,29.25682608684));
#1969 = CARTESIAN_POINT('',(0.392699081699,29.40396789194));
#1970 = CARTESIAN_POINT('',(0.589048622548,29.542468316241));
#1971 = CARTESIAN_POINT('',(0.785398163397,29.663673577736));
#1972 = CARTESIAN_POINT('',(0.981747704246,29.760019720673));
#1973 = CARTESIAN_POINT('',(1.178097245096,29.826054201422));
#1974 = CARTESIAN_POINT('',(1.374446785946,29.859073437619));
#1975 = CARTESIAN_POINT('',(1.865320638069,29.859073437619));
#1976 = CARTESIAN_POINT('',(2.159844949343,29.784779880865));
#1977 = CARTESIAN_POINT('',(2.454369260611,29.636206844822));
#1978 = CARTESIAN_POINT('',(2.74889357189,29.427043115953));
#1979 = CARTESIAN_POINT('',(3.043417883158,29.184946654728));
#1980 = CARTESIAN_POINT('',(3.337942194438,28.944455287754));
#1981 = CARTESIAN_POINT('',(3.632466505713,28.735853249077));
#1982 = CARTESIAN_POINT('',(4.221515128261,28.423717258136));
#1983 = CARTESIAN_POINT('',(4.516039439538,28.320182174823));
#1984 = CARTESIAN_POINT('',(4.810563750802,28.28980481092));
#1985 = CARTESIAN_POINT('',(5.105088062068,28.343510530598));
#1986 = CARTESIAN_POINT('',(5.399612373352,28.476722901803));
#1987 = CARTESIAN_POINT('',(5.694136684631,28.668256018093));
#1988 = CARTESIAN_POINT('',(5.988660995906,28.888970293762));
#1989 = CARTESIAN_POINT('',(6.28318530718,29.109683769608));
#1990 = ( GEOMETRIC_REPRESENTATION_CONTEXT(2) 
PARAMETRIC_REPRESENTATION_CONTEXT() REPRESENTATION_CONTEXT('2D SPACE',''
  ) );
#1991 = ORIENTED_EDGE('',*,*,#1992,.T.);
#1992 = EDGE_CURVE('',#1949,#1993,#1995,.T.);
#1993 = VERTEX_POINT('',#1994);
#1994 = CARTESIAN_POINT('',(54.67812674581,95.,29.673930107875));
#1995 = SURFACE_CURVE('',#1996,(#2000,#2006),.PCURVE_S1.);
#1996 = LINE('',#1997,#1998);
#1997 = CARTESIAN_POINT('',(-96.5,95.,29.673930107875));
#1998 = VECTOR('',#1999,1.);
#1999 = DIRECTION('',(1.,0.,-0.));
#2000 = PCURVE('',#425,#2001);
#2001 = DEFINITIONAL_REPRESENTATION('',(#2002),#2005);
#2002 = B_SPLINE_CURVE_WITH_KNOTS('',1,(#2003,#2004),.UNSPECIFIED.,.F.,
  .F.,(2,2),(103.5,248.45),.PIECEWISE_BEZIER_KNOTS.);
#2003 = CARTESIAN_POINT('',(207.,295.5838932256));
#2004 = CARTESIAN_POINT('',(351.95,295.5838932256));
#2005 = ( GEOMETRIC_REPRESENTATION_CONTEXT(2) 
PARAMETRIC_REPRESENTATION_CONTEXT() REPRESENTATION_CONTEXT('2D SPACE',''
  ) );
#2006 = PCURVE('',#1271,#2007);
#2007 = DEFINITIONAL_REPRESENTATION('',(#2008),#2011);
#2008 = B_SPLINE_CURVE_WITH_KNOTS('',1,(#2009,#2010),.UNSPECIFIED.,.F.,
  .F.,(2,2),(103.5,248.45),.PIECEWISE_BEZIER_KNOTS.);
#2009 = CARTESIAN_POINT('',(0.,-26.67393010787));
#2010 = CARTESIAN_POINT('',(144.95,-26.67393010787));
#2011 = ( GEOMETRIC_REPRESENTATION_CONTEXT(2) 
PARAMETRIC_REPRESENTATION_CONTEXT() REPRESENTATION_CONTEXT('2D SPACE',''
  ) );
#2012 = ORIENTED_EDGE('',*,*,#2013,.F.);
#2013 = EDGE_CURVE('',#2014,#1993,#2016,.T.);
#2014 = VERTEX_POINT('',#2015);
#2015 = CARTESIAN_POINT('',(60.27187325419,95.,29.673930107875));
#2016 = SURFACE_CURVE('',#2017,(#2022,#2029),.PCURVE_S1.);
#2017 = ELLIPSE('',#2018,4.315563100514,4.25);
#2018 = AXIS2_PLACEMENT_3D('',#2019,#2020,#2021);
#2019 = CARTESIAN_POINT('',(57.475,91.8,29.109683769608));
#2020 = DIRECTION('',(0.,-0.173648177667,0.984807753012));
#2021 = DIRECTION('',(0.,0.984807753012,0.173648177667));
#2022 = PCURVE('',#425,#2023);
#2023 = DEFINITIONAL_REPRESENTATION('',(#2024),#2028);
#2024 = ELLIPSE('',#2025,4.315563100514,4.25);
#2025 = AXIS2_PLACEMENT_2D('',#2026,#2027);
#2026 = CARTESIAN_POINT('',(257.475,292.33452806756));
#2027 = DIRECTION('',(0.,1.));
#2028 = ( GEOMETRIC_REPRESENTATION_CONTEXT(2) 
PARAMETRIC_REPRESENTATION_CONTEXT() REPRESENTATION_CONTEXT('2D SPACE',''
  ) );
#2029 = PCURVE('',#1300,#2030);
#2030 = DEFINITIONAL_REPRESENTATION('',(#2031),#2055);
#2031 = B_SPLINE_CURVE_WITH_KNOTS('',8,(#2032,#2033,#2034,#2035,#2036,
    #2037,#2038,#2039,#2040,#2041,#2042,#2043,#2044,#2045,#2046,#2047,
    #2048,#2049,#2050,#2051,#2052,#2053,#2054),.UNSPECIFIED.,.F.,.F.,(9,
    7,7,9),(4.712388980385,6.28318530718,8.639379797372,10.995574287564)
  ,.UNSPECIFIED.);
#2032 = CARTESIAN_POINT('',(0.,29.109683769608));
#2033 = CARTESIAN_POINT('',(0.196349540849,29.25682608684));
#2034 = CARTESIAN_POINT('',(0.392699081699,29.40396789194));
#2035 = CARTESIAN_POINT('',(0.589048622548,29.542468316241));
#2036 = CARTESIAN_POINT('',(0.785398163398,29.663673577736));
#2037 = CARTESIAN_POINT('',(0.981747704247,29.760019720673));
#2038 = CARTESIAN_POINT('',(1.178097245096,29.826054201422));
#2039 = CARTESIAN_POINT('',(1.374446785946,29.859073437619));
#2040 = CARTESIAN_POINT('',(1.865320638069,29.859073437619));
#2041 = CARTESIAN_POINT('',(2.159844949343,29.784779880865));
#2042 = CARTESIAN_POINT('',(2.454369260611,29.636206844822));
#2043 = CARTESIAN_POINT('',(2.74889357189,29.427043115953));
#2044 = CARTESIAN_POINT('',(3.043417883158,29.184946654728));
#2045 = CARTESIAN_POINT('',(3.337942194438,28.944455287754));
#2046 = CARTESIAN_POINT('',(3.632466505713,28.735853249077));
#2047 = CARTESIAN_POINT('',(4.221515128261,28.423717258136));
#2048 = CARTESIAN_POINT('',(4.516039439537,28.320182174823));
#2049 = CARTESIAN_POINT('',(4.810563750809,28.28980481092));
#2050 = CARTESIAN_POINT('',(5.105088062068,28.343510530598));
#2051 = CARTESIAN_POINT('',(5.399612373352,28.476722901803));
#2052 = CARTESIAN_POINT('',(5.694136684631,28.668256018093));
#2053 = CARTESIAN_POINT('',(5.988660995906,28.888970293762));
#2054 = CARTESIAN_POINT('',(6.28318530718,29.109683769608));
#2055 = ( GEOMETRIC_REPRESENTATION_CONTEXT(2) 
PARAMETRIC_REPRESENTATION_CONTEXT() REPRESENTATION_CONTEXT('2D SPACE',''
  ) );
#2056 = ORIENTED_EDGE('',*,*,#2057,.T.);
#2057 = EDGE_CURVE('',#2014,#2058,#2060,.T.);
#2058 = VERTEX_POINT('',#2059);
#2059 = CARTESIAN_POINT('',(98.67812674581,95.,29.673930107875));
#2060 = SURFACE_CURVE('',#2061,(#2065,#2071),.PCURVE_S1.);
#2061 = LINE('',#2062,#2063);
#2062 = CARTESIAN_POINT('',(-96.5,95.,29.673930107875));
#2063 = VECTOR('',#2064,1.);
#2064 = DIRECTION('',(1.,0.,-0.));
#2065 = PCURVE('',#425,#2066);
#2066 = DEFINITIONAL_REPRESENTATION('',(#2067),#2070);
#2067 = B_SPLINE_CURVE_WITH_KNOTS('',1,(#2068,#2069),.UNSPECIFIED.,.F.,
  .F.,(2,2),(103.5,248.45),.PIECEWISE_BEZIER_KNOTS.);
#2068 = CARTESIAN_POINT('',(207.,295.5838932256));
#2069 = CARTESIAN_POINT('',(351.95,295.5838932256));
#2070 = ( GEOMETRIC_REPRESENTATION_CONTEXT(2) 
PARAMETRIC_REPRESENTATION_CONTEXT() REPRESENTATION_CONTEXT('2D SPACE',''
  ) );
#2071 = PCURVE('',#1328,#2072);
#2072 = DEFINITIONAL_REPRESENTATION('',(#2073),#2076);
#2073 = B_SPLINE_CURVE_WITH_KNOTS('',1,(#2074,#2075),.UNSPECIFIED.,.F.,
  .F.,(2,2),(103.5,248.45),.PIECEWISE_BEZIER_KNOTS.);
#2074 = CARTESIAN_POINT('',(0.,-26.67393010787));
#2075 = CARTESIAN_POINT('',(144.95,-26.67393010787));
#2076 = ( GEOMETRIC_REPRESENTATION_CONTEXT(2) 
PARAMETRIC_REPRESENTATION_CONTEXT() REPRESENTATION_CONTEXT('2D SPACE',''
  ) );
#2077 = ORIENTED_EDGE('',*,*,#2078,.F.);
#2078 = EDGE_CURVE('',#2079,#2058,#2081,.T.);
#2079 = VERTEX_POINT('',#2080);
#2080 = CARTESIAN_POINT('',(104.27187325419,95.,29.673930107875));
#2081 = SURFACE_CURVE('',#2082,(#2087,#2094),.PCURVE_S1.);
#2082 = ELLIPSE('',#2083,4.315563100514,4.25);
#2083 = AXIS2_PLACEMENT_3D('',#2084,#2085,#2086);
#2084 = CARTESIAN_POINT('',(101.475,91.8,29.109683769608));
#2085 = DIRECTION('',(0.,-0.173648177667,0.984807753012));
#2086 = DIRECTION('',(0.,0.984807753012,0.173648177667));
#2087 = PCURVE('',#425,#2088);
#2088 = DEFINITIONAL_REPRESENTATION('',(#2089),#2093);
#2089 = ELLIPSE('',#2090,4.315563100514,4.25);
#2090 = AXIS2_PLACEMENT_2D('',#2091,#2092);
#2091 = CARTESIAN_POINT('',(301.475,292.33452806756));
#2092 = DIRECTION('',(0.,1.));
#2093 = ( GEOMETRIC_REPRESENTATION_CONTEXT(2) 
PARAMETRIC_REPRESENTATION_CONTEXT() REPRESENTATION_CONTEXT('2D SPACE',''
  ) );
#2094 = PCURVE('',#1357,#2095);
#2095 = DEFINITIONAL_REPRESENTATION('',(#2096),#2120);
#2096 = B_SPLINE_CURVE_WITH_KNOTS('',8,(#2097,#2098,#2099,#2100,#2101,
    #2102,#2103,#2104,#2105,#2106,#2107,#2108,#2109,#2110,#2111,#2112,
    #2113,#2114,#2115,#2116,#2117,#2118,#2119),.UNSPECIFIED.,.F.,.F.,(9,
    7,7,9),(4.712388980385,6.28318530718,8.639379797372,10.995574287564)
  ,.UNSPECIFIED.);
#2097 = CARTESIAN_POINT('',(0.,29.109683769608));
#2098 = CARTESIAN_POINT('',(0.196349540849,29.25682608684));
#2099 = CARTESIAN_POINT('',(0.392699081699,29.40396789194));
#2100 = CARTESIAN_POINT('',(0.589048622548,29.542468316241));
#2101 = CARTESIAN_POINT('',(0.785398163398,29.663673577736));
#2102 = CARTESIAN_POINT('',(0.981747704247,29.760019720673));
#2103 = CARTESIAN_POINT('',(1.178097245096,29.826054201422));
#2104 = CARTESIAN_POINT('',(1.374446785946,29.859073437619));
#2105 = CARTESIAN_POINT('',(1.865320638069,29.859073437619));
#2106 = CARTESIAN_POINT('',(2.159844949339,29.784779880865));
#2107 = CARTESIAN_POINT('',(2.454369260615,29.636206844822));
#2108 = CARTESIAN_POINT('',(2.74889357187,29.427043115953));
#2109 = CARTESIAN_POINT('',(3.043417883164,29.184946654728));
#2110 = CARTESIAN_POINT('',(3.337942194437,28.944455287754));
#2111 = CARTESIAN_POINT('',(3.632466505713,28.735853249077));
#2112 = CARTESIAN_POINT('',(4.221515128261,28.423717258136));
#2113 = CARTESIAN_POINT('',(4.516039439534,28.320182174823));
#2114 = CARTESIAN_POINT('',(4.810563750789,28.28980481092));
#2115 = CARTESIAN_POINT('',(5.105088062064,28.343510530598));
#2116 = CARTESIAN_POINT('',(5.399612373345,28.476722901803));
#2117 = CARTESIAN_POINT('',(5.69413668463,28.668256018093));
#2118 = CARTESIAN_POINT('',(5.988660995906,28.888970293762));
#2119 = CARTESIAN_POINT('',(6.28318530718,29.109683769608));
#2120 = ( GEOMETRIC_REPRESENTATION_CONTEXT(2) 
PARAMETRIC_REPRESENTATION_CONTEXT() REPRESENTATION_CONTEXT('2D SPACE',''
  ) );
#2121 = ORIENTED_EDGE('',*,*,#2122,.T.);
#2122 = EDGE_CURVE('',#2079,#2123,#2125,.T.);
#2123 = VERTEX_POINT('',#2124);
#2124 = CARTESIAN_POINT('',(149.95312674581,95.,29.673930107875));
#2125 = SURFACE_CURVE('',#2126,(#2130,#2136),.PCURVE_S1.);
#2126 = LINE('',#2127,#2128);
#2127 = CARTESIAN_POINT('',(-96.5,95.,29.673930107875));
#2128 = VECTOR('',#2129,1.);
#2129 = DIRECTION('',(1.,0.,-0.));
#2130 = PCURVE('',#425,#2131);
#2131 = DEFINITIONAL_REPRESENTATION('',(#2132),#2135);
#2132 = B_SPLINE_CURVE_WITH_KNOTS('',1,(#2133,#2134),.UNSPECIFIED.,.F.,
  .F.,(2,2),(103.5,248.45),.PIECEWISE_BEZIER_KNOTS.);
#2133 = CARTESIAN_POINT('',(207.,295.5838932256));
#2134 = CARTESIAN_POINT('',(351.95,295.5838932256));
#2135 = ( GEOMETRIC_REPRESENTATION_CONTEXT(2) 
PARAMETRIC_REPRESENTATION_CONTEXT() REPRESENTATION_CONTEXT('2D SPACE',''
  ) );
#2136 = PCURVE('',#1385,#2137);
#2137 = DEFINITIONAL_REPRESENTATION('',(#2138),#2141);
#2138 = B_SPLINE_CURVE_WITH_KNOTS('',1,(#2139,#2140),.UNSPECIFIED.,.F.,
  .F.,(2,2),(103.5,248.45),.PIECEWISE_BEZIER_KNOTS.);
#2139 = CARTESIAN_POINT('',(0.,-26.67393010787));
#2140 = CARTESIAN_POINT('',(144.95,-26.67393010787));
#2141 = ( GEOMETRIC_REPRESENTATION_CONTEXT(2) 
PARAMETRIC_REPRESENTATION_CONTEXT() REPRESENTATION_CONTEXT('2D SPACE',''
  ) );
#2142 = ORIENTED_EDGE('',*,*,#2143,.F.);
#2143 = EDGE_CURVE('',#2144,#2123,#2146,.T.);
#2144 = VERTEX_POINT('',#2145);
#2145 = CARTESIAN_POINT('',(157.,91.8,29.109683769608));
#2146 = SURFACE_CURVE('',#2147,(#2152,#2159),.PCURVE_S1.);
#2147 = ELLIPSE('',#2148,4.315563100514,4.25);
#2148 = AXIS2_PLACEMENT_3D('',#2149,#2150,#2151);
#2149 = CARTESIAN_POINT('',(152.75,91.8,29.109683769608));
#2150 = DIRECTION('',(0.,-0.173648177667,0.984807753012));
#2151 = DIRECTION('',(0.,0.984807753012,0.173648177667));
#2152 = PCURVE('',#425,#2153);
#2153 = DEFINITIONAL_REPRESENTATION('',(#2154),#2158);
#2154 = ELLIPSE('',#2155,4.315563100514,4.25);
#2155 = AXIS2_PLACEMENT_2D('',#2156,#2157);
#2156 = CARTESIAN_POINT('',(352.75,292.33452806756));
#2157 = DIRECTION('',(0.,1.));
#2158 = ( GEOMETRIC_REPRESENTATION_CONTEXT(2) 
PARAMETRIC_REPRESENTATION_CONTEXT() REPRESENTATION_CONTEXT('2D SPACE',''
  ) );
#2159 = PCURVE('',#1414,#2160);
#2160 = DEFINITIONAL_REPRESENTATION('',(#2161),#2178);
#2161 = B_SPLINE_CURVE_WITH_KNOTS('',8,(#2162,#2163,#2164,#2165,#2166,
    #2167,#2168,#2169,#2170,#2171,#2172,#2173,#2174,#2175,#2176,#2177),
  .UNSPECIFIED.,.F.,.F.,(9,7,9),(4.712388980385,6.28318530718,
    7.001461632414),.UNSPECIFIED.);
#2162 = CARTESIAN_POINT('',(6.28318530718,29.109683769608));
#2163 = CARTESIAN_POINT('',(6.479534848029,29.25682608684));
#2164 = CARTESIAN_POINT('',(6.675884388878,29.40396789194));
#2165 = CARTESIAN_POINT('',(6.872233929728,29.542468316241));
#2166 = CARTESIAN_POINT('',(7.068583470577,29.663673577736));
#2167 = CARTESIAN_POINT('',(7.264933011426,29.760019720673));
#2168 = CARTESIAN_POINT('',(7.461282552276,29.826054201422));
#2169 = CARTESIAN_POINT('',(7.657632093125,29.859073437619));
#2170 = CARTESIAN_POINT('',(7.943766174629,29.859073437619));
#2171 = CARTESIAN_POINT('',(8.033550715283,29.852169259575));
#2172 = CARTESIAN_POINT('',(8.123335255937,29.838361302295));
#2173 = CARTESIAN_POINT('',(8.213119796591,29.817768061833));
#2174 = CARTESIAN_POINT('',(8.302904337246,29.790626906721));
#2175 = CARTESIAN_POINT('',(8.3926888779,29.757288927228));
#2176 = CARTESIAN_POINT('',(8.482473418554,29.718208675684));
#2177 = CARTESIAN_POINT('',(8.572257959208,29.673930096193));
#2178 = ( GEOMETRIC_REPRESENTATION_CONTEXT(2) 
PARAMETRIC_REPRESENTATION_CONTEXT() REPRESENTATION_CONTEXT('2D SPACE',''
  ) );
#2179 = ORIENTED_EDGE('',*,*,#2180,.F.);
#2180 = EDGE_CURVE('',#2181,#2144,#2183,.T.);
#2181 = VERTEX_POINT('',#2182);
#2182 = CARTESIAN_POINT('',(155.95,89.003126745809,28.616519553273));
#2183 = SURFACE_CURVE('',#2184,(#2189,#2196),.PCURVE_S1.);
#2184 = ELLIPSE('',#2185,4.315563100514,4.25);
#2185 = AXIS2_PLACEMENT_3D('',#2186,#2187,#2188);
#2186 = CARTESIAN_POINT('',(152.75,91.8,29.109683769608));
#2187 = DIRECTION('',(0.,-0.173648177667,0.984807753012));
#2188 = DIRECTION('',(0.,0.984807753012,0.173648177667));
#2189 = PCURVE('',#425,#2190);
#2190 = DEFINITIONAL_REPRESENTATION('',(#2191),#2195);
#2191 = ELLIPSE('',#2192,4.315563100514,4.25);
#2192 = AXIS2_PLACEMENT_2D('',#2193,#2194);
#2193 = CARTESIAN_POINT('',(352.75,292.33452806756));
#2194 = DIRECTION('',(0.,1.));
#2195 = ( GEOMETRIC_REPRESENTATION_CONTEXT(2) 
PARAMETRIC_REPRESENTATION_CONTEXT() REPRESENTATION_CONTEXT('2D SPACE',''
  ) );
#2196 = PCURVE('',#1414,#2197);
#2197 = DEFINITIONAL_REPRESENTATION('',(#2198),#2208);
#2198 = B_SPLINE_CURVE_WITH_KNOTS('',8,(#2199,#2200,#2201,#2202,#2203,
    #2204,#2205,#2206,#2207),.UNSPECIFIED.,.F.,.F.,(9,9),(10.27729796233
    ,10.995574287564),.PIECEWISE_BEZIER_KNOTS.);
#2199 = CARTESIAN_POINT('',(5.564908981942,28.616519542105));
#2200 = CARTESIAN_POINT('',(5.654693522597,28.667180165253));
#2201 = CARTESIAN_POINT('',(5.744478063252,28.722384251845));
#2202 = CARTESIAN_POINT('',(5.834262603907,28.781509480551));
#2203 = CARTESIAN_POINT('',(5.924047144562,28.843855388298));
#2204 = CARTESIAN_POINT('',(6.013831685217,28.908659440048));
#2205 = CARTESIAN_POINT('',(6.103616225871,28.975116481053));
#2206 = CARTESIAN_POINT('',(6.193400766525,29.042400162495));
#2207 = CARTESIAN_POINT('',(6.28318530718,29.109683769608));
#2208 = ( GEOMETRIC_REPRESENTATION_CONTEXT(2) 
PARAMETRIC_REPRESENTATION_CONTEXT() REPRESENTATION_CONTEXT('2D SPACE',''
  ) );
#2209 = ORIENTED_EDGE('',*,*,#2210,.F.);
#2210 = EDGE_CURVE('',#2211,#2181,#2213,.T.);
#2211 = VERTEX_POINT('',#2212);
#2212 = CARTESIAN_POINT('',(155.95,8.996873254191,14.509258437299));
#2213 = SURFACE_CURVE('',#2214,(#2218,#2224),.PCURVE_S1.);
#2214 = LINE('',#2215,#2216);
#2215 = CARTESIAN_POINT('',(155.95,-95.50064786398,-3.916473952987));
#2216 = VECTOR('',#2217,1.);
#2217 = DIRECTION('',(0.,0.984807753012,0.173648177667));
#2218 = PCURVE('',#425,#2219);
#2219 = DEFINITIONAL_REPRESENTATION('',(#2220),#2223);
#2220 = B_SPLINE_CURVE_WITH_KNOTS('',1,(#2221,#2222),.UNSPECIFIED.,.F.,
  .F.,(2,2),(104.08188557661,189.37772097502),.PIECEWISE_BEZIER_KNOTS.);
#2221 = CARTESIAN_POINT('',(355.95,206.22635137965));
#2222 = CARTESIAN_POINT('',(355.95,291.52218677806));
#2223 = ( GEOMETRIC_REPRESENTATION_CONTEXT(2) 
PARAMETRIC_REPRESENTATION_CONTEXT() REPRESENTATION_CONTEXT('2D SPACE',''
  ) );
#2224 = PCURVE('',#1442,#2225);
#2225 = DEFINITIONAL_REPRESENTATION('',(#2226),#2229);
#2226 = B_SPLINE_CURVE_WITH_KNOTS('',1,(#2227,#2228),.UNSPECIFIED.,.F.,
  .F.,(2,2),(104.08188557661,189.37772097502),.PIECEWISE_BEZIER_KNOTS.);
#2227 = CARTESIAN_POINT('',(1.42108547152E-14,-11.15715580553));
#2228 = CARTESIAN_POINT('',(84.,-25.96862218504));
#2229 = ( GEOMETRIC_REPRESENTATION_CONTEXT(2) 
PARAMETRIC_REPRESENTATION_CONTEXT() REPRESENTATION_CONTEXT('2D SPACE',''
  ) );
#2230 = ORIENTED_EDGE('',*,*,#2231,.F.);
#2231 = EDGE_CURVE('',#2232,#2211,#2234,.T.);
#2232 = VERTEX_POINT('',#2233);
#2233 = CARTESIAN_POINT('',(157.,6.2,14.016094220964));
#2234 = SURFACE_CURVE('',#2235,(#2240,#2247),.PCURVE_S1.);
#2235 = ELLIPSE('',#2236,4.315563100514,4.25);
#2236 = AXIS2_PLACEMENT_3D('',#2237,#2238,#2239);
#2237 = CARTESIAN_POINT('',(152.75,6.2,14.016094220964));
#2238 = DIRECTION('',(0.,-0.173648177667,0.984807753012));
#2239 = DIRECTION('',(0.,0.984807753012,0.173648177667));
#2240 = PCURVE('',#425,#2241);
#2241 = DEFINITIONAL_REPRESENTATION('',(#2242),#2246);
#2242 = ELLIPSE('',#2243,4.315563100514,4.25);
#2243 = AXIS2_PLACEMENT_2D('',#2244,#2245);
#2244 = CARTESIAN_POINT('',(352.75,205.41401009014));
#2245 = DIRECTION('',(0.,1.));
#2246 = ( GEOMETRIC_REPRESENTATION_CONTEXT(2) 
PARAMETRIC_REPRESENTATION_CONTEXT() REPRESENTATION_CONTEXT('2D SPACE',''
  ) );
#2247 = PCURVE('',#1471,#2248);
#2248 = DEFINITIONAL_REPRESENTATION('',(#2249),#2259);
#2249 = B_SPLINE_CURVE_WITH_KNOTS('',8,(#2250,#2251,#2252,#2253,#2254,
    #2255,#2256,#2257,#2258),.UNSPECIFIED.,.F.,.F.,(9,9),(4.712388980385
    ,5.430665305619),.PIECEWISE_BEZIER_KNOTS.);
#2250 = CARTESIAN_POINT('',(6.28318530718,14.016094220964));
#2251 = CARTESIAN_POINT('',(6.372969847834,14.083377828077));
#2252 = CARTESIAN_POINT('',(6.462754388488,14.150661328107));
#2253 = CARTESIAN_POINT('',(6.552538929142,14.217118545329));
#2254 = CARTESIAN_POINT('',(6.642323469797,14.281922739439));
#2255 = CARTESIAN_POINT('',(6.732108010451,14.344268651634));
#2256 = CARTESIAN_POINT('',(6.821892551105,14.403393808796));
#2257 = CARTESIAN_POINT('',(6.91167709176,14.458597819674));
#2258 = CARTESIAN_POINT('',(7.001461632414,14.509258396919));
#2259 = ( GEOMETRIC_REPRESENTATION_CONTEXT(2) 
PARAMETRIC_REPRESENTATION_CONTEXT() REPRESENTATION_CONTEXT('2D SPACE',''
  ) );
#2260 = ORIENTED_EDGE('',*,*,#2261,.F.);
#2261 = EDGE_CURVE('',#2262,#2232,#2264,.T.);
#2262 = VERTEX_POINT('',#2263);
#2263 = CARTESIAN_POINT('',(149.95312674581,3.,13.451847882697));
#2264 = SURFACE_CURVE('',#2265,(#2270,#2277),.PCURVE_S1.);
#2265 = ELLIPSE('',#2266,4.315563100514,4.25);
#2266 = AXIS2_PLACEMENT_3D('',#2267,#2268,#2269);
#2267 = CARTESIAN_POINT('',(152.75,6.2,14.016094220964));
#2268 = DIRECTION('',(0.,-0.173648177667,0.984807753012));
#2269 = DIRECTION('',(0.,0.984807753012,0.173648177667));
#2270 = PCURVE('',#425,#2271);
#2271 = DEFINITIONAL_REPRESENTATION('',(#2272),#2276);
#2272 = ELLIPSE('',#2273,4.315563100514,4.25);
#2273 = AXIS2_PLACEMENT_2D('',#2274,#2275);
#2274 = CARTESIAN_POINT('',(352.75,205.41401009014));
#2275 = DIRECTION('',(0.,1.));
#2276 = ( GEOMETRIC_REPRESENTATION_CONTEXT(2) 
PARAMETRIC_REPRESENTATION_CONTEXT() REPRESENTATION_CONTEXT('2D SPACE',''
  ) );
#2277 = PCURVE('',#1471,#2278);
#2278 = DEFINITIONAL_REPRESENTATION('',(#2279),#2289);
#2279 = B_SPLINE_CURVE_WITH_KNOTS('',8,(#2280,#2281,#2282,#2283,#2284,
    #2285,#2286,#2287,#2288),.UNSPECIFIED.,.F.,.F.,(9,9),(8.706501635535
    ,10.995574287564),.PIECEWISE_BEZIER_KNOTS.);
#2280 = CARTESIAN_POINT('',(3.994112655151,13.451847890117));
#2281 = CARTESIAN_POINT('',(4.280246736655,13.31073684555));
#2282 = CARTESIAN_POINT('',(4.566380818159,13.222421656813));
#2283 = CARTESIAN_POINT('',(4.852514899628,13.204505239587));
#2284 = CARTESIAN_POINT('',(5.138648981196,13.265381754817));
#2285 = CARTESIAN_POINT('',(5.424783062635,13.39957256013));
#2286 = CARTESIAN_POINT('',(5.710917144179,13.587241617389));
#2287 = CARTESIAN_POINT('',(5.997051225676,13.801668296619));
#2288 = CARTESIAN_POINT('',(6.28318530718,14.016094220964));
#2289 = ( GEOMETRIC_REPRESENTATION_CONTEXT(2) 
PARAMETRIC_REPRESENTATION_CONTEXT() REPRESENTATION_CONTEXT('2D SPACE',''
  ) );
#2290 = ORIENTED_EDGE('',*,*,#2291,.F.);
#2291 = EDGE_CURVE('',#2292,#2262,#2294,.T.);
#2292 = VERTEX_POINT('',#2293);
#2293 = CARTESIAN_POINT('',(109.32687325419,3.,13.451847882697));
#2294 = SURFACE_CURVE('',#2295,(#2299,#2305),.PCURVE_S1.);
#2295 = LINE('',#2296,#2297);
#2296 = CARTESIAN_POINT('',(-96.5,3.,13.451847882697));
#2297 = VECTOR('',#2298,1.);
#2298 = DIRECTION('',(1.,0.,-0.));
#2299 = PCURVE('',#425,#2300);
#2300 = DEFINITIONAL_REPRESENTATION('',(#2301),#2304);
#2301 = B_SPLINE_CURVE_WITH_KNOTS('',1,(#2302,#2303),.UNSPECIFIED.,.F.,
  .F.,(2,2),(103.5,248.45),.PIECEWISE_BEZIER_KNOTS.);
#2302 = CARTESIAN_POINT('',(207.,202.16464493211));
#2303 = CARTESIAN_POINT('',(351.95,202.16464493211));
#2304 = ( GEOMETRIC_REPRESENTATION_CONTEXT(2) 
PARAMETRIC_REPRESENTATION_CONTEXT() REPRESENTATION_CONTEXT('2D SPACE',''
  ) );
#2305 = PCURVE('',#1499,#2306);
#2306 = DEFINITIONAL_REPRESENTATION('',(#2307),#2310);
#2307 = B_SPLINE_CURVE_WITH_KNOTS('',1,(#2308,#2309),.UNSPECIFIED.,.F.,
  .F.,(2,2),(103.5,248.45),.PIECEWISE_BEZIER_KNOTS.);
#2308 = CARTESIAN_POINT('',(0.,-10.45184788269));
#2309 = CARTESIAN_POINT('',(144.95,-10.45184788269));
#2310 = ( GEOMETRIC_REPRESENTATION_CONTEXT(2) 
PARAMETRIC_REPRESENTATION_CONTEXT() REPRESENTATION_CONTEXT('2D SPACE',''
  ) );
#2311 = ORIENTED_EDGE('',*,*,#2312,.F.);
#2312 = EDGE_CURVE('',#2313,#2292,#2315,.T.);
#2313 = VERTEX_POINT('',#2314);
#2314 = CARTESIAN_POINT('',(103.73312674581,3.,13.451847882697));
#2315 = SURFACE_CURVE('',#2316,(#2321,#2328),.PCURVE_S1.);
#2316 = ELLIPSE('',#2317,4.315563100514,4.25);
#2317 = AXIS2_PLACEMENT_3D('',#2318,#2319,#2320);
#2318 = CARTESIAN_POINT('',(106.53,6.2,14.016094220964));
#2319 = DIRECTION('',(0.,-0.173648177667,0.984807753012));
#2320 = DIRECTION('',(0.,0.984807753012,0.173648177667));
#2321 = PCURVE('',#425,#2322);
#2322 = DEFINITIONAL_REPRESENTATION('',(#2323),#2327);
#2323 = ELLIPSE('',#2324,4.315563100514,4.25);
#2324 = AXIS2_PLACEMENT_2D('',#2325,#2326);
#2325 = CARTESIAN_POINT('',(306.53,205.41401009014));
#2326 = DIRECTION('',(0.,1.));
#2327 = ( GEOMETRIC_REPRESENTATION_CONTEXT(2) 
PARAMETRIC_REPRESENTATION_CONTEXT() REPRESENTATION_CONTEXT('2D SPACE',''
  ) );
#2328 = PCURVE('',#1528,#2329);
#2329 = DEFINITIONAL_REPRESENTATION('',(#2330),#2354);
#2330 = B_SPLINE_CURVE_WITH_KNOTS('',8,(#2331,#2332,#2333,#2334,#2335,
    #2336,#2337,#2338,#2339,#2340,#2341,#2342,#2343,#2344,#2345,#2346,
    #2347,#2348,#2349,#2350,#2351,#2352,#2353),.UNSPECIFIED.,.F.,.F.,(9,
    7,7,9),(4.712388980385,6.28318530718,8.639379797372,10.995574287564)
  ,.UNSPECIFIED.);
#2331 = CARTESIAN_POINT('',(0.,14.016094220964));
#2332 = CARTESIAN_POINT('',(0.196349540849,14.163236538195));
#2333 = CARTESIAN_POINT('',(0.392699081699,14.310378343296));
#2334 = CARTESIAN_POINT('',(0.589048622548,14.448878767596));
#2335 = CARTESIAN_POINT('',(0.785398163398,14.570084029093));
#2336 = CARTESIAN_POINT('',(0.981747704247,14.666430172031));
#2337 = CARTESIAN_POINT('',(1.178097245096,14.732464652777));
#2338 = CARTESIAN_POINT('',(1.374446785946,14.765483888975));
#2339 = CARTESIAN_POINT('',(1.865320638069,14.765483888975));
#2340 = CARTESIAN_POINT('',(2.159844949339,14.691190332265));
#2341 = CARTESIAN_POINT('',(2.454369260622,14.542617296058));
#2342 = CARTESIAN_POINT('',(2.748893571876,14.333453567509));
#2343 = CARTESIAN_POINT('',(3.043417883166,14.091357106015));
#2344 = CARTESIAN_POINT('',(3.337942194435,13.850865739159));
#2345 = CARTESIAN_POINT('',(3.632466505713,13.642263700433));
#2346 = CARTESIAN_POINT('',(4.221515128261,13.330127709492));
#2347 = CARTESIAN_POINT('',(4.516039439539,13.226592626203));
#2348 = CARTESIAN_POINT('',(4.810563750774,13.196215262193));
#2349 = CARTESIAN_POINT('',(5.10508806213,13.249920982147));
#2350 = CARTESIAN_POINT('',(5.399612373327,13.383133353062));
#2351 = CARTESIAN_POINT('',(5.694136684636,13.574666469465));
#2352 = CARTESIAN_POINT('',(5.988660995906,13.795380745117));
#2353 = CARTESIAN_POINT('',(6.28318530718,14.016094220964));
#2354 = ( GEOMETRIC_REPRESENTATION_CONTEXT(2) 
PARAMETRIC_REPRESENTATION_CONTEXT() REPRESENTATION_CONTEXT('2D SPACE',''
  ) );
#2355 = ORIENTED_EDGE('',*,*,#2356,.F.);
#2356 = EDGE_CURVE('',#2357,#2313,#2359,.T.);
#2357 = VERTEX_POINT('',#2358);
#2358 = CARTESIAN_POINT('',(57.326873254189,3.,13.451847882697));
#2359 = SURFACE_CURVE('',#2360,(#2364,#2370),.PCURVE_S1.);
#2360 = LINE('',#2361,#2362);
#2361 = CARTESIAN_POINT('',(-96.5,3.,13.451847882697));
#2362 = VECTOR('',#2363,1.);
#2363 = DIRECTION('',(1.,0.,-0.));
#2364 = PCURVE('',#425,#2365);
#2365 = DEFINITIONAL_REPRESENTATION('',(#2366),#2369);
#2366 = B_SPLINE_CURVE_WITH_KNOTS('',1,(#2367,#2368),.UNSPECIFIED.,.F.,
  .F.,(2,2),(103.5,248.45),.PIECEWISE_BEZIER_KNOTS.);
#2367 = CARTESIAN_POINT('',(207.,202.16464493211));
#2368 = CARTESIAN_POINT('',(351.95,202.16464493211));
#2369 = ( GEOMETRIC_REPRESENTATION_CONTEXT(2) 
PARAMETRIC_REPRESENTATION_CONTEXT() REPRESENTATION_CONTEXT('2D SPACE',''
  ) );
#2370 = PCURVE('',#1556,#2371);
#2371 = DEFINITIONAL_REPRESENTATION('',(#2372),#2375);
#2372 = B_SPLINE_CURVE_WITH_KNOTS('',1,(#2373,#2374),.UNSPECIFIED.,.F.,
  .F.,(2,2),(103.5,248.45),.PIECEWISE_BEZIER_KNOTS.);
#2373 = CARTESIAN_POINT('',(0.,-10.45184788269));
#2374 = CARTESIAN_POINT('',(144.95,-10.45184788269));
#2375 = ( GEOMETRIC_REPRESENTATION_CONTEXT(2) 
PARAMETRIC_REPRESENTATION_CONTEXT() REPRESENTATION_CONTEXT('2D SPACE',''
  ) );
#2376 = ORIENTED_EDGE('',*,*,#2377,.F.);
#2377 = EDGE_CURVE('',#2378,#2357,#2380,.T.);
#2378 = VERTEX_POINT('',#2379);
#2379 = CARTESIAN_POINT('',(51.733126745811,3.,13.451847882697));
#2380 = SURFACE_CURVE('',#2381,(#2386,#2393),.PCURVE_S1.);
#2381 = ELLIPSE('',#2382,4.315563100514,4.25);
#2382 = AXIS2_PLACEMENT_3D('',#2383,#2384,#2385);
#2383 = CARTESIAN_POINT('',(54.53,6.2,14.016094220964));
#2384 = DIRECTION('',(0.,-0.173648177667,0.984807753012));
#2385 = DIRECTION('',(0.,0.984807753012,0.173648177667));
#2386 = PCURVE('',#425,#2387);
#2387 = DEFINITIONAL_REPRESENTATION('',(#2388),#2392);
#2388 = ELLIPSE('',#2389,4.315563100514,4.25);
#2389 = AXIS2_PLACEMENT_2D('',#2390,#2391);
#2390 = CARTESIAN_POINT('',(254.53,205.41401009014));
#2391 = DIRECTION('',(0.,1.));
#2392 = ( GEOMETRIC_REPRESENTATION_CONTEXT(2) 
PARAMETRIC_REPRESENTATION_CONTEXT() REPRESENTATION_CONTEXT('2D SPACE',''
  ) );
#2393 = PCURVE('',#1585,#2394);
#2394 = DEFINITIONAL_REPRESENTATION('',(#2395),#2419);
#2395 = B_SPLINE_CURVE_WITH_KNOTS('',8,(#2396,#2397,#2398,#2399,#2400,
    #2401,#2402,#2403,#2404,#2405,#2406,#2407,#2408,#2409,#2410,#2411,
    #2412,#2413,#2414,#2415,#2416,#2417,#2418),.UNSPECIFIED.,.F.,.F.,(9,
    7,7,9),(4.712388980385,6.28318530718,8.639379797372,10.995574287564)
  ,.UNSPECIFIED.);
#2396 = CARTESIAN_POINT('',(0.,14.016094220964));
#2397 = CARTESIAN_POINT('',(0.196349540849,14.163236538195));
#2398 = CARTESIAN_POINT('',(0.392699081699,14.310378343296));
#2399 = CARTESIAN_POINT('',(0.589048622548,14.448878767596));
#2400 = CARTESIAN_POINT('',(0.785398163397,14.570084029093));
#2401 = CARTESIAN_POINT('',(0.981747704247,14.666430172031));
#2402 = CARTESIAN_POINT('',(1.178097245096,14.732464652777));
#2403 = CARTESIAN_POINT('',(1.374446785946,14.765483888975));
#2404 = CARTESIAN_POINT('',(1.865320638069,14.765483888975));
#2405 = CARTESIAN_POINT('',(2.15984494934,14.691190332265));
#2406 = CARTESIAN_POINT('',(2.454369260626,14.542617296058));
#2407 = CARTESIAN_POINT('',(2.748893571879,14.333453567509));
#2408 = CARTESIAN_POINT('',(3.043417883173,14.091357106015));
#2409 = CARTESIAN_POINT('',(3.337942194436,13.850865739159));
#2410 = CARTESIAN_POINT('',(3.632466505713,13.642263700433));
#2411 = CARTESIAN_POINT('',(4.221515128261,13.330127709492));
#2412 = CARTESIAN_POINT('',(4.516039439537,13.226592626203));
#2413 = CARTESIAN_POINT('',(4.810563750787,13.196215262193));
#2414 = CARTESIAN_POINT('',(5.105088062079,13.249920982147));
#2415 = CARTESIAN_POINT('',(5.399612373341,13.383133353062));
#2416 = CARTESIAN_POINT('',(5.694136684633,13.574666469465));
#2417 = CARTESIAN_POINT('',(5.988660995906,13.795380745117));
#2418 = CARTESIAN_POINT('',(6.28318530718,14.016094220964));
#2419 = ( GEOMETRIC_REPRESENTATION_CONTEXT(2) 
PARAMETRIC_REPRESENTATION_CONTEXT() REPRESENTATION_CONTEXT('2D SPACE',''
  ) );
#2420 = ORIENTED_EDGE('',*,*,#2421,.F.);
#2421 = EDGE_CURVE('',#1884,#2378,#2422,.T.);
#2422 = SURFACE_CURVE('',#2423,(#2427,#2433),.PCURVE_S1.);
#2423 = LINE('',#2424,#2425);
#2424 = CARTESIAN_POINT('',(-96.5,3.,13.451847882697));
#2425 = VECTOR('',#2426,1.);
#2426 = DIRECTION('',(1.,0.,-0.));
#2427 = PCURVE('',#425,#2428);
#2428 = DEFINITIONAL_REPRESENTATION('',(#2429),#2432);
#2429 = B_SPLINE_CURVE_WITH_KNOTS('',1,(#2430,#2431),.UNSPECIFIED.,.F.,
  .F.,(2,2),(103.5,248.45),.PIECEWISE_BEZIER_KNOTS.);
#2430 = CARTESIAN_POINT('',(207.,202.16464493211));
#2431 = CARTESIAN_POINT('',(351.95,202.16464493211));
#2432 = ( GEOMETRIC_REPRESENTATION_CONTEXT(2) 
PARAMETRIC_REPRESENTATION_CONTEXT() REPRESENTATION_CONTEXT('2D SPACE',''
  ) );
#2433 = PCURVE('',#1611,#2434);
#2434 = DEFINITIONAL_REPRESENTATION('',(#2435),#2438);
#2435 = B_SPLINE_CURVE_WITH_KNOTS('',1,(#2436,#2437),.UNSPECIFIED.,.F.,
  .F.,(2,2),(103.5,248.45),.PIECEWISE_BEZIER_KNOTS.);
#2436 = CARTESIAN_POINT('',(0.,-10.45184788269));
#2437 = CARTESIAN_POINT('',(144.95,-10.45184788269));
#2438 = ( GEOMETRIC_REPRESENTATION_CONTEXT(2) 
PARAMETRIC_REPRESENTATION_CONTEXT() REPRESENTATION_CONTEXT('2D SPACE',''
  ) );
#2439 = ADVANCED_FACE('',(#2440),#458,.F.);
#2440 = FACE_BOUND('',#2441,.F.);
#2441 = EDGE_LOOP('',(#2442,#2472,#2493,#2494));
#2442 = ORIENTED_EDGE('',*,*,#2443,.F.);
#2443 = EDGE_CURVE('',#2444,#2446,#2448,.T.);
#2444 = VERTEX_POINT('',#2445);
#2445 = CARTESIAN_POINT('',(151.95,0.,3.5));
#2446 = VERTEX_POINT('',#2447);
#2447 = CARTESIAN_POINT('',(151.95,0.,12.422866940571));
#2448 = SURFACE_CURVE('',#2449,(#2453,#2460),.PCURVE_S1.);
#2449 = LINE('',#2450,#2451);
#2450 = CARTESIAN_POINT('',(151.95,0.,3.));
#2451 = VECTOR('',#2452,1.);
#2452 = DIRECTION('',(0.,0.,1.));
#2453 = PCURVE('',#458,#2454);
#2454 = DEFINITIONAL_REPRESENTATION('',(#2455),#2459);
#2455 = LINE('',#2456,#2457);
#2456 = CARTESIAN_POINT('',(144.95,0.));
#2457 = VECTOR('',#2458,1.);
#2458 = DIRECTION('',(0.,-1.));
#2459 = ( GEOMETRIC_REPRESENTATION_CONTEXT(2) 
PARAMETRIC_REPRESENTATION_CONTEXT() REPRESENTATION_CONTEXT('2D SPACE',''
  ) );
#2460 = PCURVE('',#2461,#2466);
#2461 = CYLINDRICAL_SURFACE('',#2462,7.);
#2462 = AXIS2_PLACEMENT_3D('',#2463,#2464,#2465);
#2463 = CARTESIAN_POINT('',(151.95,7.,3.));
#2464 = DIRECTION('',(-0.,-0.,-1.));
#2465 = DIRECTION('',(1.,0.,0.));
#2466 = DEFINITIONAL_REPRESENTATION('',(#2467),#2471);
#2467 = LINE('',#2468,#2469);
#2468 = CARTESIAN_POINT('',(-4.712388980385,0.));
#2469 = VECTOR('',#2470,1.);
#2470 = DIRECTION('',(-0.,-1.));
#2471 = ( GEOMETRIC_REPRESENTATION_CONTEXT(2) 
PARAMETRIC_REPRESENTATION_CONTEXT() REPRESENTATION_CONTEXT('2D SPACE',''
  ) );
#2472 = ORIENTED_EDGE('',*,*,#2473,.T.);
#2473 = EDGE_CURVE('',#2444,#441,#2474,.T.);
#2474 = SURFACE_CURVE('',#2475,(#2479,#2486),.PCURVE_S1.);
#2475 = LINE('',#2476,#2477);
#2476 = CARTESIAN_POINT('',(151.95,0.,3.5));
#2477 = VECTOR('',#2478,1.);
#2478 = DIRECTION('',(-1.,-0.,-0.));
#2479 = PCURVE('',#458,#2480);
#2480 = DEFINITIONAL_REPRESENTATION('',(#2481),#2485);
#2481 = LINE('',#2482,#2483);
#2482 = CARTESIAN_POINT('',(144.95,-0.5));
#2483 = VECTOR('',#2484,1.);
#2484 = DIRECTION('',(-1.,0.));
#2485 = ( GEOMETRIC_REPRESENTATION_CONTEXT(2) 
PARAMETRIC_REPRESENTATION_CONTEXT() REPRESENTATION_CONTEXT('2D SPACE',''
  ) );
#2486 = PCURVE('',#982,#2487);
#2487 = DEFINITIONAL_REPRESENTATION('',(#2488),#2492);
#2488 = LINE('',#2489,#2490);
#2489 = CARTESIAN_POINT('',(0.,-0.353553390593));
#2490 = VECTOR('',#2491,1.);
#2491 = DIRECTION('',(1.,0.));
#2492 = ( GEOMETRIC_REPRESENTATION_CONTEXT(2) 
PARAMETRIC_REPRESENTATION_CONTEXT() REPRESENTATION_CONTEXT('2D SPACE',''
  ) );
#2493 = ORIENTED_EDGE('',*,*,#440,.T.);
#2494 = ORIENTED_EDGE('',*,*,#2495,.F.);
#2495 = EDGE_CURVE('',#2446,#443,#2496,.T.);
#2496 = SURFACE_CURVE('',#2497,(#2501,#2508),.PCURVE_S1.);
#2497 = LINE('',#2498,#2499);
#2498 = CARTESIAN_POINT('',(151.95,1.42108547152E-14,12.422866940571));
#2499 = VECTOR('',#2500,1.);
#2500 = DIRECTION('',(-1.,-0.,0.));
#2501 = PCURVE('',#458,#2502);
#2502 = DEFINITIONAL_REPRESENTATION('',(#2503),#2507);
#2503 = LINE('',#2504,#2505);
#2504 = CARTESIAN_POINT('',(144.95,-9.422866940571));
#2505 = VECTOR('',#2506,1.);
#2506 = DIRECTION('',(-1.,-0.));
#2507 = ( GEOMETRIC_REPRESENTATION_CONTEXT(2) 
PARAMETRIC_REPRESENTATION_CONTEXT() REPRESENTATION_CONTEXT('2D SPACE',''
  ) );
#2508 = PCURVE('',#1641,#2509);
#2509 = DEFINITIONAL_REPRESENTATION('',(#2510),#2514);
#2510 = LINE('',#2511,#2512);
#2511 = CARTESIAN_POINT('',(0.,-0.383022221559));
#2512 = VECTOR('',#2513,1.);
#2513 = DIRECTION('',(1.,0.));
#2514 = ( GEOMETRIC_REPRESENTATION_CONTEXT(2) 
PARAMETRIC_REPRESENTATION_CONTEXT() REPRESENTATION_CONTEXT('2D SPACE',''
  ) );
#2515 = ADVANCED_FACE('',(#2516),#544,.F.);
#2516 = FACE_BOUND('',#2517,.T.);
#2517 = EDGE_LOOP('',(#2518,#2519,#2520,#2539));
#2518 = ORIENTED_EDGE('',*,*,#529,.F.);
#2519 = ORIENTED_EDGE('',*,*,#683,.T.);
#2520 = ORIENTED_EDGE('',*,*,#2521,.T.);
#2521 = EDGE_CURVE('',#654,#1111,#2522,.T.);
#2522 = SURFACE_CURVE('',#2523,(#2527,#2533),.PCURVE_S1.);
#2523 = LINE('',#2524,#2525);
#2524 = CARTESIAN_POINT('',(151.95,97.75,3.25));
#2525 = VECTOR('',#2526,1.);
#2526 = DIRECTION('',(0.,-0.707106781187,-0.707106781187));
#2527 = PCURVE('',#544,#2528);
#2528 = DEFINITIONAL_REPRESENTATION('',(#2529),#2532);
#2529 = B_SPLINE_CURVE_WITH_KNOTS('',1,(#2530,#2531),.UNSPECIFIED.,.F.,
  .F.,(2,2),(-0.353553390593,0.353553390593),.PIECEWISE_BEZIER_KNOTS.);
#2530 = CARTESIAN_POINT('',(-144.95,-0.353553390593));
#2531 = CARTESIAN_POINT('',(-144.95,0.353553390593));
#2532 = ( GEOMETRIC_REPRESENTATION_CONTEXT(2) 
PARAMETRIC_REPRESENTATION_CONTEXT() REPRESENTATION_CONTEXT('2D SPACE',''
  ) );
#2533 = PCURVE('',#1131,#2534);
#2534 = DEFINITIONAL_REPRESENTATION('',(#2535),#2538);
#2535 = B_SPLINE_CURVE_WITH_KNOTS('',1,(#2536,#2537),.UNSPECIFIED.,.F.,
  .F.,(2,2),(-0.353553390593,0.353553390593),.PIECEWISE_BEZIER_KNOTS.);
#2536 = CARTESIAN_POINT('',(0.,0.));
#2537 = CARTESIAN_POINT('',(0.,-0.5));
#2538 = ( GEOMETRIC_REPRESENTATION_CONTEXT(2) 
PARAMETRIC_REPRESENTATION_CONTEXT() REPRESENTATION_CONTEXT('2D SPACE',''
  ) );
#2539 = ORIENTED_EDGE('',*,*,#1143,.F.);
#2540 = ADVANCED_FACE('',(#2541),#638,.T.);
#2541 = FACE_BOUND('',#2542,.F.);
#2542 = EDGE_LOOP('',(#2543,#2544,#2545,#2564));
#2543 = ORIENTED_EDGE('',*,*,#626,.F.);
#2544 = ORIENTED_EDGE('',*,*,#705,.T.);
#2545 = ORIENTED_EDGE('',*,*,#2546,.T.);
#2546 = EDGE_CURVE('',#656,#1792,#2547,.T.);
#2547 = SURFACE_CURVE('',#2548,(#2552,#2558),.PCURVE_S1.);
#2548 = LINE('',#2549,#2550);
#2549 = CARTESIAN_POINT('',(151.95,97.753798061747,29.909499005584));
#2550 = VECTOR('',#2551,1.);
#2551 = DIRECTION('',(0.,-0.766044443119,0.642787609687));
#2552 = PCURVE('',#638,#2553);
#2553 = DEFINITIONAL_REPRESENTATION('',(#2554),#2557);
#2554 = B_SPLINE_CURVE_WITH_KNOTS('',1,(#2555,#2556),.UNSPECIFIED.,.F.,
  .F.,(2,2),(-0.321393804843,0.321393804843),.PIECEWISE_BEZIER_KNOTS.);
#2555 = CARTESIAN_POINT('',(-144.95,-0.321393804843));
#2556 = CARTESIAN_POINT('',(-144.95,0.321393804843));
#2557 = ( GEOMETRIC_REPRESENTATION_CONTEXT(2) 
PARAMETRIC_REPRESENTATION_CONTEXT() REPRESENTATION_CONTEXT('2D SPACE',''
  ) );
#2558 = PCURVE('',#1825,#2559);
#2559 = DEFINITIONAL_REPRESENTATION('',(#2560),#2563);
#2560 = B_SPLINE_CURVE_WITH_KNOTS('',1,(#2561,#2562),.UNSPECIFIED.,.F.,
  .F.,(2,2),(-0.321393804843,0.321393804843),.PIECEWISE_BEZIER_KNOTS.);
#2561 = CARTESIAN_POINT('',(0.,746.14025024771));
#2562 = CARTESIAN_POINT('',(11.168712300855,746.14025024771));
#2563 = ( GEOMETRIC_REPRESENTATION_CONTEXT(2) 
PARAMETRIC_REPRESENTATION_CONTEXT() REPRESENTATION_CONTEXT('2D SPACE',''
  ) );
#2564 = ORIENTED_EDGE('',*,*,#1857,.F.);
#2565 = ADVANCED_FACE('',(#2566),#671,.T.);
#2566 = FACE_BOUND('',#2567,.F.);
#2567 = EDGE_LOOP('',(#2568,#2569,#2593,#2621));
#2568 = ORIENTED_EDGE('',*,*,#653,.F.);
#2569 = ORIENTED_EDGE('',*,*,#2570,.T.);
#2570 = EDGE_CURVE('',#654,#2571,#2573,.T.);
#2571 = VERTEX_POINT('',#2572);
#2572 = CARTESIAN_POINT('',(158.95,91.,3.5));
#2573 = SURFACE_CURVE('',#2574,(#2579,#2586),.PCURVE_S1.);
#2574 = CIRCLE('',#2575,7.);
#2575 = AXIS2_PLACEMENT_3D('',#2576,#2577,#2578);
#2576 = CARTESIAN_POINT('',(151.95,91.,3.5));
#2577 = DIRECTION('',(0.,-0.,-1.));
#2578 = DIRECTION('',(0.,1.,-0.));
#2579 = PCURVE('',#671,#2580);
#2580 = DEFINITIONAL_REPRESENTATION('',(#2581),#2585);
#2581 = LINE('',#2582,#2583);
#2582 = CARTESIAN_POINT('',(-1.570796326795,-0.5));
#2583 = VECTOR('',#2584,1.);
#2584 = DIRECTION('',(1.,-0.));
#2585 = ( GEOMETRIC_REPRESENTATION_CONTEXT(2) 
PARAMETRIC_REPRESENTATION_CONTEXT() REPRESENTATION_CONTEXT('2D SPACE',''
  ) );
#2586 = PCURVE('',#1131,#2587);
#2587 = DEFINITIONAL_REPRESENTATION('',(#2588),#2592);
#2588 = LINE('',#2589,#2590);
#2589 = CARTESIAN_POINT('',(-0.,-0.));
#2590 = VECTOR('',#2591,1.);
#2591 = DIRECTION('',(-1.,-0.));
#2592 = ( GEOMETRIC_REPRESENTATION_CONTEXT(2) 
PARAMETRIC_REPRESENTATION_CONTEXT() REPRESENTATION_CONTEXT('2D SPACE',''
  ) );
#2593 = ORIENTED_EDGE('',*,*,#2594,.T.);
#2594 = EDGE_CURVE('',#2571,#2595,#2597,.T.);
#2595 = VERTEX_POINT('',#2596);
#2596 = CARTESIAN_POINT('',(158.95,91.,28.460908879099));
#2597 = SURFACE_CURVE('',#2598,(#2602,#2609),.PCURVE_S1.);
#2598 = LINE('',#2599,#2600);
#2599 = CARTESIAN_POINT('',(158.95,91.,3.));
#2600 = VECTOR('',#2601,1.);
#2601 = DIRECTION('',(0.,0.,1.));
#2602 = PCURVE('',#671,#2603);
#2603 = DEFINITIONAL_REPRESENTATION('',(#2604),#2608);
#2604 = LINE('',#2605,#2606);
#2605 = CARTESIAN_POINT('',(-0.,0.));
#2606 = VECTOR('',#2607,1.);
#2607 = DIRECTION('',(-0.,-1.));
#2608 = ( GEOMETRIC_REPRESENTATION_CONTEXT(2) 
PARAMETRIC_REPRESENTATION_CONTEXT() REPRESENTATION_CONTEXT('2D SPACE',''
  ) );
#2609 = PCURVE('',#2610,#2615);
#2610 = PLANE('',#2611);
#2611 = AXIS2_PLACEMENT_3D('',#2612,#2613,#2614);
#2612 = CARTESIAN_POINT('',(158.95,7.,3.));
#2613 = DIRECTION('',(-1.,0.,0.));
#2614 = DIRECTION('',(0.,1.,0.));
#2615 = DEFINITIONAL_REPRESENTATION('',(#2616),#2620);
#2616 = LINE('',#2617,#2618);
#2617 = CARTESIAN_POINT('',(84.,0.));
#2618 = VECTOR('',#2619,1.);
#2619 = DIRECTION('',(0.,-1.));
#2620 = ( GEOMETRIC_REPRESENTATION_CONTEXT(2) 
PARAMETRIC_REPRESENTATION_CONTEXT() REPRESENTATION_CONTEXT('2D SPACE',''
  ) );
#2621 = ORIENTED_EDGE('',*,*,#2622,.F.);
#2622 = EDGE_CURVE('',#656,#2595,#2623,.T.);
#2623 = SURFACE_CURVE('',#2624,(#2637,#2661),.PCURVE_S1.);
#2624 = B_SPLINE_CURVE_WITH_KNOTS('',6,(#2625,#2626,#2627,#2628,#2629,
    #2630,#2631,#2632,#2633,#2634,#2635,#2636),.UNSPECIFIED.,.F.,.F.,(7,
    5,7),(746.14025024771,757.22146184334,757.30896254856),
  .UNSPECIFIED.);
#2625 = CARTESIAN_POINT('',(151.95,98.,29.702911050001));
#2626 = CARTESIAN_POINT('',(153.75950628307,98.,29.70291105));
#2627 = CARTESIAN_POINT('',(155.56883678084,97.438830832718,
    29.602685640688));
#2628 = CARTESIAN_POINT('',(157.16474339329,96.315728668477,
    29.402163640024));
#2629 = CARTESIAN_POINT('',(158.32846381898,94.73812640835,
    29.121265206319));
#2630 = CARTESIAN_POINT('',(158.92673143485,92.919255510842,
    28.799349018456));
#2631 = CARTESIAN_POINT('',(158.94964101004,91.072354182828,
    28.473666984019));
#2632 = CARTESIAN_POINT('',(158.94978462709,91.057881932994,
    28.471115029447));
#2633 = CARTESIAN_POINT('',(158.9498923001,91.04341254989,
    28.468563694118));
#2634 = CARTESIAN_POINT('',(158.94996410535,91.028941206364,
    28.466011991004));
#2635 = CARTESIAN_POINT('',(158.94999999999,91.014470681472,
    28.463460450671));
#2636 = CARTESIAN_POINT('',(158.95,91.,28.460908879099));
#2637 = PCURVE('',#671,#2638);
#2638 = DEFINITIONAL_REPRESENTATION('',(#2639),#2660);
#2639 = B_SPLINE_CURVE_WITH_KNOTS('',10,(#2640,#2641,#2642,#2643,#2644,
    #2645,#2646,#2647,#2648,#2649,#2650,#2651,#2652,#2653,#2654,#2655,
    #2656,#2657,#2658,#2659),.UNSPECIFIED.,.F.,.F.,(11,9,11),(
    746.14025024771,751.72460639813,757.30896254856),.UNSPECIFIED.);
#2640 = CARTESIAN_POINT('',(-1.570796326795,-26.70291105));
#2641 = CARTESIAN_POINT('',(-1.49263369639,-26.70291104999));
#2642 = CARTESIAN_POINT('',(-1.414472962091,-26.69442816242));
#2643 = CARTESIAN_POINT('',(-1.336301691279,-26.67745700051));
#2644 = CARTESIAN_POINT('',(-1.258109491565,-26.6520890662));
#2645 = CARTESIAN_POINT('',(-1.179887604111,-26.61850867999));
#2646 = CARTESIAN_POINT('',(-1.101628496975,-26.5769889115));
#2647 = CARTESIAN_POINT('',(-1.023325458431,-26.52788750915));
#2648 = CARTESIAN_POINT('',(-0.944972190319,-26.47164283071));
#2649 = CARTESIAN_POINT('',(-0.866562401364,-26.40876977315));
#2650 = CARTESIAN_POINT('',(-0.709616399676,-26.27094163279));
#2651 = CARTESIAN_POINT('',(-0.631085594482,-26.19598777368));
#2652 = CARTESIAN_POINT('',(-0.55244879729,-26.11555493142));
#2653 = CARTESIAN_POINT('',(-0.47386608635,-26.03038462));
#2654 = CARTESIAN_POINT('',(-0.394927437335,-25.94096867809));
#2655 = CARTESIAN_POINT('',(-0.316315466353,-25.84844411377));
#2656 = CARTESIAN_POINT('',(-0.237188831271,-25.75315833648));
#2657 = CARTESIAN_POINT('',(-0.158300715668,-25.6563561));
#2658 = CARTESIAN_POINT('',(-7.915962885859E-02,-25.55861472754));
#2659 = CARTESIAN_POINT('',(6.050715484207E-15,-25.46090887909));
#2660 = ( GEOMETRIC_REPRESENTATION_CONTEXT(2) 
PARAMETRIC_REPRESENTATION_CONTEXT() REPRESENTATION_CONTEXT('2D SPACE',''
  ) );
#2661 = PCURVE('',#1825,#2662);
#2662 = DEFINITIONAL_REPRESENTATION('',(#2663),#2667);
#2663 = LINE('',#2664,#2665);
#2664 = CARTESIAN_POINT('',(0.,0.));
#2665 = VECTOR('',#2666,1.);
#2666 = DIRECTION('',(0.,1.));
#2667 = ( GEOMETRIC_REPRESENTATION_CONTEXT(2) 
PARAMETRIC_REPRESENTATION_CONTEXT() REPRESENTATION_CONTEXT('2D SPACE',''
  ) );
#2668 = ADVANCED_FACE('',(#2669),#745,.F.);
#2669 = FACE_BOUND('',#2670,.F.);
#2670 = EDGE_LOOP('',(#2671,#2701,#2722,#2723));
#2671 = ORIENTED_EDGE('',*,*,#2672,.F.);
#2672 = EDGE_CURVE('',#2673,#2675,#2677,.T.);
#2673 = VERTEX_POINT('',#2674);
#2674 = CARTESIAN_POINT('',(72.475,96.2,9.88));
#2675 = VERTEX_POINT('',#2676);
#2676 = CARTESIAN_POINT('',(72.475,96.2,7.38));
#2677 = SURFACE_CURVE('',#2678,(#2682,#2689),.PCURVE_S1.);
#2678 = LINE('',#2679,#2680);
#2679 = CARTESIAN_POINT('',(72.475,96.2,8.63));
#2680 = VECTOR('',#2681,1.);
#2681 = DIRECTION('',(0.,2.22044604925E-16,-1.));
#2682 = PCURVE('',#745,#2683);
#2683 = DEFINITIONAL_REPRESENTATION('',(#2684),#2688);
#2684 = LINE('',#2685,#2686);
#2685 = CARTESIAN_POINT('',(1.25,0.));
#2686 = VECTOR('',#2687,1.);
#2687 = DIRECTION('',(1.,0.));
#2688 = ( GEOMETRIC_REPRESENTATION_CONTEXT(2) 
PARAMETRIC_REPRESENTATION_CONTEXT() REPRESENTATION_CONTEXT('2D SPACE',''
  ) );
#2689 = PCURVE('',#2690,#2695);
#2690 = PLANE('',#2691);
#2691 = AXIS2_PLACEMENT_3D('',#2692,#2693,#2694);
#2692 = CARTESIAN_POINT('',(79.475,96.2,8.63));
#2693 = DIRECTION('',(0.,1.,2.22044604925E-16));
#2694 = DIRECTION('',(1.,0.,-0.));
#2695 = DEFINITIONAL_REPRESENTATION('',(#2696),#2700);
#2696 = LINE('',#2697,#2698);
#2697 = CARTESIAN_POINT('',(-7.,3.445377345591E-16));
#2698 = VECTOR('',#2699,1.);
#2699 = DIRECTION('',(0.,1.));
#2700 = ( GEOMETRIC_REPRESENTATION_CONTEXT(2) 
PARAMETRIC_REPRESENTATION_CONTEXT() REPRESENTATION_CONTEXT('2D SPACE',''
  ) );
#2701 = ORIENTED_EDGE('',*,*,#2702,.T.);
#2702 = EDGE_CURVE('',#2673,#731,#2703,.T.);
#2703 = SURFACE_CURVE('',#2704,(#2708,#2715),.PCURVE_S1.);
#2704 = LINE('',#2705,#2706);
#2705 = CARTESIAN_POINT('',(72.475,96.2,9.88));
#2706 = VECTOR('',#2707,1.);
#2707 = DIRECTION('',(0.,1.,2.22044604925E-16));
#2708 = PCURVE('',#745,#2709);
#2709 = DEFINITIONAL_REPRESENTATION('',(#2710),#2714);
#2710 = LINE('',#2711,#2712);
#2711 = CARTESIAN_POINT('',(0.,0.));
#2712 = VECTOR('',#2713,1.);
#2713 = DIRECTION('',(0.,-1.));
#2714 = ( GEOMETRIC_REPRESENTATION_CONTEXT(2) 
PARAMETRIC_REPRESENTATION_CONTEXT() REPRESENTATION_CONTEXT('2D SPACE',''
  ) );
#2715 = PCURVE('',#952,#2716);
#2716 = DEFINITIONAL_REPRESENTATION('',(#2717),#2721);
#2717 = LINE('',#2718,#2719);
#2718 = CARTESIAN_POINT('',(-3.14159265359,0.));
#2719 = VECTOR('',#2720,1.);
#2720 = DIRECTION('',(-0.,-1.));
#2721 = ( GEOMETRIC_REPRESENTATION_CONTEXT(2) 
PARAMETRIC_REPRESENTATION_CONTEXT() REPRESENTATION_CONTEXT('2D SPACE',''
  ) );
#2722 = ORIENTED_EDGE('',*,*,#728,.F.);
#2723 = ORIENTED_EDGE('',*,*,#2724,.F.);
#2724 = EDGE_CURVE('',#2675,#729,#2725,.T.);
#2725 = SURFACE_CURVE('',#2726,(#2730,#2737),.PCURVE_S1.);
#2726 = LINE('',#2727,#2728);
#2727 = CARTESIAN_POINT('',(72.475,96.2,7.38));
#2728 = VECTOR('',#2729,1.);
#2729 = DIRECTION('',(0.,1.,2.22044604925E-16));
#2730 = PCURVE('',#745,#2731);
#2731 = DEFINITIONAL_REPRESENTATION('',(#2732),#2736);
#2732 = LINE('',#2733,#2734);
#2733 = CARTESIAN_POINT('',(2.5,0.));
#2734 = VECTOR('',#2735,1.);
#2735 = DIRECTION('',(0.,-1.));
#2736 = ( GEOMETRIC_REPRESENTATION_CONTEXT(2) 
PARAMETRIC_REPRESENTATION_CONTEXT() REPRESENTATION_CONTEXT('2D SPACE',''
  ) );
#2737 = PCURVE('',#777,#2738);
#2738 = DEFINITIONAL_REPRESENTATION('',(#2739),#2743);
#2739 = LINE('',#2740,#2741);
#2740 = CARTESIAN_POINT('',(-3.14159265359,0.));
#2741 = VECTOR('',#2742,1.);
#2742 = DIRECTION('',(-0.,-1.));
#2743 = ( GEOMETRIC_REPRESENTATION_CONTEXT(2) 
PARAMETRIC_REPRESENTATION_CONTEXT() REPRESENTATION_CONTEXT('2D SPACE',''
  ) );
#2744 = ADVANCED_FACE('',(#2745),#952,.F.);
#2745 = FACE_BOUND('',#2746,.T.);
#2746 = EDGE_LOOP('',(#2747,#2771,#2772,#2773));
#2747 = ORIENTED_EDGE('',*,*,#2748,.F.);
#2748 = EDGE_CURVE('',#2673,#2749,#2751,.T.);
#2749 = VERTEX_POINT('',#2750);
#2750 = CARTESIAN_POINT('',(75.475,96.2,12.88));
#2751 = SURFACE_CURVE('',#2752,(#2757,#2764),.PCURVE_S1.);
#2752 = CIRCLE('',#2753,3.);
#2753 = AXIS2_PLACEMENT_3D('',#2754,#2755,#2756);
#2754 = CARTESIAN_POINT('',(75.475,96.2,9.88));
#2755 = DIRECTION('',(-0.,1.,2.22044604925E-16));
#2756 = DIRECTION('',(1.,0.,0.));
#2757 = PCURVE('',#952,#2758);
#2758 = DEFINITIONAL_REPRESENTATION('',(#2759),#2763);
#2759 = LINE('',#2760,#2761);
#2760 = CARTESIAN_POINT('',(-0.,0.));
#2761 = VECTOR('',#2762,1.);
#2762 = DIRECTION('',(-1.,0.));
#2763 = ( GEOMETRIC_REPRESENTATION_CONTEXT(2) 
PARAMETRIC_REPRESENTATION_CONTEXT() REPRESENTATION_CONTEXT('2D SPACE',''
  ) );
#2764 = PCURVE('',#2690,#2765);
#2765 = DEFINITIONAL_REPRESENTATION('',(#2766),#2770);
#2766 = CIRCLE('',#2767,3.);
#2767 = AXIS2_PLACEMENT_2D('',#2768,#2769);
#2768 = CARTESIAN_POINT('',(-4.,-1.25));
#2769 = DIRECTION('',(1.,0.));
#2770 = ( GEOMETRIC_REPRESENTATION_CONTEXT(2) 
PARAMETRIC_REPRESENTATION_CONTEXT() REPRESENTATION_CONTEXT('2D SPACE',''
  ) );
#2771 = ORIENTED_EDGE('',*,*,#2702,.T.);
#2772 = ORIENTED_EDGE('',*,*,#933,.F.);
#2773 = ORIENTED_EDGE('',*,*,#2774,.F.);
#2774 = EDGE_CURVE('',#2749,#908,#2775,.T.);
#2775 = SURFACE_CURVE('',#2776,(#2780,#2787),.PCURVE_S1.);
#2776 = LINE('',#2777,#2778);
#2777 = CARTESIAN_POINT('',(75.475,96.2,12.88));
#2778 = VECTOR('',#2779,1.);
#2779 = DIRECTION('',(0.,1.,2.22044604925E-16));
#2780 = PCURVE('',#952,#2781);
#2781 = DEFINITIONAL_REPRESENTATION('',(#2782),#2786);
#2782 = LINE('',#2783,#2784);
#2783 = CARTESIAN_POINT('',(-4.712388980385,0.));
#2784 = VECTOR('',#2785,1.);
#2785 = DIRECTION('',(-0.,-1.));
#2786 = ( GEOMETRIC_REPRESENTATION_CONTEXT(2) 
PARAMETRIC_REPRESENTATION_CONTEXT() REPRESENTATION_CONTEXT('2D SPACE',''
  ) );
#2787 = PCURVE('',#922,#2788);
#2788 = DEFINITIONAL_REPRESENTATION('',(#2789),#2793);
#2789 = LINE('',#2790,#2791);
#2790 = CARTESIAN_POINT('',(0.,0.));
#2791 = VECTOR('',#2792,1.);
#2792 = DIRECTION('',(0.,-1.));
#2793 = ( GEOMETRIC_REPRESENTATION_CONTEXT(2) 
PARAMETRIC_REPRESENTATION_CONTEXT() REPRESENTATION_CONTEXT('2D SPACE',''
  ) );
#2794 = ADVANCED_FACE('',(#2795),#922,.T.);
#2795 = FACE_BOUND('',#2796,.T.);
#2796 = EDGE_LOOP('',(#2797,#2820,#2821,#2822));
#2797 = ORIENTED_EDGE('',*,*,#2798,.F.);
#2798 = EDGE_CURVE('',#2749,#2799,#2801,.T.);
#2799 = VERTEX_POINT('',#2800);
#2800 = CARTESIAN_POINT('',(83.475,96.2,12.88));
#2801 = SURFACE_CURVE('',#2802,(#2806,#2813),.PCURVE_S1.);
#2802 = LINE('',#2803,#2804);
#2803 = CARTESIAN_POINT('',(79.475,96.2,12.88));
#2804 = VECTOR('',#2805,1.);
#2805 = DIRECTION('',(1.,0.,0.));
#2806 = PCURVE('',#922,#2807);
#2807 = DEFINITIONAL_REPRESENTATION('',(#2808),#2812);
#2808 = LINE('',#2809,#2810);
#2809 = CARTESIAN_POINT('',(4.,0.));
#2810 = VECTOR('',#2811,1.);
#2811 = DIRECTION('',(1.,0.));
#2812 = ( GEOMETRIC_REPRESENTATION_CONTEXT(2) 
PARAMETRIC_REPRESENTATION_CONTEXT() REPRESENTATION_CONTEXT('2D SPACE',''
  ) );
#2813 = PCURVE('',#2690,#2814);
#2814 = DEFINITIONAL_REPRESENTATION('',(#2815),#2819);
#2815 = LINE('',#2816,#2817);
#2816 = CARTESIAN_POINT('',(-2.240895834531E-16,-4.25));
#2817 = VECTOR('',#2818,1.);
#2818 = DIRECTION('',(1.,0.));
#2819 = ( GEOMETRIC_REPRESENTATION_CONTEXT(2) 
PARAMETRIC_REPRESENTATION_CONTEXT() REPRESENTATION_CONTEXT('2D SPACE',''
  ) );
#2820 = ORIENTED_EDGE('',*,*,#2774,.T.);
#2821 = ORIENTED_EDGE('',*,*,#907,.F.);
#2822 = ORIENTED_EDGE('',*,*,#2823,.F.);
#2823 = EDGE_CURVE('',#2799,#875,#2824,.T.);
#2824 = SURFACE_CURVE('',#2825,(#2829,#2836),.PCURVE_S1.);
#2825 = LINE('',#2826,#2827);
#2826 = CARTESIAN_POINT('',(83.475,96.2,12.88));
#2827 = VECTOR('',#2828,1.);
#2828 = DIRECTION('',(0.,1.,2.22044604925E-16));
#2829 = PCURVE('',#922,#2830);
#2830 = DEFINITIONAL_REPRESENTATION('',(#2831),#2835);
#2831 = LINE('',#2832,#2833);
#2832 = CARTESIAN_POINT('',(8.,0.));
#2833 = VECTOR('',#2834,1.);
#2834 = DIRECTION('',(0.,-1.));
#2835 = ( GEOMETRIC_REPRESENTATION_CONTEXT(2) 
PARAMETRIC_REPRESENTATION_CONTEXT() REPRESENTATION_CONTEXT('2D SPACE',''
  ) );
#2836 = PCURVE('',#895,#2837);
#2837 = DEFINITIONAL_REPRESENTATION('',(#2838),#2842);
#2838 = LINE('',#2839,#2840);
#2839 = CARTESIAN_POINT('',(-4.712388980385,0.));
#2840 = VECTOR('',#2841,1.);
#2841 = DIRECTION('',(-0.,-1.));
#2842 = ( GEOMETRIC_REPRESENTATION_CONTEXT(2) 
PARAMETRIC_REPRESENTATION_CONTEXT() REPRESENTATION_CONTEXT('2D SPACE',''
  ) );
#2843 = ADVANCED_FACE('',(#2844),#895,.F.);
#2844 = FACE_BOUND('',#2845,.T.);
#2845 = EDGE_LOOP('',(#2846,#2870,#2871,#2872));
#2846 = ORIENTED_EDGE('',*,*,#2847,.F.);
#2847 = EDGE_CURVE('',#2799,#2848,#2850,.T.);
#2848 = VERTEX_POINT('',#2849);
#2849 = CARTESIAN_POINT('',(86.475,96.2,9.88));
#2850 = SURFACE_CURVE('',#2851,(#2856,#2863),.PCURVE_S1.);
#2851 = CIRCLE('',#2852,3.);
#2852 = AXIS2_PLACEMENT_3D('',#2853,#2854,#2855);
#2853 = CARTESIAN_POINT('',(83.475,96.2,9.88));
#2854 = DIRECTION('',(-0.,1.,2.22044604925E-16));
#2855 = DIRECTION('',(1.,0.,0.));
#2856 = PCURVE('',#895,#2857);
#2857 = DEFINITIONAL_REPRESENTATION('',(#2858),#2862);
#2858 = LINE('',#2859,#2860);
#2859 = CARTESIAN_POINT('',(-0.,0.));
#2860 = VECTOR('',#2861,1.);
#2861 = DIRECTION('',(-1.,0.));
#2862 = ( GEOMETRIC_REPRESENTATION_CONTEXT(2) 
PARAMETRIC_REPRESENTATION_CONTEXT() REPRESENTATION_CONTEXT('2D SPACE',''
  ) );
#2863 = PCURVE('',#2690,#2864);
#2864 = DEFINITIONAL_REPRESENTATION('',(#2865),#2869);
#2865 = CIRCLE('',#2866,3.);
#2866 = AXIS2_PLACEMENT_2D('',#2867,#2868);
#2867 = CARTESIAN_POINT('',(4.,-1.25));
#2868 = DIRECTION('',(1.,0.));
#2869 = ( GEOMETRIC_REPRESENTATION_CONTEXT(2) 
PARAMETRIC_REPRESENTATION_CONTEXT() REPRESENTATION_CONTEXT('2D SPACE',''
  ) );
#2870 = ORIENTED_EDGE('',*,*,#2823,.T.);
#2871 = ORIENTED_EDGE('',*,*,#874,.F.);
#2872 = ORIENTED_EDGE('',*,*,#2873,.F.);
#2873 = EDGE_CURVE('',#2848,#849,#2874,.T.);
#2874 = SURFACE_CURVE('',#2875,(#2879,#2886),.PCURVE_S1.);
#2875 = LINE('',#2876,#2877);
#2876 = CARTESIAN_POINT('',(86.475,96.2,9.88));
#2877 = VECTOR('',#2878,1.);
#2878 = DIRECTION('',(0.,1.,2.22044604925E-16));
#2879 = PCURVE('',#895,#2880);
#2880 = DEFINITIONAL_REPRESENTATION('',(#2881),#2885);
#2881 = LINE('',#2882,#2883);
#2882 = CARTESIAN_POINT('',(-6.28318530718,0.));
#2883 = VECTOR('',#2884,1.);
#2884 = DIRECTION('',(-0.,-1.));
#2885 = ( GEOMETRIC_REPRESENTATION_CONTEXT(2) 
PARAMETRIC_REPRESENTATION_CONTEXT() REPRESENTATION_CONTEXT('2D SPACE',''
  ) );
#2886 = PCURVE('',#863,#2887);
#2887 = DEFINITIONAL_REPRESENTATION('',(#2888),#2892);
#2888 = LINE('',#2889,#2890);
#2889 = CARTESIAN_POINT('',(0.,0.));
#2890 = VECTOR('',#2891,1.);
#2891 = DIRECTION('',(0.,-1.));
#2892 = ( GEOMETRIC_REPRESENTATION_CONTEXT(2) 
PARAMETRIC_REPRESENTATION_CONTEXT() REPRESENTATION_CONTEXT('2D SPACE',''
  ) );
#2893 = ADVANCED_FACE('',(#2894),#863,.T.);
#2894 = FACE_BOUND('',#2895,.T.);
#2895 = EDGE_LOOP('',(#2896,#2919,#2920,#2921));
#2896 = ORIENTED_EDGE('',*,*,#2897,.F.);
#2897 = EDGE_CURVE('',#2848,#2898,#2900,.T.);
#2898 = VERTEX_POINT('',#2899);
#2899 = CARTESIAN_POINT('',(86.475,96.2,7.38));
#2900 = SURFACE_CURVE('',#2901,(#2905,#2912),.PCURVE_S1.);
#2901 = LINE('',#2902,#2903);
#2902 = CARTESIAN_POINT('',(86.475,96.2,8.63));
#2903 = VECTOR('',#2904,1.);
#2904 = DIRECTION('',(0.,2.22044604925E-16,-1.));
#2905 = PCURVE('',#863,#2906);
#2906 = DEFINITIONAL_REPRESENTATION('',(#2907),#2911);
#2907 = LINE('',#2908,#2909);
#2908 = CARTESIAN_POINT('',(1.25,0.));
#2909 = VECTOR('',#2910,1.);
#2910 = DIRECTION('',(1.,0.));
#2911 = ( GEOMETRIC_REPRESENTATION_CONTEXT(2) 
PARAMETRIC_REPRESENTATION_CONTEXT() REPRESENTATION_CONTEXT('2D SPACE',''
  ) );
#2912 = PCURVE('',#2690,#2913);
#2913 = DEFINITIONAL_REPRESENTATION('',(#2914),#2918);
#2914 = LINE('',#2915,#2916);
#2915 = CARTESIAN_POINT('',(7.,3.445377345591E-16));
#2916 = VECTOR('',#2917,1.);
#2917 = DIRECTION('',(0.,1.));
#2918 = ( GEOMETRIC_REPRESENTATION_CONTEXT(2) 
PARAMETRIC_REPRESENTATION_CONTEXT() REPRESENTATION_CONTEXT('2D SPACE',''
  ) );
#2919 = ORIENTED_EDGE('',*,*,#2873,.T.);
#2920 = ORIENTED_EDGE('',*,*,#848,.F.);
#2921 = ORIENTED_EDGE('',*,*,#2922,.F.);
#2922 = EDGE_CURVE('',#2898,#816,#2923,.T.);
#2923 = SURFACE_CURVE('',#2924,(#2928,#2935),.PCURVE_S1.);
#2924 = LINE('',#2925,#2926);
#2925 = CARTESIAN_POINT('',(86.475,96.2,7.38));
#2926 = VECTOR('',#2927,1.);
#2927 = DIRECTION('',(0.,1.,2.22044604925E-16));
#2928 = PCURVE('',#863,#2929);
#2929 = DEFINITIONAL_REPRESENTATION('',(#2930),#2934);
#2930 = LINE('',#2931,#2932);
#2931 = CARTESIAN_POINT('',(2.5,0.));
#2932 = VECTOR('',#2933,1.);
#2933 = DIRECTION('',(0.,-1.));
#2934 = ( GEOMETRIC_REPRESENTATION_CONTEXT(2) 
PARAMETRIC_REPRESENTATION_CONTEXT() REPRESENTATION_CONTEXT('2D SPACE',''
  ) );
#2935 = PCURVE('',#836,#2936);
#2936 = DEFINITIONAL_REPRESENTATION('',(#2937),#2941);
#2937 = LINE('',#2938,#2939);
#2938 = CARTESIAN_POINT('',(-0.,0.));
#2939 = VECTOR('',#2940,1.);
#2940 = DIRECTION('',(-0.,-1.));
#2941 = ( GEOMETRIC_REPRESENTATION_CONTEXT(2) 
PARAMETRIC_REPRESENTATION_CONTEXT() REPRESENTATION_CONTEXT('2D SPACE',''
  ) );
#2942 = ADVANCED_FACE('',(#2943),#836,.F.);
#2943 = FACE_BOUND('',#2944,.T.);
#2944 = EDGE_LOOP('',(#2945,#2969,#2970,#2971));
#2945 = ORIENTED_EDGE('',*,*,#2946,.F.);
#2946 = EDGE_CURVE('',#2898,#2947,#2949,.T.);
#2947 = VERTEX_POINT('',#2948);
#2948 = CARTESIAN_POINT('',(83.475,96.2,4.38));
#2949 = SURFACE_CURVE('',#2950,(#2955,#2962),.PCURVE_S1.);
#2950 = CIRCLE('',#2951,3.);
#2951 = AXIS2_PLACEMENT_3D('',#2952,#2953,#2954);
#2952 = CARTESIAN_POINT('',(83.475,96.2,7.38));
#2953 = DIRECTION('',(-0.,1.,2.22044604925E-16));
#2954 = DIRECTION('',(1.,0.,0.));
#2955 = PCURVE('',#836,#2956);
#2956 = DEFINITIONAL_REPRESENTATION('',(#2957),#2961);
#2957 = LINE('',#2958,#2959);
#2958 = CARTESIAN_POINT('',(-0.,0.));
#2959 = VECTOR('',#2960,1.);
#2960 = DIRECTION('',(-1.,0.));
#2961 = ( GEOMETRIC_REPRESENTATION_CONTEXT(2) 
PARAMETRIC_REPRESENTATION_CONTEXT() REPRESENTATION_CONTEXT('2D SPACE',''
  ) );
#2962 = PCURVE('',#2690,#2963);
#2963 = DEFINITIONAL_REPRESENTATION('',(#2964),#2968);
#2964 = CIRCLE('',#2965,3.);
#2965 = AXIS2_PLACEMENT_2D('',#2966,#2967);
#2966 = CARTESIAN_POINT('',(4.,1.25));
#2967 = DIRECTION('',(1.,0.));
#2968 = ( GEOMETRIC_REPRESENTATION_CONTEXT(2) 
PARAMETRIC_REPRESENTATION_CONTEXT() REPRESENTATION_CONTEXT('2D SPACE',''
  ) );
#2969 = ORIENTED_EDGE('',*,*,#2922,.T.);
#2970 = ORIENTED_EDGE('',*,*,#815,.F.);
#2971 = ORIENTED_EDGE('',*,*,#2972,.F.);
#2972 = EDGE_CURVE('',#2947,#790,#2973,.T.);
#2973 = SURFACE_CURVE('',#2974,(#2978,#2985),.PCURVE_S1.);
#2974 = LINE('',#2975,#2976);
#2975 = CARTESIAN_POINT('',(83.475,96.2,4.38));
#2976 = VECTOR('',#2977,1.);
#2977 = DIRECTION('',(0.,1.,2.22044604925E-16));
#2978 = PCURVE('',#836,#2979);
#2979 = DEFINITIONAL_REPRESENTATION('',(#2980),#2984);
#2980 = LINE('',#2981,#2982);
#2981 = CARTESIAN_POINT('',(-1.570796326795,0.));
#2982 = VECTOR('',#2983,1.);
#2983 = DIRECTION('',(-0.,-1.));
#2984 = ( GEOMETRIC_REPRESENTATION_CONTEXT(2) 
PARAMETRIC_REPRESENTATION_CONTEXT() REPRESENTATION_CONTEXT('2D SPACE',''
  ) );
#2985 = PCURVE('',#804,#2986);
#2986 = DEFINITIONAL_REPRESENTATION('',(#2987),#2991);
#2987 = LINE('',#2988,#2989);
#2988 = CARTESIAN_POINT('',(8.,0.));
#2989 = VECTOR('',#2990,1.);
#2990 = DIRECTION('',(0.,-1.));
#2991 = ( GEOMETRIC_REPRESENTATION_CONTEXT(2) 
PARAMETRIC_REPRESENTATION_CONTEXT() REPRESENTATION_CONTEXT('2D SPACE',''
  ) );
#2992 = ADVANCED_FACE('',(#2993),#804,.F.);
#2993 = FACE_BOUND('',#2994,.F.);
#2994 = EDGE_LOOP('',(#2995,#3018,#3039,#3040));
#2995 = ORIENTED_EDGE('',*,*,#2996,.F.);
#2996 = EDGE_CURVE('',#2997,#2947,#2999,.T.);
#2997 = VERTEX_POINT('',#2998);
#2998 = CARTESIAN_POINT('',(75.475,96.2,4.38));
#2999 = SURFACE_CURVE('',#3000,(#3004,#3011),.PCURVE_S1.);
#3000 = LINE('',#3001,#3002);
#3001 = CARTESIAN_POINT('',(79.475,96.2,4.38));
#3002 = VECTOR('',#3003,1.);
#3003 = DIRECTION('',(1.,0.,0.));
#3004 = PCURVE('',#804,#3005);
#3005 = DEFINITIONAL_REPRESENTATION('',(#3006),#3010);
#3006 = LINE('',#3007,#3008);
#3007 = CARTESIAN_POINT('',(4.,0.));
#3008 = VECTOR('',#3009,1.);
#3009 = DIRECTION('',(1.,0.));
#3010 = ( GEOMETRIC_REPRESENTATION_CONTEXT(2) 
PARAMETRIC_REPRESENTATION_CONTEXT() REPRESENTATION_CONTEXT('2D SPACE',''
  ) );
#3011 = PCURVE('',#2690,#3012);
#3012 = DEFINITIONAL_REPRESENTATION('',(#3013),#3017);
#3013 = LINE('',#3014,#3015);
#3014 = CARTESIAN_POINT('',(-2.240895834531E-16,4.25));
#3015 = VECTOR('',#3016,1.);
#3016 = DIRECTION('',(1.,0.));
#3017 = ( GEOMETRIC_REPRESENTATION_CONTEXT(2) 
PARAMETRIC_REPRESENTATION_CONTEXT() REPRESENTATION_CONTEXT('2D SPACE',''
  ) );
#3018 = ORIENTED_EDGE('',*,*,#3019,.T.);
#3019 = EDGE_CURVE('',#2997,#757,#3020,.T.);
#3020 = SURFACE_CURVE('',#3021,(#3025,#3032),.PCURVE_S1.);
#3021 = LINE('',#3022,#3023);
#3022 = CARTESIAN_POINT('',(75.475,96.2,4.38));
#3023 = VECTOR('',#3024,1.);
#3024 = DIRECTION('',(0.,1.,2.22044604925E-16));
#3025 = PCURVE('',#804,#3026);
#3026 = DEFINITIONAL_REPRESENTATION('',(#3027),#3031);
#3027 = LINE('',#3028,#3029);
#3028 = CARTESIAN_POINT('',(0.,0.));
#3029 = VECTOR('',#3030,1.);
#3030 = DIRECTION('',(0.,-1.));
#3031 = ( GEOMETRIC_REPRESENTATION_CONTEXT(2) 
PARAMETRIC_REPRESENTATION_CONTEXT() REPRESENTATION_CONTEXT('2D SPACE',''
  ) );
#3032 = PCURVE('',#777,#3033);
#3033 = DEFINITIONAL_REPRESENTATION('',(#3034),#3038);
#3034 = LINE('',#3035,#3036);
#3035 = CARTESIAN_POINT('',(-1.570796326795,0.));
#3036 = VECTOR('',#3037,1.);
#3037 = DIRECTION('',(-0.,-1.));
#3038 = ( GEOMETRIC_REPRESENTATION_CONTEXT(2) 
PARAMETRIC_REPRESENTATION_CONTEXT() REPRESENTATION_CONTEXT('2D SPACE',''
  ) );
#3039 = ORIENTED_EDGE('',*,*,#789,.F.);
#3040 = ORIENTED_EDGE('',*,*,#2972,.F.);
#3041 = ADVANCED_FACE('',(#3042),#777,.F.);
#3042 = FACE_BOUND('',#3043,.T.);
#3043 = EDGE_LOOP('',(#3044,#3066,#3067,#3068));
#3044 = ORIENTED_EDGE('',*,*,#3045,.F.);
#3045 = EDGE_CURVE('',#2997,#2675,#3046,.T.);
#3046 = SURFACE_CURVE('',#3047,(#3052,#3059),.PCURVE_S1.);
#3047 = CIRCLE('',#3048,3.);
#3048 = AXIS2_PLACEMENT_3D('',#3049,#3050,#3051);
#3049 = CARTESIAN_POINT('',(75.475,96.2,7.38));
#3050 = DIRECTION('',(-0.,1.,2.22044604925E-16));
#3051 = DIRECTION('',(1.,0.,0.));
#3052 = PCURVE('',#777,#3053);
#3053 = DEFINITIONAL_REPRESENTATION('',(#3054),#3058);
#3054 = LINE('',#3055,#3056);
#3055 = CARTESIAN_POINT('',(-0.,0.));
#3056 = VECTOR('',#3057,1.);
#3057 = DIRECTION('',(-1.,0.));
#3058 = ( GEOMETRIC_REPRESENTATION_CONTEXT(2) 
PARAMETRIC_REPRESENTATION_CONTEXT() REPRESENTATION_CONTEXT('2D SPACE',''
  ) );
#3059 = PCURVE('',#2690,#3060);
#3060 = DEFINITIONAL_REPRESENTATION('',(#3061),#3065);
#3061 = CIRCLE('',#3062,3.);
#3062 = AXIS2_PLACEMENT_2D('',#3063,#3064);
#3063 = CARTESIAN_POINT('',(-4.,1.25));
#3064 = DIRECTION('',(1.,0.));
#3065 = ( GEOMETRIC_REPRESENTATION_CONTEXT(2) 
PARAMETRIC_REPRESENTATION_CONTEXT() REPRESENTATION_CONTEXT('2D SPACE',''
  ) );
#3066 = ORIENTED_EDGE('',*,*,#3019,.T.);
#3067 = ORIENTED_EDGE('',*,*,#756,.F.);
#3068 = ORIENTED_EDGE('',*,*,#2724,.F.);
#3069 = ADVANCED_FACE('',(#3070),#982,.T.);
#3070 = FACE_BOUND('',#3071,.T.);
#3071 = EDGE_LOOP('',(#3072,#3091,#3092,#3093));
#3072 = ORIENTED_EDGE('',*,*,#3073,.F.);
#3073 = EDGE_CURVE('',#2444,#1027,#3074,.T.);
#3074 = SURFACE_CURVE('',#3075,(#3079,#3085),.PCURVE_S1.);
#3075 = LINE('',#3076,#3077);
#3076 = CARTESIAN_POINT('',(151.95,0.,3.5));
#3077 = VECTOR('',#3078,1.);
#3078 = DIRECTION('',(-4.329780281177E-17,0.707106781187,-0.707106781187
    ));
#3079 = PCURVE('',#982,#3080);
#3080 = DEFINITIONAL_REPRESENTATION('',(#3081),#3084);
#3081 = B_SPLINE_CURVE_WITH_KNOTS('',1,(#3082,#3083),.UNSPECIFIED.,.F.,
  .F.,(2,2),(0.,0.707106781187),.PIECEWISE_BEZIER_KNOTS.);
#3082 = CARTESIAN_POINT('',(0.,-0.353553390593));
#3083 = CARTESIAN_POINT('',(0.,0.353553390593));
#3084 = ( GEOMETRIC_REPRESENTATION_CONTEXT(2) 
PARAMETRIC_REPRESENTATION_CONTEXT() REPRESENTATION_CONTEXT('2D SPACE',''
  ) );
#3085 = PCURVE('',#1070,#3086);
#3086 = DEFINITIONAL_REPRESENTATION('',(#3087),#3090);
#3087 = B_SPLINE_CURVE_WITH_KNOTS('',1,(#3088,#3089),.UNSPECIFIED.,.F.,
  .F.,(2,2),(0.,0.707106781187),.PIECEWISE_BEZIER_KNOTS.);
#3088 = CARTESIAN_POINT('',(-1.570796326795,0.));
#3089 = CARTESIAN_POINT('',(-1.570796326795,-0.5));
#3090 = ( GEOMETRIC_REPRESENTATION_CONTEXT(2) 
PARAMETRIC_REPRESENTATION_CONTEXT() REPRESENTATION_CONTEXT('2D SPACE',''
  ) );
#3091 = ORIENTED_EDGE('',*,*,#2473,.T.);
#3092 = ORIENTED_EDGE('',*,*,#967,.T.);
#3093 = ORIENTED_EDGE('',*,*,#1026,.F.);
#3094 = ADVANCED_FACE('',(#3095),#1070,.T.);
#3095 = FACE_BOUND('',#3096,.T.);
#3096 = EDGE_LOOP('',(#3097,#3118,#3140,#3141));
#3097 = ORIENTED_EDGE('',*,*,#3098,.F.);
#3098 = EDGE_CURVE('',#3099,#1050,#3101,.T.);
#3099 = VERTEX_POINT('',#3100);
#3100 = CARTESIAN_POINT('',(158.95,7.,3.5));
#3101 = SURFACE_CURVE('',#3102,(#3106,#3112),.PCURVE_S1.);
#3102 = LINE('',#3103,#3104);
#3103 = CARTESIAN_POINT('',(158.7,7.,3.25));
#3104 = VECTOR('',#3105,1.);
#3105 = DIRECTION('',(-0.707106781187,0.,-0.707106781187));
#3106 = PCURVE('',#1070,#3107);
#3107 = DEFINITIONAL_REPRESENTATION('',(#3108),#3111);
#3108 = B_SPLINE_CURVE_WITH_KNOTS('',1,(#3109,#3110),.UNSPECIFIED.,.F.,
  .F.,(2,2),(-0.353553390593,0.353553390593),.PIECEWISE_BEZIER_KNOTS.);
#3109 = CARTESIAN_POINT('',(0.,0.));
#3110 = CARTESIAN_POINT('',(0.,-0.5));
#3111 = ( GEOMETRIC_REPRESENTATION_CONTEXT(2) 
PARAMETRIC_REPRESENTATION_CONTEXT() REPRESENTATION_CONTEXT('2D SPACE',''
  ) );
#3112 = PCURVE('',#1098,#3113);
#3113 = DEFINITIONAL_REPRESENTATION('',(#3114),#3117);
#3114 = B_SPLINE_CURVE_WITH_KNOTS('',1,(#3115,#3116),.UNSPECIFIED.,.F.,
  .F.,(2,2),(-0.353553390593,0.353553390593),.PIECEWISE_BEZIER_KNOTS.);
#3115 = CARTESIAN_POINT('',(84.,-0.353553390593));
#3116 = CARTESIAN_POINT('',(84.,0.353553390593));
#3117 = ( GEOMETRIC_REPRESENTATION_CONTEXT(2) 
PARAMETRIC_REPRESENTATION_CONTEXT() REPRESENTATION_CONTEXT('2D SPACE',''
  ) );
#3118 = ORIENTED_EDGE('',*,*,#3119,.T.);
#3119 = EDGE_CURVE('',#3099,#2444,#3120,.T.);
#3120 = SURFACE_CURVE('',#3121,(#3126,#3133),.PCURVE_S1.);
#3121 = CIRCLE('',#3122,7.);
#3122 = AXIS2_PLACEMENT_3D('',#3123,#3124,#3125);
#3123 = CARTESIAN_POINT('',(151.95,7.,3.5));
#3124 = DIRECTION('',(0.,-0.,-1.));
#3125 = DIRECTION('',(1.,0.,-0.));
#3126 = PCURVE('',#1070,#3127);
#3127 = DEFINITIONAL_REPRESENTATION('',(#3128),#3132);
#3128 = LINE('',#3129,#3130);
#3129 = CARTESIAN_POINT('',(-0.,-0.));
#3130 = VECTOR('',#3131,1.);
#3131 = DIRECTION('',(-1.,-0.));
#3132 = ( GEOMETRIC_REPRESENTATION_CONTEXT(2) 
PARAMETRIC_REPRESENTATION_CONTEXT() REPRESENTATION_CONTEXT('2D SPACE',''
  ) );
#3133 = PCURVE('',#2461,#3134);
#3134 = DEFINITIONAL_REPRESENTATION('',(#3135),#3139);
#3135 = LINE('',#3136,#3137);
#3136 = CARTESIAN_POINT('',(-6.28318530718,-0.5));
#3137 = VECTOR('',#3138,1.);
#3138 = DIRECTION('',(1.,-0.));
#3139 = ( GEOMETRIC_REPRESENTATION_CONTEXT(2) 
PARAMETRIC_REPRESENTATION_CONTEXT() REPRESENTATION_CONTEXT('2D SPACE',''
  ) );
#3140 = ORIENTED_EDGE('',*,*,#3073,.T.);
#3141 = ORIENTED_EDGE('',*,*,#1049,.F.);
#3142 = ADVANCED_FACE('',(#3143),#1131,.T.);
#3143 = FACE_BOUND('',#3144,.T.);
#3144 = EDGE_LOOP('',(#3145,#3146,#3147,#3166));
#3145 = ORIENTED_EDGE('',*,*,#2521,.F.);
#3146 = ORIENTED_EDGE('',*,*,#2570,.T.);
#3147 = ORIENTED_EDGE('',*,*,#3148,.T.);
#3148 = EDGE_CURVE('',#2571,#1083,#3149,.T.);
#3149 = SURFACE_CURVE('',#3150,(#3154,#3160),.PCURVE_S1.);
#3150 = LINE('',#3151,#3152);
#3151 = CARTESIAN_POINT('',(158.95,91.,3.5));
#3152 = VECTOR('',#3153,1.);
#3153 = DIRECTION('',(-0.707106781187,-4.329780281177E-17,
    -0.707106781187));
#3154 = PCURVE('',#1131,#3155);
#3155 = DEFINITIONAL_REPRESENTATION('',(#3156),#3159);
#3156 = B_SPLINE_CURVE_WITH_KNOTS('',1,(#3157,#3158),.UNSPECIFIED.,.F.,
  .F.,(2,2),(0.,0.707106781187),.PIECEWISE_BEZIER_KNOTS.);
#3157 = CARTESIAN_POINT('',(-1.570796326795,0.));
#3158 = CARTESIAN_POINT('',(-1.570796326795,-0.5));
#3159 = ( GEOMETRIC_REPRESENTATION_CONTEXT(2) 
PARAMETRIC_REPRESENTATION_CONTEXT() REPRESENTATION_CONTEXT('2D SPACE',''
  ) );
#3160 = PCURVE('',#1098,#3161);
#3161 = DEFINITIONAL_REPRESENTATION('',(#3162),#3165);
#3162 = B_SPLINE_CURVE_WITH_KNOTS('',1,(#3163,#3164),.UNSPECIFIED.,.F.,
  .F.,(2,2),(0.,0.707106781187),.PIECEWISE_BEZIER_KNOTS.);
#3163 = CARTESIAN_POINT('',(0.,-0.353553390593));
#3164 = CARTESIAN_POINT('',(0.,0.353553390593));
#3165 = ( GEOMETRIC_REPRESENTATION_CONTEXT(2) 
PARAMETRIC_REPRESENTATION_CONTEXT() REPRESENTATION_CONTEXT('2D SPACE',''
  ) );
#3166 = ORIENTED_EDGE('',*,*,#1110,.F.);
#3167 = ADVANCED_FACE('',(#3168),#1098,.T.);
#3168 = FACE_BOUND('',#3169,.T.);
#3169 = EDGE_LOOP('',(#3170,#3171,#3192,#3193));
#3170 = ORIENTED_EDGE('',*,*,#3148,.F.);
#3171 = ORIENTED_EDGE('',*,*,#3172,.T.);
#3172 = EDGE_CURVE('',#2571,#3099,#3173,.T.);
#3173 = SURFACE_CURVE('',#3174,(#3178,#3185),.PCURVE_S1.);
#3174 = LINE('',#3175,#3176);
#3175 = CARTESIAN_POINT('',(158.95,91.,3.5));
#3176 = VECTOR('',#3177,1.);
#3177 = DIRECTION('',(-0.,-1.,-0.));
#3178 = PCURVE('',#1098,#3179);
#3179 = DEFINITIONAL_REPRESENTATION('',(#3180),#3184);
#3180 = LINE('',#3181,#3182);
#3181 = CARTESIAN_POINT('',(0.,-0.353553390593));
#3182 = VECTOR('',#3183,1.);
#3183 = DIRECTION('',(1.,0.));
#3184 = ( GEOMETRIC_REPRESENTATION_CONTEXT(2) 
PARAMETRIC_REPRESENTATION_CONTEXT() REPRESENTATION_CONTEXT('2D SPACE',''
  ) );
#3185 = PCURVE('',#2610,#3186);
#3186 = DEFINITIONAL_REPRESENTATION('',(#3187),#3191);
#3187 = LINE('',#3188,#3189);
#3188 = CARTESIAN_POINT('',(84.,-0.5));
#3189 = VECTOR('',#3190,1.);
#3190 = DIRECTION('',(-1.,0.));
#3191 = ( GEOMETRIC_REPRESENTATION_CONTEXT(2) 
PARAMETRIC_REPRESENTATION_CONTEXT() REPRESENTATION_CONTEXT('2D SPACE',''
  ) );
#3192 = ORIENTED_EDGE('',*,*,#3098,.T.);
#3193 = ORIENTED_EDGE('',*,*,#1082,.F.);
#3194 = ADVANCED_FACE('',(#3195),#1186,.F.);
#3195 = FACE_BOUND('',#3196,.F.);
#3196 = EDGE_LOOP('',(#3197,#3216,#3217,#3236));
#3197 = ORIENTED_EDGE('',*,*,#3198,.F.);
#3198 = EDGE_CURVE('',#1168,#1882,#3199,.T.);
#3199 = SURFACE_CURVE('',#3200,(#3204,#3210),.PCURVE_S1.);
#3200 = LINE('',#3201,#3202);
#3201 = CARTESIAN_POINT('',(3.,8.996873254189,0.));
#3202 = VECTOR('',#3203,1.);
#3203 = DIRECTION('',(0.,0.,1.));
#3204 = PCURVE('',#1186,#3205);
#3205 = DEFINITIONAL_REPRESENTATION('',(#3206),#3209);
#3206 = B_SPLINE_CURVE_WITH_KNOTS('',1,(#3207,#3208),.UNSPECIFIED.,.F.,
  .F.,(2,2),(0.403137781496,31.565484403546),.PIECEWISE_BEZIER_KNOTS.);
#3207 = CARTESIAN_POINT('',(2.423316328356,0.403137781496));
#3208 = CARTESIAN_POINT('',(2.423316328356,31.565484403546));
#3209 = ( GEOMETRIC_REPRESENTATION_CONTEXT(2) 
PARAMETRIC_REPRESENTATION_CONTEXT() REPRESENTATION_CONTEXT('2D SPACE',''
  ) );
#3210 = PCURVE('',#1214,#3211);
#3211 = DEFINITIONAL_REPRESENTATION('',(#3212),#3215);
#3212 = B_SPLINE_CURVE_WITH_KNOTS('',1,(#3213,#3214),.UNSPECIFIED.,.F.,
  .F.,(2,2),(0.403137781496,31.565484403546),.PIECEWISE_BEZIER_KNOTS.);
#3213 = CARTESIAN_POINT('',(1.996873254189,2.596862218504));
#3214 = CARTESIAN_POINT('',(1.996873254189,-28.56548440354));
#3215 = ( GEOMETRIC_REPRESENTATION_CONTEXT(2) 
PARAMETRIC_REPRESENTATION_CONTEXT() REPRESENTATION_CONTEXT('2D SPACE',''
  ) );
#3216 = ORIENTED_EDGE('',*,*,#1167,.T.);
#3217 = ORIENTED_EDGE('',*,*,#3218,.T.);
#3218 = EDGE_CURVE('',#1170,#1884,#3219,.T.);
#3219 = SURFACE_CURVE('',#3220,(#3224,#3230),.PCURVE_S1.);
#3220 = LINE('',#3221,#3222);
#3221 = CARTESIAN_POINT('',(8.996873254189,3.,0.));
#3222 = VECTOR('',#3223,1.);
#3223 = DIRECTION('',(0.,0.,1.));
#3224 = PCURVE('',#1186,#3225);
#3225 = DEFINITIONAL_REPRESENTATION('',(#3226),#3229);
#3226 = B_SPLINE_CURVE_WITH_KNOTS('',1,(#3227,#3228),.UNSPECIFIED.,.F.,
  .F.,(2,2),(1.95481521173,14.497032670966),.PIECEWISE_BEZIER_KNOTS.);
#3227 = CARTESIAN_POINT('',(5.430665305619,1.95481521173));
#3228 = CARTESIAN_POINT('',(5.430665305619,14.497032670966));
#3229 = ( GEOMETRIC_REPRESENTATION_CONTEXT(2) 
PARAMETRIC_REPRESENTATION_CONTEXT() REPRESENTATION_CONTEXT('2D SPACE',''
  ) );
#3230 = PCURVE('',#1611,#3231);
#3231 = DEFINITIONAL_REPRESENTATION('',(#3232),#3235);
#3232 = B_SPLINE_CURVE_WITH_KNOTS('',1,(#3233,#3234),.UNSPECIFIED.,.F.,
  .F.,(2,2),(1.95481521173,14.497032670966),.PIECEWISE_BEZIER_KNOTS.);
#3233 = CARTESIAN_POINT('',(1.996873254189,1.04518478827));
#3234 = CARTESIAN_POINT('',(1.996873254189,-11.49703267096));
#3235 = ( GEOMETRIC_REPRESENTATION_CONTEXT(2) 
PARAMETRIC_REPRESENTATION_CONTEXT() REPRESENTATION_CONTEXT('2D SPACE',''
  ) );
#3236 = ORIENTED_EDGE('',*,*,#1881,.F.);
#3237 = ADVANCED_FACE('',(#3238),#1611,.T.);
#3238 = FACE_BOUND('',#3239,.T.);
#3239 = EDGE_LOOP('',(#3240,#3241,#3242,#3243));
#3240 = ORIENTED_EDGE('',*,*,#1597,.F.);
#3241 = ORIENTED_EDGE('',*,*,#3218,.T.);
#3242 = ORIENTED_EDGE('',*,*,#2421,.T.);
#3243 = ORIENTED_EDGE('',*,*,#3244,.F.);
#3244 = EDGE_CURVE('',#1569,#2378,#3245,.T.);
#3245 = SURFACE_CURVE('',#3246,(#3250,#3256),.PCURVE_S1.);
#3246 = LINE('',#3247,#3248);
#3247 = CARTESIAN_POINT('',(51.733126745811,3.,0.));
#3248 = VECTOR('',#3249,1.);
#3249 = DIRECTION('',(0.,0.,1.));
#3250 = PCURVE('',#1611,#3251);
#3251 = DEFINITIONAL_REPRESENTATION('',(#3252),#3255);
#3252 = B_SPLINE_CURVE_WITH_KNOTS('',1,(#3253,#3254),.UNSPECIFIED.,.F.,
  .F.,(2,2),(1.95481521173,14.497032670966),.PIECEWISE_BEZIER_KNOTS.);
#3253 = CARTESIAN_POINT('',(44.733126745811,1.04518478827));
#3254 = CARTESIAN_POINT('',(44.733126745811,-11.49703267096));
#3255 = ( GEOMETRIC_REPRESENTATION_CONTEXT(2) 
PARAMETRIC_REPRESENTATION_CONTEXT() REPRESENTATION_CONTEXT('2D SPACE',''
  ) );
#3256 = PCURVE('',#1585,#3257);
#3257 = DEFINITIONAL_REPRESENTATION('',(#3258),#3261);
#3258 = B_SPLINE_CURVE_WITH_KNOTS('',1,(#3259,#3260),.UNSPECIFIED.,.F.,
  .F.,(2,2),(1.95481521173,14.497032670966),.PIECEWISE_BEZIER_KNOTS.);
#3259 = CARTESIAN_POINT('',(3.994112655151,1.95481521173));
#3260 = CARTESIAN_POINT('',(3.994112655151,14.497032670966));
#3261 = ( GEOMETRIC_REPRESENTATION_CONTEXT(2) 
PARAMETRIC_REPRESENTATION_CONTEXT() REPRESENTATION_CONTEXT('2D SPACE',''
  ) );
#3262 = ADVANCED_FACE('',(#3263),#1585,.F.);
#3263 = FACE_BOUND('',#3264,.F.);
#3264 = EDGE_LOOP('',(#3265,#3266,#3267,#3268));
#3265 = ORIENTED_EDGE('',*,*,#2377,.F.);
#3266 = ORIENTED_EDGE('',*,*,#3244,.F.);
#3267 = ORIENTED_EDGE('',*,*,#1568,.T.);
#3268 = ORIENTED_EDGE('',*,*,#3269,.T.);
#3269 = EDGE_CURVE('',#1541,#2357,#3270,.T.);
#3270 = SURFACE_CURVE('',#3271,(#3275,#3281),.PCURVE_S1.);
#3271 = LINE('',#3272,#3273);
#3272 = CARTESIAN_POINT('',(57.326873254189,3.,0.));
#3273 = VECTOR('',#3274,1.);
#3274 = DIRECTION('',(0.,0.,1.));
#3275 = PCURVE('',#1585,#3276);
#3276 = DEFINITIONAL_REPRESENTATION('',(#3277),#3280);
#3277 = B_SPLINE_CURVE_WITH_KNOTS('',1,(#3278,#3279),.UNSPECIFIED.,.F.,
  .F.,(2,2),(1.95481521173,14.497032670966),.PIECEWISE_BEZIER_KNOTS.);
#3278 = CARTESIAN_POINT('',(5.430665305619,1.95481521173));
#3279 = CARTESIAN_POINT('',(5.430665305619,14.497032670966));
#3280 = ( GEOMETRIC_REPRESENTATION_CONTEXT(2) 
PARAMETRIC_REPRESENTATION_CONTEXT() REPRESENTATION_CONTEXT('2D SPACE',''
  ) );
#3281 = PCURVE('',#1556,#3282);
#3282 = DEFINITIONAL_REPRESENTATION('',(#3283),#3286);
#3283 = B_SPLINE_CURVE_WITH_KNOTS('',1,(#3284,#3285),.UNSPECIFIED.,.F.,
  .F.,(2,2),(1.95481521173,14.497032670966),.PIECEWISE_BEZIER_KNOTS.);
#3284 = CARTESIAN_POINT('',(50.326873254189,1.04518478827));
#3285 = CARTESIAN_POINT('',(50.326873254189,-11.49703267096));
#3286 = ( GEOMETRIC_REPRESENTATION_CONTEXT(2) 
PARAMETRIC_REPRESENTATION_CONTEXT() REPRESENTATION_CONTEXT('2D SPACE',''
  ) );
#3287 = ADVANCED_FACE('',(#3288),#1556,.T.);
#3288 = FACE_BOUND('',#3289,.T.);
#3289 = EDGE_LOOP('',(#3290,#3291,#3292,#3293));
#3290 = ORIENTED_EDGE('',*,*,#1540,.F.);
#3291 = ORIENTED_EDGE('',*,*,#3269,.T.);
#3292 = ORIENTED_EDGE('',*,*,#2356,.T.);
#3293 = ORIENTED_EDGE('',*,*,#3294,.F.);
#3294 = EDGE_CURVE('',#1512,#2313,#3295,.T.);
#3295 = SURFACE_CURVE('',#3296,(#3300,#3306),.PCURVE_S1.);
#3296 = LINE('',#3297,#3298);
#3297 = CARTESIAN_POINT('',(103.73312674581,3.,0.));
#3298 = VECTOR('',#3299,1.);
#3299 = DIRECTION('',(0.,0.,1.));
#3300 = PCURVE('',#1556,#3301);
#3301 = DEFINITIONAL_REPRESENTATION('',(#3302),#3305);
#3302 = B_SPLINE_CURVE_WITH_KNOTS('',1,(#3303,#3304),.UNSPECIFIED.,.F.,
  .F.,(2,2),(1.95481521173,14.497032670966),.PIECEWISE_BEZIER_KNOTS.);
#3303 = CARTESIAN_POINT('',(96.733126745811,1.04518478827));
#3304 = CARTESIAN_POINT('',(96.733126745811,-11.49703267096));
#3305 = ( GEOMETRIC_REPRESENTATION_CONTEXT(2) 
PARAMETRIC_REPRESENTATION_CONTEXT() REPRESENTATION_CONTEXT('2D SPACE',''
  ) );
#3306 = PCURVE('',#1528,#3307);
#3307 = DEFINITIONAL_REPRESENTATION('',(#3308),#3311);
#3308 = B_SPLINE_CURVE_WITH_KNOTS('',1,(#3309,#3310),.UNSPECIFIED.,.F.,
  .F.,(2,2),(1.95481521173,14.497032670966),.PIECEWISE_BEZIER_KNOTS.);
#3309 = CARTESIAN_POINT('',(3.994112655151,1.95481521173));
#3310 = CARTESIAN_POINT('',(3.994112655151,14.497032670966));
#3311 = ( GEOMETRIC_REPRESENTATION_CONTEXT(2) 
PARAMETRIC_REPRESENTATION_CONTEXT() REPRESENTATION_CONTEXT('2D SPACE',''
  ) );
#3312 = ADVANCED_FACE('',(#3313),#1528,.F.);
#3313 = FACE_BOUND('',#3314,.F.);
#3314 = EDGE_LOOP('',(#3315,#3316,#3317,#3336));
#3315 = ORIENTED_EDGE('',*,*,#3294,.F.);
#3316 = ORIENTED_EDGE('',*,*,#1511,.T.);
#3317 = ORIENTED_EDGE('',*,*,#3318,.T.);
#3318 = EDGE_CURVE('',#1484,#2292,#3319,.T.);
#3319 = SURFACE_CURVE('',#3320,(#3324,#3330),.PCURVE_S1.);
#3320 = LINE('',#3321,#3322);
#3321 = CARTESIAN_POINT('',(109.32687325418,3.,0.));
#3322 = VECTOR('',#3323,1.);
#3323 = DIRECTION('',(0.,0.,1.));
#3324 = PCURVE('',#1528,#3325);
#3325 = DEFINITIONAL_REPRESENTATION('',(#3326),#3329);
#3326 = B_SPLINE_CURVE_WITH_KNOTS('',1,(#3327,#3328),.UNSPECIFIED.,.F.,
  .F.,(2,2),(1.95481521173,14.497032670966),.PIECEWISE_BEZIER_KNOTS.);
#3327 = CARTESIAN_POINT('',(5.430665305619,1.95481521173));
#3328 = CARTESIAN_POINT('',(5.430665305619,14.497032670966));
#3329 = ( GEOMETRIC_REPRESENTATION_CONTEXT(2) 
PARAMETRIC_REPRESENTATION_CONTEXT() REPRESENTATION_CONTEXT('2D SPACE',''
  ) );
#3330 = PCURVE('',#1499,#3331);
#3331 = DEFINITIONAL_REPRESENTATION('',(#3332),#3335);
#3332 = B_SPLINE_CURVE_WITH_KNOTS('',1,(#3333,#3334),.UNSPECIFIED.,.F.,
  .F.,(2,2),(1.95481521173,14.497032670966),.PIECEWISE_BEZIER_KNOTS.);
#3333 = CARTESIAN_POINT('',(102.32687325418,1.04518478827));
#3334 = CARTESIAN_POINT('',(102.32687325418,-11.49703267096));
#3335 = ( GEOMETRIC_REPRESENTATION_CONTEXT(2) 
PARAMETRIC_REPRESENTATION_CONTEXT() REPRESENTATION_CONTEXT('2D SPACE',''
  ) );
#3336 = ORIENTED_EDGE('',*,*,#2312,.F.);
#3337 = ADVANCED_FACE('',(#3338),#1499,.T.);
#3338 = FACE_BOUND('',#3339,.T.);
#3339 = EDGE_LOOP('',(#3340,#3341,#3342,#3343));
#3340 = ORIENTED_EDGE('',*,*,#1483,.F.);
#3341 = ORIENTED_EDGE('',*,*,#3318,.T.);
#3342 = ORIENTED_EDGE('',*,*,#2291,.T.);
#3343 = ORIENTED_EDGE('',*,*,#3344,.F.);
#3344 = EDGE_CURVE('',#1455,#2262,#3345,.T.);
#3345 = SURFACE_CURVE('',#3346,(#3350,#3356),.PCURVE_S1.);
#3346 = LINE('',#3347,#3348);
#3347 = CARTESIAN_POINT('',(149.95312674581,3.,0.));
#3348 = VECTOR('',#3349,1.);
#3349 = DIRECTION('',(0.,0.,1.));
#3350 = PCURVE('',#1499,#3351);
#3351 = DEFINITIONAL_REPRESENTATION('',(#3352),#3355);
#3352 = B_SPLINE_CURVE_WITH_KNOTS('',1,(#3353,#3354),.UNSPECIFIED.,.F.,
  .F.,(2,2),(1.95481521173,14.497032670966),.PIECEWISE_BEZIER_KNOTS.);
#3353 = CARTESIAN_POINT('',(142.95312674581,1.04518478827));
#3354 = CARTESIAN_POINT('',(142.95312674581,-11.49703267096));
#3355 = ( GEOMETRIC_REPRESENTATION_CONTEXT(2) 
PARAMETRIC_REPRESENTATION_CONTEXT() REPRESENTATION_CONTEXT('2D SPACE',''
  ) );
#3356 = PCURVE('',#1471,#3357);
#3357 = DEFINITIONAL_REPRESENTATION('',(#3358),#3361);
#3358 = B_SPLINE_CURVE_WITH_KNOTS('',1,(#3359,#3360),.UNSPECIFIED.,.F.,
  .F.,(2,2),(3.,13.451847882697),.PIECEWISE_BEZIER_KNOTS.);
#3359 = CARTESIAN_POINT('',(3.994112655151,3.));
#3360 = CARTESIAN_POINT('',(3.994112655151,13.451847882697));
#3361 = ( GEOMETRIC_REPRESENTATION_CONTEXT(2) 
PARAMETRIC_REPRESENTATION_CONTEXT() REPRESENTATION_CONTEXT('2D SPACE',''
  ) );
#3362 = ADVANCED_FACE('',(#3363),#1471,.F.);
#3363 = FACE_BOUND('',#3364,.F.);
#3364 = EDGE_LOOP('',(#3365,#3366,#3385,#3386,#3387));
#3365 = ORIENTED_EDGE('',*,*,#1454,.T.);
#3366 = ORIENTED_EDGE('',*,*,#3367,.T.);
#3367 = EDGE_CURVE('',#1427,#2211,#3368,.T.);
#3368 = SURFACE_CURVE('',#3369,(#3373,#3379),.PCURVE_S1.);
#3369 = LINE('',#3370,#3371);
#3370 = CARTESIAN_POINT('',(155.95,8.996873254189,0.));
#3371 = VECTOR('',#3372,1.);
#3372 = DIRECTION('',(0.,0.,1.));
#3373 = PCURVE('',#1471,#3374);
#3374 = DEFINITIONAL_REPRESENTATION('',(#3375),#3378);
#3375 = B_SPLINE_CURVE_WITH_KNOTS('',1,(#3376,#3377),.UNSPECIFIED.,.F.,
  .F.,(2,2),(3.,14.509258437299),.PIECEWISE_BEZIER_KNOTS.);
#3376 = CARTESIAN_POINT('',(7.001461632414,3.));
#3377 = CARTESIAN_POINT('',(7.001461632414,14.509258437299));
#3378 = ( GEOMETRIC_REPRESENTATION_CONTEXT(2) 
PARAMETRIC_REPRESENTATION_CONTEXT() REPRESENTATION_CONTEXT('2D SPACE',''
  ) );
#3379 = PCURVE('',#1442,#3380);
#3380 = DEFINITIONAL_REPRESENTATION('',(#3381),#3384);
#3381 = B_SPLINE_CURVE_WITH_KNOTS('',1,(#3382,#3383),.UNSPECIFIED.,.F.,
  .F.,(2,2),(0.403137781496,31.565484403546),.PIECEWISE_BEZIER_KNOTS.);
#3382 = CARTESIAN_POINT('',(1.996873254189,2.596862218504));
#3383 = CARTESIAN_POINT('',(1.996873254189,-28.56548440354));
#3384 = ( GEOMETRIC_REPRESENTATION_CONTEXT(2) 
PARAMETRIC_REPRESENTATION_CONTEXT() REPRESENTATION_CONTEXT('2D SPACE',''
  ) );
#3385 = ORIENTED_EDGE('',*,*,#2231,.F.);
#3386 = ORIENTED_EDGE('',*,*,#2261,.F.);
#3387 = ORIENTED_EDGE('',*,*,#3344,.F.);
#3388 = ADVANCED_FACE('',(#3389),#1442,.T.);
#3389 = FACE_BOUND('',#3390,.T.);
#3390 = EDGE_LOOP('',(#3391,#3392,#3393,#3394));
#3391 = ORIENTED_EDGE('',*,*,#1426,.F.);
#3392 = ORIENTED_EDGE('',*,*,#3367,.T.);
#3393 = ORIENTED_EDGE('',*,*,#2210,.T.);
#3394 = ORIENTED_EDGE('',*,*,#3395,.F.);
#3395 = EDGE_CURVE('',#1398,#2181,#3396,.T.);
#3396 = SURFACE_CURVE('',#3397,(#3401,#3407),.PCURVE_S1.);
#3397 = LINE('',#3398,#3399);
#3398 = CARTESIAN_POINT('',(155.95,89.003126745811,0.));
#3399 = VECTOR('',#3400,1.);
#3400 = DIRECTION('',(0.,0.,1.));
#3401 = PCURVE('',#1442,#3402);
#3402 = DEFINITIONAL_REPRESENTATION('',(#3403),#3406);
#3403 = B_SPLINE_CURVE_WITH_KNOTS('',1,(#3404,#3405),.UNSPECIFIED.,.F.,
  .F.,(2,2),(0.403137781496,31.565484403546),.PIECEWISE_BEZIER_KNOTS.);
#3404 = CARTESIAN_POINT('',(82.003126745811,2.596862218504));
#3405 = CARTESIAN_POINT('',(82.003126745811,-28.56548440354));
#3406 = ( GEOMETRIC_REPRESENTATION_CONTEXT(2) 
PARAMETRIC_REPRESENTATION_CONTEXT() REPRESENTATION_CONTEXT('2D SPACE',''
  ) );
#3407 = PCURVE('',#1414,#3408);
#3408 = DEFINITIONAL_REPRESENTATION('',(#3409),#3412);
#3409 = B_SPLINE_CURVE_WITH_KNOTS('',1,(#3410,#3411),.UNSPECIFIED.,.F.,
  .F.,(2,2),(3.,28.616519553273),.PIECEWISE_BEZIER_KNOTS.);
#3410 = CARTESIAN_POINT('',(5.564908981946,3.));
#3411 = CARTESIAN_POINT('',(5.564908981946,28.616519553273));
#3412 = ( GEOMETRIC_REPRESENTATION_CONTEXT(2) 
PARAMETRIC_REPRESENTATION_CONTEXT() REPRESENTATION_CONTEXT('2D SPACE',''
  ) );
#3413 = ADVANCED_FACE('',(#3414),#1414,.F.);
#3414 = FACE_BOUND('',#3415,.F.);
#3415 = EDGE_LOOP('',(#3416,#3417,#3436,#3437,#3438));
#3416 = ORIENTED_EDGE('',*,*,#1397,.T.);
#3417 = ORIENTED_EDGE('',*,*,#3418,.T.);
#3418 = EDGE_CURVE('',#1370,#2123,#3419,.T.);
#3419 = SURFACE_CURVE('',#3420,(#3424,#3430),.PCURVE_S1.);
#3420 = LINE('',#3421,#3422);
#3421 = CARTESIAN_POINT('',(149.95312674581,95.,0.));
#3422 = VECTOR('',#3423,1.);
#3423 = DIRECTION('',(0.,0.,1.));
#3424 = PCURVE('',#1414,#3425);
#3425 = DEFINITIONAL_REPRESENTATION('',(#3426),#3429);
#3426 = B_SPLINE_CURVE_WITH_KNOTS('',1,(#3427,#3428),.UNSPECIFIED.,.F.,
  .F.,(2,2),(3.,29.673930107875),.PIECEWISE_BEZIER_KNOTS.);
#3427 = CARTESIAN_POINT('',(8.572257959208,3.));
#3428 = CARTESIAN_POINT('',(8.572257959208,29.673930107875));
#3429 = ( GEOMETRIC_REPRESENTATION_CONTEXT(2) 
PARAMETRIC_REPRESENTATION_CONTEXT() REPRESENTATION_CONTEXT('2D SPACE',''
  ) );
#3430 = PCURVE('',#1385,#3431);
#3431 = DEFINITIONAL_REPRESENTATION('',(#3432),#3435);
#3432 = B_SPLINE_CURVE_WITH_KNOTS('',1,(#3433,#3434),.UNSPECIFIED.,.F.,
  .F.,(2,2),(0.332606989212,32.341323118663),.PIECEWISE_BEZIER_KNOTS.);
#3433 = CARTESIAN_POINT('',(142.95312674581,2.667393010788));
#3434 = CARTESIAN_POINT('',(142.95312674581,-29.34132311866));
#3435 = ( GEOMETRIC_REPRESENTATION_CONTEXT(2) 
PARAMETRIC_REPRESENTATION_CONTEXT() REPRESENTATION_CONTEXT('2D SPACE',''
  ) );
#3436 = ORIENTED_EDGE('',*,*,#2143,.F.);
#3437 = ORIENTED_EDGE('',*,*,#2180,.F.);
#3438 = ORIENTED_EDGE('',*,*,#3395,.F.);
#3439 = ADVANCED_FACE('',(#3440),#1385,.F.);
#3440 = FACE_BOUND('',#3441,.F.);
#3441 = EDGE_LOOP('',(#3442,#3443,#3462,#3463));
#3442 = ORIENTED_EDGE('',*,*,#1369,.F.);
#3443 = ORIENTED_EDGE('',*,*,#3444,.T.);
#3444 = EDGE_CURVE('',#1341,#2079,#3445,.T.);
#3445 = SURFACE_CURVE('',#3446,(#3450,#3456),.PCURVE_S1.);
#3446 = LINE('',#3447,#3448);
#3447 = CARTESIAN_POINT('',(104.27187325418,95.,0.));
#3448 = VECTOR('',#3449,1.);
#3449 = DIRECTION('',(0.,0.,1.));
#3450 = PCURVE('',#1385,#3451);
#3451 = DEFINITIONAL_REPRESENTATION('',(#3452),#3455);
#3452 = B_SPLINE_CURVE_WITH_KNOTS('',1,(#3453,#3454),.UNSPECIFIED.,.F.,
  .F.,(2,2),(0.332606989212,32.341323118663),.PIECEWISE_BEZIER_KNOTS.);
#3453 = CARTESIAN_POINT('',(97.271873254189,2.667393010788));
#3454 = CARTESIAN_POINT('',(97.271873254189,-29.34132311866));
#3455 = ( GEOMETRIC_REPRESENTATION_CONTEXT(2) 
PARAMETRIC_REPRESENTATION_CONTEXT() REPRESENTATION_CONTEXT('2D SPACE',''
  ) );
#3456 = PCURVE('',#1357,#3457);
#3457 = DEFINITIONAL_REPRESENTATION('',(#3458),#3461);
#3458 = B_SPLINE_CURVE_WITH_KNOTS('',1,(#3459,#3460),.UNSPECIFIED.,.F.,
  .F.,(2,2),(0.332606989212,32.341323118663),.PIECEWISE_BEZIER_KNOTS.);
#3459 = CARTESIAN_POINT('',(0.852520001561,0.332606989212));
#3460 = CARTESIAN_POINT('',(0.852520001561,32.341323118663));
#3461 = ( GEOMETRIC_REPRESENTATION_CONTEXT(2) 
PARAMETRIC_REPRESENTATION_CONTEXT() REPRESENTATION_CONTEXT('2D SPACE',''
  ) );
#3462 = ORIENTED_EDGE('',*,*,#2122,.T.);
#3463 = ORIENTED_EDGE('',*,*,#3418,.F.);
#3464 = ADVANCED_FACE('',(#3465),#1357,.F.);
#3465 = FACE_BOUND('',#3466,.F.);
#3466 = EDGE_LOOP('',(#3467,#3468,#3469,#3488));
#3467 = ORIENTED_EDGE('',*,*,#3444,.F.);
#3468 = ORIENTED_EDGE('',*,*,#1340,.T.);
#3469 = ORIENTED_EDGE('',*,*,#3470,.T.);
#3470 = EDGE_CURVE('',#1313,#2058,#3471,.T.);
#3471 = SURFACE_CURVE('',#3472,(#3476,#3482),.PCURVE_S1.);
#3472 = LINE('',#3473,#3474);
#3473 = CARTESIAN_POINT('',(98.678126745811,95.,0.));
#3474 = VECTOR('',#3475,1.);
#3475 = DIRECTION('',(0.,0.,1.));
#3476 = PCURVE('',#1357,#3477);
#3477 = DEFINITIONAL_REPRESENTATION('',(#3478),#3481);
#3478 = B_SPLINE_CURVE_WITH_KNOTS('',1,(#3479,#3480),.UNSPECIFIED.,.F.,
  .F.,(2,2),(0.332606989212,32.341323118663),.PIECEWISE_BEZIER_KNOTS.);
#3479 = CARTESIAN_POINT('',(2.289072652029,0.332606989212));
#3480 = CARTESIAN_POINT('',(2.289072652029,32.341323118663));
#3481 = ( GEOMETRIC_REPRESENTATION_CONTEXT(2) 
PARAMETRIC_REPRESENTATION_CONTEXT() REPRESENTATION_CONTEXT('2D SPACE',''
  ) );
#3482 = PCURVE('',#1328,#3483);
#3483 = DEFINITIONAL_REPRESENTATION('',(#3484),#3487);
#3484 = B_SPLINE_CURVE_WITH_KNOTS('',1,(#3485,#3486),.UNSPECIFIED.,.F.,
  .F.,(2,2),(0.332606989212,32.341323118663),.PIECEWISE_BEZIER_KNOTS.);
#3485 = CARTESIAN_POINT('',(91.678126745811,2.667393010788));
#3486 = CARTESIAN_POINT('',(91.678126745811,-29.34132311866));
#3487 = ( GEOMETRIC_REPRESENTATION_CONTEXT(2) 
PARAMETRIC_REPRESENTATION_CONTEXT() REPRESENTATION_CONTEXT('2D SPACE',''
  ) );
#3488 = ORIENTED_EDGE('',*,*,#2078,.F.);
#3489 = ADVANCED_FACE('',(#3490,#3514),#1328,.F.);
#3490 = FACE_BOUND('',#3491,.F.);
#3491 = EDGE_LOOP('',(#3492,#3493,#3512,#3513));
#3492 = ORIENTED_EDGE('',*,*,#1312,.F.);
#3493 = ORIENTED_EDGE('',*,*,#3494,.T.);
#3494 = EDGE_CURVE('',#1284,#2014,#3495,.T.);
#3495 = SURFACE_CURVE('',#3496,(#3500,#3506),.PCURVE_S1.);
#3496 = LINE('',#3497,#3498);
#3497 = CARTESIAN_POINT('',(60.271873254189,95.,0.));
#3498 = VECTOR('',#3499,1.);
#3499 = DIRECTION('',(0.,0.,1.));
#3500 = PCURVE('',#1328,#3501);
#3501 = DEFINITIONAL_REPRESENTATION('',(#3502),#3505);
#3502 = B_SPLINE_CURVE_WITH_KNOTS('',1,(#3503,#3504),.UNSPECIFIED.,.F.,
  .F.,(2,2),(0.332606989212,32.341323118663),.PIECEWISE_BEZIER_KNOTS.);
#3503 = CARTESIAN_POINT('',(53.271873254189,2.667393010788));
#3504 = CARTESIAN_POINT('',(53.271873254189,-29.34132311866));
#3505 = ( GEOMETRIC_REPRESENTATION_CONTEXT(2) 
PARAMETRIC_REPRESENTATION_CONTEXT() REPRESENTATION_CONTEXT('2D SPACE',''
  ) );
#3506 = PCURVE('',#1300,#3507);
#3507 = DEFINITIONAL_REPRESENTATION('',(#3508),#3511);
#3508 = B_SPLINE_CURVE_WITH_KNOTS('',1,(#3509,#3510),.UNSPECIFIED.,.F.,
  .F.,(2,2),(0.332606989212,32.341323118663),.PIECEWISE_BEZIER_KNOTS.);
#3509 = CARTESIAN_POINT('',(0.852520001561,0.332606989212));
#3510 = CARTESIAN_POINT('',(0.852520001561,32.341323118663));
#3511 = ( GEOMETRIC_REPRESENTATION_CONTEXT(2) 
PARAMETRIC_REPRESENTATION_CONTEXT() REPRESENTATION_CONTEXT('2D SPACE',''
  ) );
#3512 = ORIENTED_EDGE('',*,*,#2057,.T.);
#3513 = ORIENTED_EDGE('',*,*,#3470,.F.);
#3514 = FACE_BOUND('',#3515,.F.);
#3515 = EDGE_LOOP('',(#3516,#3544,#3577,#3603,#3636,#3662,#3695,#3721));
#3516 = ORIENTED_EDGE('',*,*,#3517,.F.);
#3517 = EDGE_CURVE('',#3518,#3520,#3522,.T.);
#3518 = VERTEX_POINT('',#3519);
#3519 = CARTESIAN_POINT('',(74.805,95.,8.2));
#3520 = VERTEX_POINT('',#3521);
#3521 = CARTESIAN_POINT('',(74.805,95.,9.06));
#3522 = SURFACE_CURVE('',#3523,(#3527,#3533),.PCURVE_S1.);
#3523 = LINE('',#3524,#3525);
#3524 = CARTESIAN_POINT('',(74.805,95.,6.03));
#3525 = VECTOR('',#3526,1.);
#3526 = DIRECTION('',(0.,-0.,1.));
#3527 = PCURVE('',#1328,#3528);
#3528 = DEFINITIONAL_REPRESENTATION('',(#3529),#3532);
#3529 = B_SPLINE_CURVE_WITH_KNOTS('',1,(#3530,#3531),.UNSPECIFIED.,.F.,
  .F.,(2,2),(2.17,3.03),.PIECEWISE_BEZIER_KNOTS.);
#3530 = CARTESIAN_POINT('',(67.805,-5.2));
#3531 = CARTESIAN_POINT('',(67.805,-6.06));
#3532 = ( GEOMETRIC_REPRESENTATION_CONTEXT(2) 
PARAMETRIC_REPRESENTATION_CONTEXT() REPRESENTATION_CONTEXT('2D SPACE',''
  ) );
#3533 = PCURVE('',#3534,#3539);
#3534 = PLANE('',#3535);
#3535 = AXIS2_PLACEMENT_3D('',#3536,#3537,#3538);
#3536 = CARTESIAN_POINT('',(74.805,94.,9.06));
#3537 = DIRECTION('',(-1.,0.,0.));
#3538 = DIRECTION('',(0.,2.22044604925E-16,-1.));
#3539 = DEFINITIONAL_REPRESENTATION('',(#3540),#3543);
#3540 = B_SPLINE_CURVE_WITH_KNOTS('',1,(#3541,#3542),.UNSPECIFIED.,.F.,
  .F.,(2,2),(2.17,3.03),.PIECEWISE_BEZIER_KNOTS.);
#3541 = CARTESIAN_POINT('',(0.86,-1.));
#3542 = CARTESIAN_POINT('',(0.,-1.));
#3543 = ( GEOMETRIC_REPRESENTATION_CONTEXT(2) 
PARAMETRIC_REPRESENTATION_CONTEXT() REPRESENTATION_CONTEXT('2D SPACE',''
  ) );
#3544 = ORIENTED_EDGE('',*,*,#3545,.T.);
#3545 = EDGE_CURVE('',#3518,#3546,#3548,.T.);
#3546 = VERTEX_POINT('',#3547);
#3547 = CARTESIAN_POINT('',(76.205,95.,6.8));
#3548 = SURFACE_CURVE('',#3549,(#3554,#3565),.PCURVE_S1.);
#3549 = CIRCLE('',#3550,1.4);
#3550 = AXIS2_PLACEMENT_3D('',#3551,#3552,#3553);
#3551 = CARTESIAN_POINT('',(76.205,95.,8.2));
#3552 = DIRECTION('',(0.,-1.,-2.22044604925E-16));
#3553 = DIRECTION('',(1.,0.,0.));
#3554 = PCURVE('',#1328,#3555);
#3555 = DEFINITIONAL_REPRESENTATION('',(#3556),#3564);
#3556 = ( BOUNDED_CURVE() B_SPLINE_CURVE(2,(#3557,#3558,#3559,#3560,
#3561,#3562,#3563),.UNSPECIFIED.,.T.,.F.) B_SPLINE_CURVE_WITH_KNOTS((1,2
    ,2,2,2,1),(-2.094395102393,0.,2.094395102393,4.188790204786,
6.28318530718,8.377580409573),.UNSPECIFIED.) CURVE() 
GEOMETRIC_REPRESENTATION_ITEM() RATIONAL_B_SPLINE_CURVE((1.,0.5,1.,0.5,
1.,0.5,1.)) REPRESENTATION_ITEM('') );
#3557 = CARTESIAN_POINT('',(70.605,-5.2));
#3558 = CARTESIAN_POINT('',(70.605,-7.624871130596));
#3559 = CARTESIAN_POINT('',(68.505,-6.412435565298));
#3560 = CARTESIAN_POINT('',(66.405,-5.2));
#3561 = CARTESIAN_POINT('',(68.505,-3.987564434702));
#3562 = CARTESIAN_POINT('',(70.605,-2.775128869404));
#3563 = CARTESIAN_POINT('',(70.605,-5.2));
#3564 = ( GEOMETRIC_REPRESENTATION_CONTEXT(2) 
PARAMETRIC_REPRESENTATION_CONTEXT() REPRESENTATION_CONTEXT('2D SPACE',''
  ) );
#3565 = PCURVE('',#3566,#3571);
#3566 = CYLINDRICAL_SURFACE('',#3567,1.4);
#3567 = AXIS2_PLACEMENT_3D('',#3568,#3569,#3570);
#3568 = CARTESIAN_POINT('',(76.205,94.,8.2));
#3569 = DIRECTION('',(0.,-1.,-2.22044604925E-16));
#3570 = DIRECTION('',(1.,0.,0.));
#3571 = DEFINITIONAL_REPRESENTATION('',(#3572),#3576);
#3572 = LINE('',#3573,#3574);
#3573 = CARTESIAN_POINT('',(-6.28318530718,-1.));
#3574 = VECTOR('',#3575,1.);
#3575 = DIRECTION('',(1.,-0.));
#3576 = ( GEOMETRIC_REPRESENTATION_CONTEXT(2) 
PARAMETRIC_REPRESENTATION_CONTEXT() REPRESENTATION_CONTEXT('2D SPACE',''
  ) );
#3577 = ORIENTED_EDGE('',*,*,#3578,.F.);
#3578 = EDGE_CURVE('',#3579,#3546,#3581,.T.);
#3579 = VERTEX_POINT('',#3580);
#3580 = CARTESIAN_POINT('',(82.745,95.,6.8));
#3581 = SURFACE_CURVE('',#3582,(#3586,#3592),.PCURVE_S1.);
#3582 = LINE('',#3583,#3584);
#3583 = CARTESIAN_POINT('',(41.6025,95.,6.8));
#3584 = VECTOR('',#3585,1.);
#3585 = DIRECTION('',(-1.,0.,0.));
#3586 = PCURVE('',#1328,#3587);
#3587 = DEFINITIONAL_REPRESENTATION('',(#3588),#3591);
#3588 = B_SPLINE_CURVE_WITH_KNOTS('',1,(#3589,#3590),.UNSPECIFIED.,.F.,
  .F.,(2,2),(-41.1425,-34.6025),.PIECEWISE_BEZIER_KNOTS.);
#3589 = CARTESIAN_POINT('',(75.745,-3.8));
#3590 = CARTESIAN_POINT('',(69.205,-3.8));
#3591 = ( GEOMETRIC_REPRESENTATION_CONTEXT(2) 
PARAMETRIC_REPRESENTATION_CONTEXT() REPRESENTATION_CONTEXT('2D SPACE',''
  ) );
#3592 = PCURVE('',#3593,#3598);
#3593 = PLANE('',#3594);
#3594 = AXIS2_PLACEMENT_3D('',#3595,#3596,#3597);
#3595 = CARTESIAN_POINT('',(76.205,94.,6.8));
#3596 = DIRECTION('',(0.,2.22044604925E-16,-1.));
#3597 = DIRECTION('',(1.,0.,0.));
#3598 = DEFINITIONAL_REPRESENTATION('',(#3599),#3602);
#3599 = B_SPLINE_CURVE_WITH_KNOTS('',1,(#3600,#3601),.UNSPECIFIED.,.F.,
  .F.,(2,2),(-41.1425,-34.6025),.PIECEWISE_BEZIER_KNOTS.);
#3600 = CARTESIAN_POINT('',(6.54,-1.));
#3601 = CARTESIAN_POINT('',(0.,-1.));
#3602 = ( GEOMETRIC_REPRESENTATION_CONTEXT(2) 
PARAMETRIC_REPRESENTATION_CONTEXT() REPRESENTATION_CONTEXT('2D SPACE',''
  ) );
#3603 = ORIENTED_EDGE('',*,*,#3604,.T.);
#3604 = EDGE_CURVE('',#3579,#3605,#3607,.T.);
#3605 = VERTEX_POINT('',#3606);
#3606 = CARTESIAN_POINT('',(84.145,95.,8.2));
#3607 = SURFACE_CURVE('',#3608,(#3613,#3624),.PCURVE_S1.);
#3608 = CIRCLE('',#3609,1.4);
#3609 = AXIS2_PLACEMENT_3D('',#3610,#3611,#3612);
#3610 = CARTESIAN_POINT('',(82.745,95.,8.2));
#3611 = DIRECTION('',(0.,-1.,-2.22044604925E-16));
#3612 = DIRECTION('',(1.,0.,0.));
#3613 = PCURVE('',#1328,#3614);
#3614 = DEFINITIONAL_REPRESENTATION('',(#3615),#3623);
#3615 = ( BOUNDED_CURVE() B_SPLINE_CURVE(2,(#3616,#3617,#3618,#3619,
#3620,#3621,#3622),.UNSPECIFIED.,.T.,.F.) B_SPLINE_CURVE_WITH_KNOTS((1,2
    ,2,2,2,1),(-2.094395102393,0.,2.094395102393,4.188790204786,
6.28318530718,8.377580409573),.UNSPECIFIED.) CURVE() 
GEOMETRIC_REPRESENTATION_ITEM() RATIONAL_B_SPLINE_CURVE((1.,0.5,1.,0.5,
1.,0.5,1.)) REPRESENTATION_ITEM('') );
#3616 = CARTESIAN_POINT('',(77.145,-5.2));
#3617 = CARTESIAN_POINT('',(77.145,-7.624871130596));
#3618 = CARTESIAN_POINT('',(75.045,-6.412435565298));
#3619 = CARTESIAN_POINT('',(72.945,-5.2));
#3620 = CARTESIAN_POINT('',(75.045,-3.987564434702));
#3621 = CARTESIAN_POINT('',(77.145,-2.775128869404));
#3622 = CARTESIAN_POINT('',(77.145,-5.2));
#3623 = ( GEOMETRIC_REPRESENTATION_CONTEXT(2) 
PARAMETRIC_REPRESENTATION_CONTEXT() REPRESENTATION_CONTEXT('2D SPACE',''
  ) );
#3624 = PCURVE('',#3625,#3630);
#3625 = CYLINDRICAL_SURFACE('',#3626,1.4);
#3626 = AXIS2_PLACEMENT_3D('',#3627,#3628,#3629);
#3627 = CARTESIAN_POINT('',(82.745,94.,8.2));
#3628 = DIRECTION('',(0.,-1.,-2.22044604925E-16));
#3629 = DIRECTION('',(1.,0.,0.));
#3630 = DEFINITIONAL_REPRESENTATION('',(#3631),#3635);
#3631 = LINE('',#3632,#3633);
#3632 = CARTESIAN_POINT('',(-6.28318530718,-1.));
#3633 = VECTOR('',#3634,1.);
#3634 = DIRECTION('',(1.,-0.));
#3635 = ( GEOMETRIC_REPRESENTATION_CONTEXT(2) 
PARAMETRIC_REPRESENTATION_CONTEXT() REPRESENTATION_CONTEXT('2D SPACE',''
  ) );
#3636 = ORIENTED_EDGE('',*,*,#3637,.T.);
#3637 = EDGE_CURVE('',#3605,#3638,#3640,.T.);
#3638 = VERTEX_POINT('',#3639);
#3639 = CARTESIAN_POINT('',(84.145,95.,9.06));
#3640 = SURFACE_CURVE('',#3641,(#3645,#3651),.PCURVE_S1.);
#3641 = LINE('',#3642,#3643);
#3642 = CARTESIAN_POINT('',(84.145,95.,6.03));
#3643 = VECTOR('',#3644,1.);
#3644 = DIRECTION('',(0.,-0.,1.));
#3645 = PCURVE('',#1328,#3646);
#3646 = DEFINITIONAL_REPRESENTATION('',(#3647),#3650);
#3647 = B_SPLINE_CURVE_WITH_KNOTS('',1,(#3648,#3649),.UNSPECIFIED.,.F.,
  .F.,(2,2),(2.17,3.03),.PIECEWISE_BEZIER_KNOTS.);
#3648 = CARTESIAN_POINT('',(77.145,-5.2));
#3649 = CARTESIAN_POINT('',(77.145,-6.06));
#3650 = ( GEOMETRIC_REPRESENTATION_CONTEXT(2) 
PARAMETRIC_REPRESENTATION_CONTEXT() REPRESENTATION_CONTEXT('2D SPACE',''
  ) );
#3651 = PCURVE('',#3652,#3657);
#3652 = PLANE('',#3653);
#3653 = AXIS2_PLACEMENT_3D('',#3654,#3655,#3656);
#3654 = CARTESIAN_POINT('',(84.145,94.,9.06));
#3655 = DIRECTION('',(-1.,0.,0.));
#3656 = DIRECTION('',(0.,2.22044604925E-16,-1.));
#3657 = DEFINITIONAL_REPRESENTATION('',(#3658),#3661);
#3658 = B_SPLINE_CURVE_WITH_KNOTS('',1,(#3659,#3660),.UNSPECIFIED.,.F.,
  .F.,(2,2),(2.17,3.03),.PIECEWISE_BEZIER_KNOTS.);
#3659 = CARTESIAN_POINT('',(0.86,-1.));
#3660 = CARTESIAN_POINT('',(0.,-1.));
#3661 = ( GEOMETRIC_REPRESENTATION_CONTEXT(2) 
PARAMETRIC_REPRESENTATION_CONTEXT() REPRESENTATION_CONTEXT('2D SPACE',''
  ) );
#3662 = ORIENTED_EDGE('',*,*,#3663,.T.);
#3663 = EDGE_CURVE('',#3638,#3664,#3666,.T.);
#3664 = VERTEX_POINT('',#3665);
#3665 = CARTESIAN_POINT('',(82.745,95.,10.46));
#3666 = SURFACE_CURVE('',#3667,(#3672,#3683),.PCURVE_S1.);
#3667 = CIRCLE('',#3668,1.4);
#3668 = AXIS2_PLACEMENT_3D('',#3669,#3670,#3671);
#3669 = CARTESIAN_POINT('',(82.745,95.,9.06));
#3670 = DIRECTION('',(0.,-1.,-2.22044604925E-16));
#3671 = DIRECTION('',(1.,0.,0.));
#3672 = PCURVE('',#1328,#3673);
#3673 = DEFINITIONAL_REPRESENTATION('',(#3674),#3682);
#3674 = ( BOUNDED_CURVE() B_SPLINE_CURVE(2,(#3675,#3676,#3677,#3678,
#3679,#3680,#3681),.UNSPECIFIED.,.T.,.F.) B_SPLINE_CURVE_WITH_KNOTS((1,2
    ,2,2,2,1),(-2.094395102393,0.,2.094395102393,4.188790204786,
6.28318530718,8.377580409573),.UNSPECIFIED.) CURVE() 
GEOMETRIC_REPRESENTATION_ITEM() RATIONAL_B_SPLINE_CURVE((1.,0.5,1.,0.5,
1.,0.5,1.)) REPRESENTATION_ITEM('') );
#3675 = CARTESIAN_POINT('',(77.145,-6.06));
#3676 = CARTESIAN_POINT('',(77.145,-8.484871130596));
#3677 = CARTESIAN_POINT('',(75.045,-7.272435565298));
#3678 = CARTESIAN_POINT('',(72.945,-6.06));
#3679 = CARTESIAN_POINT('',(75.045,-4.847564434702));
#3680 = CARTESIAN_POINT('',(77.145,-3.635128869404));
#3681 = CARTESIAN_POINT('',(77.145,-6.06));
#3682 = ( GEOMETRIC_REPRESENTATION_CONTEXT(2) 
PARAMETRIC_REPRESENTATION_CONTEXT() REPRESENTATION_CONTEXT('2D SPACE',''
  ) );
#3683 = PCURVE('',#3684,#3689);
#3684 = CYLINDRICAL_SURFACE('',#3685,1.4);
#3685 = AXIS2_PLACEMENT_3D('',#3686,#3687,#3688);
#3686 = CARTESIAN_POINT('',(82.745,94.,9.06));
#3687 = DIRECTION('',(0.,-1.,-2.22044604925E-16));
#3688 = DIRECTION('',(1.,0.,0.));
#3689 = DEFINITIONAL_REPRESENTATION('',(#3690),#3694);
#3690 = LINE('',#3691,#3692);
#3691 = CARTESIAN_POINT('',(-6.28318530718,-1.));
#3692 = VECTOR('',#3693,1.);
#3693 = DIRECTION('',(1.,-0.));
#3694 = ( GEOMETRIC_REPRESENTATION_CONTEXT(2) 
PARAMETRIC_REPRESENTATION_CONTEXT() REPRESENTATION_CONTEXT('2D SPACE',''
  ) );
#3695 = ORIENTED_EDGE('',*,*,#3696,.T.);
#3696 = EDGE_CURVE('',#3664,#3697,#3699,.T.);
#3697 = VERTEX_POINT('',#3698);
#3698 = CARTESIAN_POINT('',(76.205,95.,10.46));
#3699 = SURFACE_CURVE('',#3700,(#3704,#3710),.PCURVE_S1.);
#3700 = LINE('',#3701,#3702);
#3701 = CARTESIAN_POINT('',(41.6025,95.,10.46));
#3702 = VECTOR('',#3703,1.);
#3703 = DIRECTION('',(-1.,0.,0.));
#3704 = PCURVE('',#1328,#3705);
#3705 = DEFINITIONAL_REPRESENTATION('',(#3706),#3709);
#3706 = B_SPLINE_CURVE_WITH_KNOTS('',1,(#3707,#3708),.UNSPECIFIED.,.F.,
  .F.,(2,2),(-41.1425,-34.6025),.PIECEWISE_BEZIER_KNOTS.);
#3707 = CARTESIAN_POINT('',(75.745,-7.46));
#3708 = CARTESIAN_POINT('',(69.205,-7.46));
#3709 = ( GEOMETRIC_REPRESENTATION_CONTEXT(2) 
PARAMETRIC_REPRESENTATION_CONTEXT() REPRESENTATION_CONTEXT('2D SPACE',''
  ) );
#3710 = PCURVE('',#3711,#3716);
#3711 = PLANE('',#3712);
#3712 = AXIS2_PLACEMENT_3D('',#3713,#3714,#3715);
#3713 = CARTESIAN_POINT('',(76.205,94.,10.46));
#3714 = DIRECTION('',(0.,2.22044604925E-16,-1.));
#3715 = DIRECTION('',(1.,0.,0.));
#3716 = DEFINITIONAL_REPRESENTATION('',(#3717),#3720);
#3717 = B_SPLINE_CURVE_WITH_KNOTS('',1,(#3718,#3719),.UNSPECIFIED.,.F.,
  .F.,(2,2),(-41.1425,-34.6025),.PIECEWISE_BEZIER_KNOTS.);
#3718 = CARTESIAN_POINT('',(6.54,-1.));
#3719 = CARTESIAN_POINT('',(0.,-1.));
#3720 = ( GEOMETRIC_REPRESENTATION_CONTEXT(2) 
PARAMETRIC_REPRESENTATION_CONTEXT() REPRESENTATION_CONTEXT('2D SPACE',''
  ) );
#3721 = ORIENTED_EDGE('',*,*,#3722,.T.);
#3722 = EDGE_CURVE('',#3697,#3520,#3723,.T.);
#3723 = SURFACE_CURVE('',#3724,(#3729,#3740),.PCURVE_S1.);
#3724 = CIRCLE('',#3725,1.4);
#3725 = AXIS2_PLACEMENT_3D('',#3726,#3727,#3728);
#3726 = CARTESIAN_POINT('',(76.205,95.,9.06));
#3727 = DIRECTION('',(0.,-1.,-2.22044604925E-16));
#3728 = DIRECTION('',(1.,0.,0.));
#3729 = PCURVE('',#1328,#3730);
#3730 = DEFINITIONAL_REPRESENTATION('',(#3731),#3739);
#3731 = ( BOUNDED_CURVE() B_SPLINE_CURVE(2,(#3732,#3733,#3734,#3735,
#3736,#3737,#3738),.UNSPECIFIED.,.T.,.F.) B_SPLINE_CURVE_WITH_KNOTS((1,2
    ,2,2,2,1),(-2.094395102393,0.,2.094395102393,4.188790204786,
6.28318530718,8.377580409573),.UNSPECIFIED.) CURVE() 
GEOMETRIC_REPRESENTATION_ITEM() RATIONAL_B_SPLINE_CURVE((1.,0.5,1.,0.5,
1.,0.5,1.)) REPRESENTATION_ITEM('') );
#3732 = CARTESIAN_POINT('',(70.605,-6.06));
#3733 = CARTESIAN_POINT('',(70.605,-8.484871130596));
#3734 = CARTESIAN_POINT('',(68.505,-7.272435565298));
#3735 = CARTESIAN_POINT('',(66.405,-6.06));
#3736 = CARTESIAN_POINT('',(68.505,-4.847564434702));
#3737 = CARTESIAN_POINT('',(70.605,-3.635128869404));
#3738 = CARTESIAN_POINT('',(70.605,-6.06));
#3739 = ( GEOMETRIC_REPRESENTATION_CONTEXT(2) 
PARAMETRIC_REPRESENTATION_CONTEXT() REPRESENTATION_CONTEXT('2D SPACE',''
  ) );
#3740 = PCURVE('',#3741,#3746);
#3741 = CYLINDRICAL_SURFACE('',#3742,1.4);
#3742 = AXIS2_PLACEMENT_3D('',#3743,#3744,#3745);
#3743 = CARTESIAN_POINT('',(76.205,94.,9.06));
#3744 = DIRECTION('',(0.,-1.,-2.22044604925E-16));
#3745 = DIRECTION('',(1.,0.,0.));
#3746 = DEFINITIONAL_REPRESENTATION('',(#3747),#3751);
#3747 = LINE('',#3748,#3749);
#3748 = CARTESIAN_POINT('',(-6.28318530718,-1.));
#3749 = VECTOR('',#3750,1.);
#3750 = DIRECTION('',(1.,-0.));
#3751 = ( GEOMETRIC_REPRESENTATION_CONTEXT(2) 
PARAMETRIC_REPRESENTATION_CONTEXT() REPRESENTATION_CONTEXT('2D SPACE',''
  ) );
#3752 = ADVANCED_FACE('',(#3753),#1300,.F.);
#3753 = FACE_BOUND('',#3754,.F.);
#3754 = EDGE_LOOP('',(#3755,#3756,#3757,#3776));
#3755 = ORIENTED_EDGE('',*,*,#3494,.F.);
#3756 = ORIENTED_EDGE('',*,*,#1283,.T.);
#3757 = ORIENTED_EDGE('',*,*,#3758,.T.);
#3758 = EDGE_CURVE('',#1256,#1993,#3759,.T.);
#3759 = SURFACE_CURVE('',#3760,(#3764,#3770),.PCURVE_S1.);
#3760 = LINE('',#3761,#3762);
#3761 = CARTESIAN_POINT('',(54.678126745811,95.,0.));
#3762 = VECTOR('',#3763,1.);
#3763 = DIRECTION('',(0.,0.,1.));
#3764 = PCURVE('',#1300,#3765);
#3765 = DEFINITIONAL_REPRESENTATION('',(#3766),#3769);
#3766 = B_SPLINE_CURVE_WITH_KNOTS('',1,(#3767,#3768),.UNSPECIFIED.,.F.,
  .F.,(2,2),(0.332606989212,32.341323118663),.PIECEWISE_BEZIER_KNOTS.);
#3767 = CARTESIAN_POINT('',(2.289072652029,0.332606989212));
#3768 = CARTESIAN_POINT('',(2.289072652029,32.341323118663));
#3769 = ( GEOMETRIC_REPRESENTATION_CONTEXT(2) 
PARAMETRIC_REPRESENTATION_CONTEXT() REPRESENTATION_CONTEXT('2D SPACE',''
  ) );
#3770 = PCURVE('',#1271,#3771);
#3771 = DEFINITIONAL_REPRESENTATION('',(#3772),#3775);
#3772 = B_SPLINE_CURVE_WITH_KNOTS('',1,(#3773,#3774),.UNSPECIFIED.,.F.,
  .F.,(2,2),(0.332606989212,32.341323118663),.PIECEWISE_BEZIER_KNOTS.);
#3773 = CARTESIAN_POINT('',(47.678126745811,2.667393010788));
#3774 = CARTESIAN_POINT('',(47.678126745811,-29.34132311866));
#3775 = ( GEOMETRIC_REPRESENTATION_CONTEXT(2) 
PARAMETRIC_REPRESENTATION_CONTEXT() REPRESENTATION_CONTEXT('2D SPACE',''
  ) );
#3776 = ORIENTED_EDGE('',*,*,#2013,.F.);
#3777 = ADVANCED_FACE('',(#3778),#1271,.F.);
#3778 = FACE_BOUND('',#3779,.F.);
#3779 = EDGE_LOOP('',(#3780,#3781,#3800,#3801));
#3780 = ORIENTED_EDGE('',*,*,#1255,.F.);
#3781 = ORIENTED_EDGE('',*,*,#3782,.T.);
#3782 = EDGE_CURVE('',#1227,#1949,#3783,.T.);
#3783 = SURFACE_CURVE('',#3784,(#3788,#3794),.PCURVE_S1.);
#3784 = LINE('',#3785,#3786);
#3785 = CARTESIAN_POINT('',(8.996873254189,95.,0.));
#3786 = VECTOR('',#3787,1.);
#3787 = DIRECTION('',(0.,0.,1.));
#3788 = PCURVE('',#1271,#3789);
#3789 = DEFINITIONAL_REPRESENTATION('',(#3790),#3793);
#3790 = B_SPLINE_CURVE_WITH_KNOTS('',1,(#3791,#3792),.UNSPECIFIED.,.F.,
  .F.,(2,2),(0.332606989212,32.341323118663),.PIECEWISE_BEZIER_KNOTS.);
#3791 = CARTESIAN_POINT('',(1.996873254189,2.667393010788));
#3792 = CARTESIAN_POINT('',(1.996873254189,-29.34132311866));
#3793 = ( GEOMETRIC_REPRESENTATION_CONTEXT(2) 
PARAMETRIC_REPRESENTATION_CONTEXT() REPRESENTATION_CONTEXT('2D SPACE',''
  ) );
#3794 = PCURVE('',#1243,#3795);
#3795 = DEFINITIONAL_REPRESENTATION('',(#3796),#3799);
#3796 = B_SPLINE_CURVE_WITH_KNOTS('',1,(#3797,#3798),.UNSPECIFIED.,.F.,
  .F.,(2,2),(0.332606989212,32.341323118663),.PIECEWISE_BEZIER_KNOTS.);
#3797 = CARTESIAN_POINT('',(0.852520001561,0.332606989212));
#3798 = CARTESIAN_POINT('',(0.852520001561,32.341323118663));
#3799 = ( GEOMETRIC_REPRESENTATION_CONTEXT(2) 
PARAMETRIC_REPRESENTATION_CONTEXT() REPRESENTATION_CONTEXT('2D SPACE',''
  ) );
#3800 = ORIENTED_EDGE('',*,*,#1992,.T.);
#3801 = ORIENTED_EDGE('',*,*,#3758,.F.);
#3802 = ADVANCED_FACE('',(#3803),#1243,.F.);
#3803 = FACE_BOUND('',#3804,.F.);
#3804 = EDGE_LOOP('',(#3805,#3806,#3807,#3808));
#3805 = ORIENTED_EDGE('',*,*,#1948,.F.);
#3806 = ORIENTED_EDGE('',*,*,#3782,.F.);
#3807 = ORIENTED_EDGE('',*,*,#1226,.T.);
#3808 = ORIENTED_EDGE('',*,*,#3809,.T.);
#3809 = EDGE_CURVE('',#1199,#1928,#3810,.T.);
#3810 = SURFACE_CURVE('',#3811,(#3815,#3821),.PCURVE_S1.);
#3811 = LINE('',#3812,#3813);
#3812 = CARTESIAN_POINT('',(3.,89.003126745811,0.));
#3813 = VECTOR('',#3814,1.);
#3814 = DIRECTION('',(0.,0.,1.));
#3815 = PCURVE('',#1243,#3816);
#3816 = DEFINITIONAL_REPRESENTATION('',(#3817),#3820);
#3817 = B_SPLINE_CURVE_WITH_KNOTS('',1,(#3818,#3819),.UNSPECIFIED.,.F.,
  .F.,(2,2),(0.403137781496,31.565484403546),.PIECEWISE_BEZIER_KNOTS.);
#3818 = CARTESIAN_POINT('',(3.859868978824,0.403137781496));
#3819 = CARTESIAN_POINT('',(3.859868978824,31.565484403546));
#3820 = ( GEOMETRIC_REPRESENTATION_CONTEXT(2) 
PARAMETRIC_REPRESENTATION_CONTEXT() REPRESENTATION_CONTEXT('2D SPACE',''
  ) );
#3821 = PCURVE('',#1214,#3822);
#3822 = DEFINITIONAL_REPRESENTATION('',(#3823),#3826);
#3823 = B_SPLINE_CURVE_WITH_KNOTS('',1,(#3824,#3825),.UNSPECIFIED.,.F.,
  .F.,(2,2),(0.403137781496,31.565484403546),.PIECEWISE_BEZIER_KNOTS.);
#3824 = CARTESIAN_POINT('',(82.003126745811,2.596862218504));
#3825 = CARTESIAN_POINT('',(82.003126745811,-28.56548440354));
#3826 = ( GEOMETRIC_REPRESENTATION_CONTEXT(2) 
PARAMETRIC_REPRESENTATION_CONTEXT() REPRESENTATION_CONTEXT('2D SPACE',''
  ) );
#3827 = ADVANCED_FACE('',(#3828),#1214,.F.);
#3828 = FACE_BOUND('',#3829,.F.);
#3829 = EDGE_LOOP('',(#3830,#3831,#3832,#3833));
#3830 = ORIENTED_EDGE('',*,*,#1198,.F.);
#3831 = ORIENTED_EDGE('',*,*,#3198,.T.);
#3832 = ORIENTED_EDGE('',*,*,#1927,.T.);
#3833 = ORIENTED_EDGE('',*,*,#3809,.F.);
#3834 = ADVANCED_FACE('',(#3835),#1641,.F.);
#3835 = FACE_BOUND('',#3836,.F.);
#3836 = EDGE_LOOP('',(#3837,#3855,#3856,#3857));
#3837 = ORIENTED_EDGE('',*,*,#3838,.F.);
#3838 = EDGE_CURVE('',#2446,#1691,#3839,.T.);
#3839 = SURFACE_CURVE('',#3840,(#3843,#3849),.PCURVE_S1.);
#3840 = B_SPLINE_CURVE_WITH_KNOTS('',1,(#3841,#3842),.UNSPECIFIED.,.F.,
  .F.,(2,2),(0.,10.992383127568),.PIECEWISE_BEZIER_KNOTS.);
#3841 = CARTESIAN_POINT('',(151.95,0.,12.422866940571));
#3842 = CARTESIAN_POINT('',(151.95,0.492403876506,13.009691029405));
#3843 = PCURVE('',#1641,#3844);
#3844 = DEFINITIONAL_REPRESENTATION('',(#3845),#3848);
#3845 = B_SPLINE_CURVE_WITH_KNOTS('',1,(#3846,#3847),.UNSPECIFIED.,.F.,
  .F.,(2,2),(0.,10.992383127568),.PIECEWISE_BEZIER_KNOTS.);
#3846 = CARTESIAN_POINT('',(0.,-0.383022221559));
#3847 = CARTESIAN_POINT('',(0.,0.383022221559));
#3848 = ( GEOMETRIC_REPRESENTATION_CONTEXT(2) 
PARAMETRIC_REPRESENTATION_CONTEXT() REPRESENTATION_CONTEXT('2D SPACE',''
  ) );
#3849 = PCURVE('',#1739,#3850);
#3850 = DEFINITIONAL_REPRESENTATION('',(#3851),#3854);
#3851 = B_SPLINE_CURVE_WITH_KNOTS('',1,(#3852,#3853),.UNSPECIFIED.,.F.,
  .F.,(2,2),(0.,10.992383127568),.PIECEWISE_BEZIER_KNOTS.);
#3852 = CARTESIAN_POINT('',(0.,853.59718326711));
#3853 = CARTESIAN_POINT('',(10.992383127568,853.59718326711));
#3854 = ( GEOMETRIC_REPRESENTATION_CONTEXT(2) 
PARAMETRIC_REPRESENTATION_CONTEXT() REPRESENTATION_CONTEXT('2D SPACE',''
  ) );
#3855 = ORIENTED_EDGE('',*,*,#2495,.T.);
#3856 = ORIENTED_EDGE('',*,*,#1626,.T.);
#3857 = ORIENTED_EDGE('',*,*,#1690,.F.);
#3858 = ADVANCED_FACE('',(#3859),#1739,.T.);
#3859 = FACE_BOUND('',#3860,.T.);
#3860 = EDGE_LOOP('',(#3861,#3882,#3883,#3884));
#3861 = ORIENTED_EDGE('',*,*,#3862,.T.);
#3862 = EDGE_CURVE('',#3863,#1714,#3865,.T.);
#3863 = VERTEX_POINT('',#3864);
#3864 = CARTESIAN_POINT('',(158.95,7.,13.649442499588));
#3865 = SURFACE_CURVE('',#3866,(#3870,#3876),.PCURVE_S1.);
#3866 = LINE('',#3867,#3868);
#3867 = CARTESIAN_POINT('',(158.7,6.956587955583,13.895644437841));
#3868 = VECTOR('',#3869,1.);
#3869 = DIRECTION('',(-0.707106781187,-0.122787803969,0.69636424032));
#3870 = PCURVE('',#1739,#3871);
#3871 = DEFINITIONAL_REPRESENTATION('',(#3872),#3875);
#3872 = B_SPLINE_CURVE_WITH_KNOTS('',1,(#3873,#3874),.UNSPECIFIED.,.F.,
  .F.,(2,2),(-0.353553390593,0.353553390593),.PIECEWISE_BEZIER_KNOTS.);
#3873 = CARTESIAN_POINT('',(1.563194018672E-13,842.60480013954));
#3874 = CARTESIAN_POINT('',(10.992383127567,842.60480013954));
#3875 = ( GEOMETRIC_REPRESENTATION_CONTEXT(2) 
PARAMETRIC_REPRESENTATION_CONTEXT() REPRESENTATION_CONTEXT('2D SPACE',''
  ) );
#3876 = PCURVE('',#1779,#3877);
#3877 = DEFINITIONAL_REPRESENTATION('',(#3878),#3881);
#3878 = B_SPLINE_CURVE_WITH_KNOTS('',1,(#3879,#3880),.UNSPECIFIED.,.F.,
  .F.,(2,2),(-0.353553390593,0.353553390593),.PIECEWISE_BEZIER_KNOTS.);
#3879 = CARTESIAN_POINT('',(85.383998888757,-0.353553390593));
#3880 = CARTESIAN_POINT('',(85.383998888757,0.353553390593));
#3881 = ( GEOMETRIC_REPRESENTATION_CONTEXT(2) 
PARAMETRIC_REPRESENTATION_CONTEXT() REPRESENTATION_CONTEXT('2D SPACE',''
  ) );
#3882 = ORIENTED_EDGE('',*,*,#1713,.T.);
#3883 = ORIENTED_EDGE('',*,*,#3838,.F.);
#3884 = ORIENTED_EDGE('',*,*,#3885,.F.);
#3885 = EDGE_CURVE('',#3863,#2446,#3886,.T.);
#3886 = SURFACE_CURVE('',#3887,(#3896,#3903),.PCURVE_S1.);
#3887 = B_SPLINE_CURVE_WITH_KNOTS('',7,(#3888,#3889,#3890,#3891,#3892,
    #3893,#3894,#3895),.UNSPECIFIED.,.F.,.F.,(8,8),(842.60480013954,
    853.59718326711),.PIECEWISE_BEZIER_KNOTS.);
#3888 = CARTESIAN_POINT('',(158.95,7.,13.649442499588));
#3889 = CARTESIAN_POINT('',(158.94999999999,5.441734020214,
    13.374678164231));
#3890 = CARTESIAN_POINT('',(158.54494387799,3.888095428183,
    13.100871214538));
#3891 = CARTESIAN_POINT('',(157.74186220253,2.45528660797,
    12.847471630076));
#3892 = CARTESIAN_POINT('',(156.5681359959,1.250661091861,
    12.639429164754));
#3893 = CARTESIAN_POINT('',(155.11183593813,0.415040405298,
    12.495203682193));
#3894 = CARTESIAN_POINT('',(153.52801329552,1.245571106574E-14,
    12.422866940571));
#3895 = CARTESIAN_POINT('',(151.95,0.,12.422866940571));
#3896 = PCURVE('',#1739,#3897);
#3897 = DEFINITIONAL_REPRESENTATION('',(#3898),#3902);
#3898 = LINE('',#3899,#3900);
#3899 = CARTESIAN_POINT('',(0.,0.));
#3900 = VECTOR('',#3901,1.);
#3901 = DIRECTION('',(0.,1.));
#3902 = ( GEOMETRIC_REPRESENTATION_CONTEXT(2) 
PARAMETRIC_REPRESENTATION_CONTEXT() REPRESENTATION_CONTEXT('2D SPACE',''
  ) );
#3903 = PCURVE('',#2461,#3904);
#3904 = DEFINITIONAL_REPRESENTATION('',(#3905),#3914);
#3905 = B_SPLINE_CURVE_WITH_KNOTS('',7,(#3906,#3907,#3908,#3909,#3910,
    #3911,#3912,#3913),.UNSPECIFIED.,.F.,.F.,(8,8),(842.60480013954,
    853.59718326711),.PIECEWISE_BEZIER_KNOTS.);
#3906 = CARTESIAN_POINT('',(-6.28318530718,-10.64944249958));
#3907 = CARTESIAN_POINT('',(-6.060575881496,-10.37467816423));
#3908 = CARTESIAN_POINT('',(-5.838650804372,-10.10087171803));
#3909 = CARTESIAN_POINT('',(-5.615811176686,-9.847473197684));
#3910 = CARTESIAN_POINT('',(-5.390624859555,-9.639424776389));
#3911 = CARTESIAN_POINT('',(-5.164126177093,-9.495206503519));
#3912 = CARTESIAN_POINT('',(-4.937819451174,-9.422866940571));
#3913 = CARTESIAN_POINT('',(-4.712388980385,-9.422866940571));
#3914 = ( GEOMETRIC_REPRESENTATION_CONTEXT(2) 
PARAMETRIC_REPRESENTATION_CONTEXT() REPRESENTATION_CONTEXT('2D SPACE',''
  ) );
#3915 = ADVANCED_FACE('',(#3916),#1825,.T.);
#3916 = FACE_BOUND('',#3917,.T.);
#3917 = EDGE_LOOP('',(#3918,#3919,#3920,#3938));
#3918 = ORIENTED_EDGE('',*,*,#2546,.T.);
#3919 = ORIENTED_EDGE('',*,*,#1791,.T.);
#3920 = ORIENTED_EDGE('',*,*,#3921,.F.);
#3921 = EDGE_CURVE('',#2595,#1764,#3922,.T.);
#3922 = SURFACE_CURVE('',#3923,(#3926,#3932),.PCURVE_S1.);
#3923 = B_SPLINE_CURVE_WITH_KNOTS('',1,(#3924,#3925),.UNSPECIFIED.,.F.,
  .F.,(2,2),(0.,11.168712300855),.PIECEWISE_BEZIER_KNOTS.);
#3924 = CARTESIAN_POINT('',(158.95,91.,28.460908879099));
#3925 = CARTESIAN_POINT('',(158.45,90.913175911166,28.953312755605));
#3926 = PCURVE('',#1825,#3927);
#3927 = DEFINITIONAL_REPRESENTATION('',(#3928),#3931);
#3928 = B_SPLINE_CURVE_WITH_KNOTS('',1,(#3929,#3930),.UNSPECIFIED.,.F.,
  .F.,(2,2),(0.,11.168712300855),.PIECEWISE_BEZIER_KNOTS.);
#3929 = CARTESIAN_POINT('',(0.,757.30896254856));
#3930 = CARTESIAN_POINT('',(11.168712300855,757.30896254856));
#3931 = ( GEOMETRIC_REPRESENTATION_CONTEXT(2) 
PARAMETRIC_REPRESENTATION_CONTEXT() REPRESENTATION_CONTEXT('2D SPACE',''
  ) );
#3932 = PCURVE('',#1779,#3933);
#3933 = DEFINITIONAL_REPRESENTATION('',(#3934),#3937);
#3934 = B_SPLINE_CURVE_WITH_KNOTS('',1,(#3935,#3936),.UNSPECIFIED.,.F.,
  .F.,(2,2),(0.,11.168712300855),.PIECEWISE_BEZIER_KNOTS.);
#3935 = CARTESIAN_POINT('',(8.816349035422E-02,-0.353553390593));
#3936 = CARTESIAN_POINT('',(8.816349035422E-02,0.353553390593));
#3937 = ( GEOMETRIC_REPRESENTATION_CONTEXT(2) 
PARAMETRIC_REPRESENTATION_CONTEXT() REPRESENTATION_CONTEXT('2D SPACE',''
  ) );
#3938 = ORIENTED_EDGE('',*,*,#2622,.F.);
#3939 = ADVANCED_FACE('',(#3940),#1779,.F.);
#3940 = FACE_BOUND('',#3941,.F.);
#3941 = EDGE_LOOP('',(#3942,#3943,#3964,#3965));
#3942 = ORIENTED_EDGE('',*,*,#3921,.F.);
#3943 = ORIENTED_EDGE('',*,*,#3944,.T.);
#3944 = EDGE_CURVE('',#2595,#3863,#3945,.T.);
#3945 = SURFACE_CURVE('',#3946,(#3950,#3957),.PCURVE_S1.);
#3946 = LINE('',#3947,#3948);
#3947 = CARTESIAN_POINT('',(158.95,91.086824088833,28.476218308535));
#3948 = VECTOR('',#3949,1.);
#3949 = DIRECTION('',(-0.,-0.984807753012,-0.173648177667));
#3950 = PCURVE('',#1779,#3951);
#3951 = DEFINITIONAL_REPRESENTATION('',(#3952),#3956);
#3952 = LINE('',#3953,#3954);
#3953 = CARTESIAN_POINT('',(-1.42108547152E-14,-0.353553390593));
#3954 = VECTOR('',#3955,1.);
#3955 = DIRECTION('',(1.,0.));
#3956 = ( GEOMETRIC_REPRESENTATION_CONTEXT(2) 
PARAMETRIC_REPRESENTATION_CONTEXT() REPRESENTATION_CONTEXT('2D SPACE',''
  ) );
#3957 = PCURVE('',#2610,#3958);
#3958 = DEFINITIONAL_REPRESENTATION('',(#3959),#3963);
#3959 = LINE('',#3960,#3961);
#3960 = CARTESIAN_POINT('',(84.086824088833,-25.47621830853));
#3961 = VECTOR('',#3962,1.);
#3962 = DIRECTION('',(-0.984807753012,0.173648177667));
#3963 = ( GEOMETRIC_REPRESENTATION_CONTEXT(2) 
PARAMETRIC_REPRESENTATION_CONTEXT() REPRESENTATION_CONTEXT('2D SPACE',''
  ) );
#3964 = ORIENTED_EDGE('',*,*,#3862,.T.);
#3965 = ORIENTED_EDGE('',*,*,#1763,.F.);
#3966 = ADVANCED_FACE('',(#3967),#2461,.T.);
#3967 = FACE_BOUND('',#3968,.F.);
#3968 = EDGE_LOOP('',(#3969,#3990,#3991,#3992));
#3969 = ORIENTED_EDGE('',*,*,#3970,.F.);
#3970 = EDGE_CURVE('',#3099,#3863,#3971,.T.);
#3971 = SURFACE_CURVE('',#3972,(#3976,#3983),.PCURVE_S1.);
#3972 = LINE('',#3973,#3974);
#3973 = CARTESIAN_POINT('',(158.95,7.,3.));
#3974 = VECTOR('',#3975,1.);
#3975 = DIRECTION('',(0.,0.,1.));
#3976 = PCURVE('',#2461,#3977);
#3977 = DEFINITIONAL_REPRESENTATION('',(#3978),#3982);
#3978 = LINE('',#3979,#3980);
#3979 = CARTESIAN_POINT('',(-6.28318530718,0.));
#3980 = VECTOR('',#3981,1.);
#3981 = DIRECTION('',(-0.,-1.));
#3982 = ( GEOMETRIC_REPRESENTATION_CONTEXT(2) 
PARAMETRIC_REPRESENTATION_CONTEXT() REPRESENTATION_CONTEXT('2D SPACE',''
  ) );
#3983 = PCURVE('',#2610,#3984);
#3984 = DEFINITIONAL_REPRESENTATION('',(#3985),#3989);
#3985 = LINE('',#3986,#3987);
#3986 = CARTESIAN_POINT('',(0.,0.));
#3987 = VECTOR('',#3988,1.);
#3988 = DIRECTION('',(0.,-1.));
#3989 = ( GEOMETRIC_REPRESENTATION_CONTEXT(2) 
PARAMETRIC_REPRESENTATION_CONTEXT() REPRESENTATION_CONTEXT('2D SPACE',''
  ) );
#3990 = ORIENTED_EDGE('',*,*,#3119,.T.);
#3991 = ORIENTED_EDGE('',*,*,#2443,.T.);
#3992 = ORIENTED_EDGE('',*,*,#3885,.F.);
#3993 = ADVANCED_FACE('',(#3994),#2610,.F.);
#3994 = FACE_BOUND('',#3995,.F.);
#3995 = EDGE_LOOP('',(#3996,#3997,#3998,#3999));
#3996 = ORIENTED_EDGE('',*,*,#2594,.F.);
#3997 = ORIENTED_EDGE('',*,*,#3172,.T.);
#3998 = ORIENTED_EDGE('',*,*,#3970,.T.);
#3999 = ORIENTED_EDGE('',*,*,#3944,.F.);
#4000 = ADVANCED_FACE('',(#4001,#4011),#2690,.T.);
#4001 = FACE_BOUND('',#4002,.T.);
#4002 = EDGE_LOOP('',(#4003,#4004,#4005,#4006,#4007,#4008,#4009,#4010));
#4003 = ORIENTED_EDGE('',*,*,#2672,.F.);
#4004 = ORIENTED_EDGE('',*,*,#2748,.T.);
#4005 = ORIENTED_EDGE('',*,*,#2798,.T.);
#4006 = ORIENTED_EDGE('',*,*,#2847,.T.);
#4007 = ORIENTED_EDGE('',*,*,#2897,.T.);
#4008 = ORIENTED_EDGE('',*,*,#2946,.T.);
#4009 = ORIENTED_EDGE('',*,*,#2996,.F.);
#4010 = ORIENTED_EDGE('',*,*,#3045,.T.);
#4011 = FACE_BOUND('',#4012,.T.);
#4012 = EDGE_LOOP('',(#4013,#4036,#4064,#4085,#4113,#4134,#4162,#4183));
#4013 = ORIENTED_EDGE('',*,*,#4014,.F.);
#4014 = EDGE_CURVE('',#4015,#4017,#4019,.T.);
#4015 = VERTEX_POINT('',#4016);
#4016 = CARTESIAN_POINT('',(74.805,96.2,8.2));
#4017 = VERTEX_POINT('',#4018);
#4018 = CARTESIAN_POINT('',(74.805,96.2,9.06));
#4019 = SURFACE_CURVE('',#4020,(#4024,#4030),.PCURVE_S1.);
#4020 = LINE('',#4021,#4022);
#4021 = CARTESIAN_POINT('',(74.805,96.2,8.845));
#4022 = VECTOR('',#4023,1.);
#4023 = DIRECTION('',(0.,-2.22044604925E-16,1.));
#4024 = PCURVE('',#2690,#4025);
#4025 = DEFINITIONAL_REPRESENTATION('',(#4026),#4029);
#4026 = B_SPLINE_CURVE_WITH_KNOTS('',1,(#4027,#4028),.UNSPECIFIED.,.F.,
  .F.,(2,2),(-0.645,0.215),.PIECEWISE_BEZIER_KNOTS.);
#4027 = CARTESIAN_POINT('',(-4.67,0.43));
#4028 = CARTESIAN_POINT('',(-4.67,-0.43));
#4029 = ( GEOMETRIC_REPRESENTATION_CONTEXT(2) 
PARAMETRIC_REPRESENTATION_CONTEXT() REPRESENTATION_CONTEXT('2D SPACE',''
  ) );
#4030 = PCURVE('',#3534,#4031);
#4031 = DEFINITIONAL_REPRESENTATION('',(#4032),#4035);
#4032 = B_SPLINE_CURVE_WITH_KNOTS('',1,(#4033,#4034),.UNSPECIFIED.,.F.,
  .F.,(2,2),(-0.645,0.215),.PIECEWISE_BEZIER_KNOTS.);
#4033 = CARTESIAN_POINT('',(0.86,-2.2));
#4034 = CARTESIAN_POINT('',(0.,-2.2));
#4035 = ( GEOMETRIC_REPRESENTATION_CONTEXT(2) 
PARAMETRIC_REPRESENTATION_CONTEXT() REPRESENTATION_CONTEXT('2D SPACE',''
  ) );
#4036 = ORIENTED_EDGE('',*,*,#4037,.T.);
#4037 = EDGE_CURVE('',#4015,#4038,#4040,.T.);
#4038 = VERTEX_POINT('',#4039);
#4039 = CARTESIAN_POINT('',(76.205,96.2,6.8));
#4040 = SURFACE_CURVE('',#4041,(#4046,#4057),.PCURVE_S1.);
#4041 = CIRCLE('',#4042,1.4);
#4042 = AXIS2_PLACEMENT_3D('',#4043,#4044,#4045);
#4043 = CARTESIAN_POINT('',(76.205,96.2,8.2));
#4044 = DIRECTION('',(0.,-1.,-2.22044604925E-16));
#4045 = DIRECTION('',(1.,0.,0.));
#4046 = PCURVE('',#2690,#4047);
#4047 = DEFINITIONAL_REPRESENTATION('',(#4048),#4056);
#4048 = ( BOUNDED_CURVE() B_SPLINE_CURVE(2,(#4049,#4050,#4051,#4052,
#4053,#4054,#4055),.UNSPECIFIED.,.T.,.F.) B_SPLINE_CURVE_WITH_KNOTS((1,2
    ,2,2,2,1),(-2.094395102393,0.,2.094395102393,4.188790204786,
6.28318530718,8.377580409573),.UNSPECIFIED.) CURVE() 
GEOMETRIC_REPRESENTATION_ITEM() RATIONAL_B_SPLINE_CURVE((1.,0.5,1.,0.5,
1.,0.5,1.)) REPRESENTATION_ITEM('') );
#4049 = CARTESIAN_POINT('',(-1.87,0.43));
#4050 = CARTESIAN_POINT('',(-1.87,-1.994871130596));
#4051 = CARTESIAN_POINT('',(-3.97,-0.782435565298));
#4052 = CARTESIAN_POINT('',(-6.07,0.43));
#4053 = CARTESIAN_POINT('',(-3.97,1.642435565298));
#4054 = CARTESIAN_POINT('',(-1.87,2.854871130596));
#4055 = CARTESIAN_POINT('',(-1.87,0.43));
#4056 = ( GEOMETRIC_REPRESENTATION_CONTEXT(2) 
PARAMETRIC_REPRESENTATION_CONTEXT() REPRESENTATION_CONTEXT('2D SPACE',''
  ) );
#4057 = PCURVE('',#3566,#4058);
#4058 = DEFINITIONAL_REPRESENTATION('',(#4059),#4063);
#4059 = LINE('',#4060,#4061);
#4060 = CARTESIAN_POINT('',(-6.28318530718,-2.2));
#4061 = VECTOR('',#4062,1.);
#4062 = DIRECTION('',(1.,-0.));
#4063 = ( GEOMETRIC_REPRESENTATION_CONTEXT(2) 
PARAMETRIC_REPRESENTATION_CONTEXT() REPRESENTATION_CONTEXT('2D SPACE',''
  ) );
#4064 = ORIENTED_EDGE('',*,*,#4065,.F.);
#4065 = EDGE_CURVE('',#4066,#4038,#4068,.T.);
#4066 = VERTEX_POINT('',#4067);
#4067 = CARTESIAN_POINT('',(82.745,96.2,6.8));
#4068 = SURFACE_CURVE('',#4069,(#4073,#4079),.PCURVE_S1.);
#4069 = LINE('',#4070,#4071);
#4070 = CARTESIAN_POINT('',(77.84,96.2,6.8));
#4071 = VECTOR('',#4072,1.);
#4072 = DIRECTION('',(-1.,0.,0.));
#4073 = PCURVE('',#2690,#4074);
#4074 = DEFINITIONAL_REPRESENTATION('',(#4075),#4078);
#4075 = B_SPLINE_CURVE_WITH_KNOTS('',1,(#4076,#4077),.UNSPECIFIED.,.F.,
  .F.,(2,2),(-4.905,1.635),.PIECEWISE_BEZIER_KNOTS.);
#4076 = CARTESIAN_POINT('',(3.27,1.83));
#4077 = CARTESIAN_POINT('',(-3.27,1.83));
#4078 = ( GEOMETRIC_REPRESENTATION_CONTEXT(2) 
PARAMETRIC_REPRESENTATION_CONTEXT() REPRESENTATION_CONTEXT('2D SPACE',''
  ) );
#4079 = PCURVE('',#3593,#4080);
#4080 = DEFINITIONAL_REPRESENTATION('',(#4081),#4084);
#4081 = B_SPLINE_CURVE_WITH_KNOTS('',1,(#4082,#4083),.UNSPECIFIED.,.F.,
  .F.,(2,2),(-4.905,1.635),.PIECEWISE_BEZIER_KNOTS.);
#4082 = CARTESIAN_POINT('',(6.54,-2.2));
#4083 = CARTESIAN_POINT('',(0.,-2.2));
#4084 = ( GEOMETRIC_REPRESENTATION_CONTEXT(2) 
PARAMETRIC_REPRESENTATION_CONTEXT() REPRESENTATION_CONTEXT('2D SPACE',''
  ) );
#4085 = ORIENTED_EDGE('',*,*,#4086,.T.);
#4086 = EDGE_CURVE('',#4066,#4087,#4089,.T.);
#4087 = VERTEX_POINT('',#4088);
#4088 = CARTESIAN_POINT('',(84.145,96.2,8.2));
#4089 = SURFACE_CURVE('',#4090,(#4095,#4106),.PCURVE_S1.);
#4090 = CIRCLE('',#4091,1.4);
#4091 = AXIS2_PLACEMENT_3D('',#4092,#4093,#4094);
#4092 = CARTESIAN_POINT('',(82.745,96.2,8.2));
#4093 = DIRECTION('',(0.,-1.,-2.22044604925E-16));
#4094 = DIRECTION('',(1.,0.,0.));
#4095 = PCURVE('',#2690,#4096);
#4096 = DEFINITIONAL_REPRESENTATION('',(#4097),#4105);
#4097 = ( BOUNDED_CURVE() B_SPLINE_CURVE(2,(#4098,#4099,#4100,#4101,
#4102,#4103,#4104),.UNSPECIFIED.,.T.,.F.) B_SPLINE_CURVE_WITH_KNOTS((1,2
    ,2,2,2,1),(-2.094395102393,0.,2.094395102393,4.188790204786,
6.28318530718,8.377580409573),.UNSPECIFIED.) CURVE() 
GEOMETRIC_REPRESENTATION_ITEM() RATIONAL_B_SPLINE_CURVE((1.,0.5,1.,0.5,
1.,0.5,1.)) REPRESENTATION_ITEM('') );
#4098 = CARTESIAN_POINT('',(4.67,0.43));
#4099 = CARTESIAN_POINT('',(4.67,-1.994871130596));
#4100 = CARTESIAN_POINT('',(2.57,-0.782435565298));
#4101 = CARTESIAN_POINT('',(0.47,0.43));
#4102 = CARTESIAN_POINT('',(2.57,1.642435565298));
#4103 = CARTESIAN_POINT('',(4.67,2.854871130596));
#4104 = CARTESIAN_POINT('',(4.67,0.43));
#4105 = ( GEOMETRIC_REPRESENTATION_CONTEXT(2) 
PARAMETRIC_REPRESENTATION_CONTEXT() REPRESENTATION_CONTEXT('2D SPACE',''
  ) );
#4106 = PCURVE('',#3625,#4107);
#4107 = DEFINITIONAL_REPRESENTATION('',(#4108),#4112);
#4108 = LINE('',#4109,#4110);
#4109 = CARTESIAN_POINT('',(-6.28318530718,-2.2));
#4110 = VECTOR('',#4111,1.);
#4111 = DIRECTION('',(1.,-0.));
#4112 = ( GEOMETRIC_REPRESENTATION_CONTEXT(2) 
PARAMETRIC_REPRESENTATION_CONTEXT() REPRESENTATION_CONTEXT('2D SPACE',''
  ) );
#4113 = ORIENTED_EDGE('',*,*,#4114,.T.);
#4114 = EDGE_CURVE('',#4087,#4115,#4117,.T.);
#4115 = VERTEX_POINT('',#4116);
#4116 = CARTESIAN_POINT('',(84.145,96.2,9.06));
#4117 = SURFACE_CURVE('',#4118,(#4122,#4128),.PCURVE_S1.);
#4118 = LINE('',#4119,#4120);
#4119 = CARTESIAN_POINT('',(84.145,96.2,8.845));
#4120 = VECTOR('',#4121,1.);
#4121 = DIRECTION('',(0.,-2.22044604925E-16,1.));
#4122 = PCURVE('',#2690,#4123);
#4123 = DEFINITIONAL_REPRESENTATION('',(#4124),#4127);
#4124 = B_SPLINE_CURVE_WITH_KNOTS('',1,(#4125,#4126),.UNSPECIFIED.,.F.,
  .F.,(2,2),(-0.645,0.215),.PIECEWISE_BEZIER_KNOTS.);
#4125 = CARTESIAN_POINT('',(4.67,0.43));
#4126 = CARTESIAN_POINT('',(4.67,-0.43));
#4127 = ( GEOMETRIC_REPRESENTATION_CONTEXT(2) 
PARAMETRIC_REPRESENTATION_CONTEXT() REPRESENTATION_CONTEXT('2D SPACE',''
  ) );
#4128 = PCURVE('',#3652,#4129);
#4129 = DEFINITIONAL_REPRESENTATION('',(#4130),#4133);
#4130 = B_SPLINE_CURVE_WITH_KNOTS('',1,(#4131,#4132),.UNSPECIFIED.,.F.,
  .F.,(2,2),(-0.645,0.215),.PIECEWISE_BEZIER_KNOTS.);
#4131 = CARTESIAN_POINT('',(0.86,-2.2));
#4132 = CARTESIAN_POINT('',(0.,-2.2));
#4133 = ( GEOMETRIC_REPRESENTATION_CONTEXT(2) 
PARAMETRIC_REPRESENTATION_CONTEXT() REPRESENTATION_CONTEXT('2D SPACE',''
  ) );
#4134 = ORIENTED_EDGE('',*,*,#4135,.T.);
#4135 = EDGE_CURVE('',#4115,#4136,#4138,.T.);
#4136 = VERTEX_POINT('',#4137);
#4137 = CARTESIAN_POINT('',(82.745,96.2,10.46));
#4138 = SURFACE_CURVE('',#4139,(#4144,#4155),.PCURVE_S1.);
#4139 = CIRCLE('',#4140,1.4);
#4140 = AXIS2_PLACEMENT_3D('',#4141,#4142,#4143);
#4141 = CARTESIAN_POINT('',(82.745,96.2,9.06));
#4142 = DIRECTION('',(0.,-1.,-2.22044604925E-16));
#4143 = DIRECTION('',(1.,0.,0.));
#4144 = PCURVE('',#2690,#4145);
#4145 = DEFINITIONAL_REPRESENTATION('',(#4146),#4154);
#4146 = ( BOUNDED_CURVE() B_SPLINE_CURVE(2,(#4147,#4148,#4149,#4150,
#4151,#4152,#4153),.UNSPECIFIED.,.T.,.F.) B_SPLINE_CURVE_WITH_KNOTS((1,2
    ,2,2,2,1),(-2.094395102393,0.,2.094395102393,4.188790204786,
6.28318530718,8.377580409573),.UNSPECIFIED.) CURVE() 
GEOMETRIC_REPRESENTATION_ITEM() RATIONAL_B_SPLINE_CURVE((1.,0.5,1.,0.5,
1.,0.5,1.)) REPRESENTATION_ITEM('') );
#4147 = CARTESIAN_POINT('',(4.67,-0.43));
#4148 = CARTESIAN_POINT('',(4.67,-2.854871130596));
#4149 = CARTESIAN_POINT('',(2.57,-1.642435565298));
#4150 = CARTESIAN_POINT('',(0.47,-0.43));
#4151 = CARTESIAN_POINT('',(2.57,0.782435565298));
#4152 = CARTESIAN_POINT('',(4.67,1.994871130596));
#4153 = CARTESIAN_POINT('',(4.67,-0.43));
#4154 = ( GEOMETRIC_REPRESENTATION_CONTEXT(2) 
PARAMETRIC_REPRESENTATION_CONTEXT() REPRESENTATION_CONTEXT('2D SPACE',''
  ) );
#4155 = PCURVE('',#3684,#4156);
#4156 = DEFINITIONAL_REPRESENTATION('',(#4157),#4161);
#4157 = LINE('',#4158,#4159);
#4158 = CARTESIAN_POINT('',(-6.28318530718,-2.2));
#4159 = VECTOR('',#4160,1.);
#4160 = DIRECTION('',(1.,-0.));
#4161 = ( GEOMETRIC_REPRESENTATION_CONTEXT(2) 
PARAMETRIC_REPRESENTATION_CONTEXT() REPRESENTATION_CONTEXT('2D SPACE',''
  ) );
#4162 = ORIENTED_EDGE('',*,*,#4163,.T.);
#4163 = EDGE_CURVE('',#4136,#4164,#4166,.T.);
#4164 = VERTEX_POINT('',#4165);
#4165 = CARTESIAN_POINT('',(76.205,96.2,10.46));
#4166 = SURFACE_CURVE('',#4167,(#4171,#4177),.PCURVE_S1.);
#4167 = LINE('',#4168,#4169);
#4168 = CARTESIAN_POINT('',(77.84,96.2,10.46));
#4169 = VECTOR('',#4170,1.);
#4170 = DIRECTION('',(-1.,0.,0.));
#4171 = PCURVE('',#2690,#4172);
#4172 = DEFINITIONAL_REPRESENTATION('',(#4173),#4176);
#4173 = B_SPLINE_CURVE_WITH_KNOTS('',1,(#4174,#4175),.UNSPECIFIED.,.F.,
  .F.,(2,2),(-4.905,1.635),.PIECEWISE_BEZIER_KNOTS.);
#4174 = CARTESIAN_POINT('',(3.27,-1.83));
#4175 = CARTESIAN_POINT('',(-3.27,-1.83));
#4176 = ( GEOMETRIC_REPRESENTATION_CONTEXT(2) 
PARAMETRIC_REPRESENTATION_CONTEXT() REPRESENTATION_CONTEXT('2D SPACE',''
  ) );
#4177 = PCURVE('',#3711,#4178);
#4178 = DEFINITIONAL_REPRESENTATION('',(#4179),#4182);
#4179 = B_SPLINE_CURVE_WITH_KNOTS('',1,(#4180,#4181),.UNSPECIFIED.,.F.,
  .F.,(2,2),(-4.905,1.635),.PIECEWISE_BEZIER_KNOTS.);
#4180 = CARTESIAN_POINT('',(6.54,-2.2));
#4181 = CARTESIAN_POINT('',(0.,-2.2));
#4182 = ( GEOMETRIC_REPRESENTATION_CONTEXT(2) 
PARAMETRIC_REPRESENTATION_CONTEXT() REPRESENTATION_CONTEXT('2D SPACE',''
  ) );
#4183 = ORIENTED_EDGE('',*,*,#4184,.T.);
#4184 = EDGE_CURVE('',#4164,#4017,#4185,.T.);
#4185 = SURFACE_CURVE('',#4186,(#4191,#4202),.PCURVE_S1.);
#4186 = CIRCLE('',#4187,1.4);
#4187 = AXIS2_PLACEMENT_3D('',#4188,#4189,#4190);
#4188 = CARTESIAN_POINT('',(76.205,96.2,9.06));
#4189 = DIRECTION('',(0.,-1.,-2.22044604925E-16));
#4190 = DIRECTION('',(1.,0.,0.));
#4191 = PCURVE('',#2690,#4192);
#4192 = DEFINITIONAL_REPRESENTATION('',(#4193),#4201);
#4193 = ( BOUNDED_CURVE() B_SPLINE_CURVE(2,(#4194,#4195,#4196,#4197,
#4198,#4199,#4200),.UNSPECIFIED.,.T.,.F.) B_SPLINE_CURVE_WITH_KNOTS((1,2
    ,2,2,2,1),(-2.094395102393,0.,2.094395102393,4.188790204786,
6.28318530718,8.377580409573),.UNSPECIFIED.) CURVE() 
GEOMETRIC_REPRESENTATION_ITEM() RATIONAL_B_SPLINE_CURVE((1.,0.5,1.,0.5,
1.,0.5,1.)) REPRESENTATION_ITEM('') );
#4194 = CARTESIAN_POINT('',(-1.87,-0.43));
#4195 = CARTESIAN_POINT('',(-1.87,-2.854871130596));
#4196 = CARTESIAN_POINT('',(-3.97,-1.642435565298));
#4197 = CARTESIAN_POINT('',(-6.07,-0.43));
#4198 = CARTESIAN_POINT('',(-3.97,0.782435565298));
#4199 = CARTESIAN_POINT('',(-1.87,1.994871130596));
#4200 = CARTESIAN_POINT('',(-1.87,-0.43));
#4201 = ( GEOMETRIC_REPRESENTATION_CONTEXT(2) 
PARAMETRIC_REPRESENTATION_CONTEXT() REPRESENTATION_CONTEXT('2D SPACE',''
  ) );
#4202 = PCURVE('',#3741,#4203);
#4203 = DEFINITIONAL_REPRESENTATION('',(#4204),#4208);
#4204 = LINE('',#4205,#4206);
#4205 = CARTESIAN_POINT('',(-6.28318530718,-2.2));
#4206 = VECTOR('',#4207,1.);
#4207 = DIRECTION('',(1.,-0.));
#4208 = ( GEOMETRIC_REPRESENTATION_CONTEXT(2) 
PARAMETRIC_REPRESENTATION_CONTEXT() REPRESENTATION_CONTEXT('2D SPACE',''
  ) );
#4209 = ADVANCED_FACE('',(#4210),#3534,.F.);
#4210 = FACE_BOUND('',#4211,.F.);
#4211 = EDGE_LOOP('',(#4212,#4213,#4234,#4235));
#4212 = ORIENTED_EDGE('',*,*,#3517,.T.);
#4213 = ORIENTED_EDGE('',*,*,#4214,.T.);
#4214 = EDGE_CURVE('',#3520,#4017,#4215,.T.);
#4215 = SURFACE_CURVE('',#4216,(#4220,#4227),.PCURVE_S1.);
#4216 = LINE('',#4217,#4218);
#4217 = CARTESIAN_POINT('',(74.805,94.,9.06));
#4218 = VECTOR('',#4219,1.);
#4219 = DIRECTION('',(0.,1.,2.22044604925E-16));
#4220 = PCURVE('',#3534,#4221);
#4221 = DEFINITIONAL_REPRESENTATION('',(#4222),#4226);
#4222 = LINE('',#4223,#4224);
#4223 = CARTESIAN_POINT('',(0.,0.));
#4224 = VECTOR('',#4225,1.);
#4225 = DIRECTION('',(0.,-1.));
#4226 = ( GEOMETRIC_REPRESENTATION_CONTEXT(2) 
PARAMETRIC_REPRESENTATION_CONTEXT() REPRESENTATION_CONTEXT('2D SPACE',''
  ) );
#4227 = PCURVE('',#3741,#4228);
#4228 = DEFINITIONAL_REPRESENTATION('',(#4229),#4233);
#4229 = LINE('',#4230,#4231);
#4230 = CARTESIAN_POINT('',(-3.14159265359,0.));
#4231 = VECTOR('',#4232,1.);
#4232 = DIRECTION('',(-0.,-1.));
#4233 = ( GEOMETRIC_REPRESENTATION_CONTEXT(2) 
PARAMETRIC_REPRESENTATION_CONTEXT() REPRESENTATION_CONTEXT('2D SPACE',''
  ) );
#4234 = ORIENTED_EDGE('',*,*,#4014,.F.);
#4235 = ORIENTED_EDGE('',*,*,#4236,.F.);
#4236 = EDGE_CURVE('',#3518,#4015,#4237,.T.);
#4237 = SURFACE_CURVE('',#4238,(#4242,#4249),.PCURVE_S1.);
#4238 = LINE('',#4239,#4240);
#4239 = CARTESIAN_POINT('',(74.805,94.,8.2));
#4240 = VECTOR('',#4241,1.);
#4241 = DIRECTION('',(0.,1.,2.22044604925E-16));
#4242 = PCURVE('',#3534,#4243);
#4243 = DEFINITIONAL_REPRESENTATION('',(#4244),#4248);
#4244 = LINE('',#4245,#4246);
#4245 = CARTESIAN_POINT('',(0.86,0.));
#4246 = VECTOR('',#4247,1.);
#4247 = DIRECTION('',(0.,-1.));
#4248 = ( GEOMETRIC_REPRESENTATION_CONTEXT(2) 
PARAMETRIC_REPRESENTATION_CONTEXT() REPRESENTATION_CONTEXT('2D SPACE',''
  ) );
#4249 = PCURVE('',#3566,#4250);
#4250 = DEFINITIONAL_REPRESENTATION('',(#4251),#4255);
#4251 = LINE('',#4252,#4253);
#4252 = CARTESIAN_POINT('',(-3.14159265359,0.));
#4253 = VECTOR('',#4254,1.);
#4254 = DIRECTION('',(-0.,-1.));
#4255 = ( GEOMETRIC_REPRESENTATION_CONTEXT(2) 
PARAMETRIC_REPRESENTATION_CONTEXT() REPRESENTATION_CONTEXT('2D SPACE',''
  ) );
#4256 = ADVANCED_FACE('',(#4257),#3741,.F.);
#4257 = FACE_BOUND('',#4258,.T.);
#4258 = EDGE_LOOP('',(#4259,#4260,#4261,#4262));
#4259 = ORIENTED_EDGE('',*,*,#3722,.T.);
#4260 = ORIENTED_EDGE('',*,*,#4214,.T.);
#4261 = ORIENTED_EDGE('',*,*,#4184,.F.);
#4262 = ORIENTED_EDGE('',*,*,#4263,.F.);
#4263 = EDGE_CURVE('',#3697,#4164,#4264,.T.);
#4264 = SURFACE_CURVE('',#4265,(#4269,#4276),.PCURVE_S1.);
#4265 = LINE('',#4266,#4267);
#4266 = CARTESIAN_POINT('',(76.205,94.,10.46));
#4267 = VECTOR('',#4268,1.);
#4268 = DIRECTION('',(0.,1.,2.22044604925E-16));
#4269 = PCURVE('',#3741,#4270);
#4270 = DEFINITIONAL_REPRESENTATION('',(#4271),#4275);
#4271 = LINE('',#4272,#4273);
#4272 = CARTESIAN_POINT('',(-4.712388980385,0.));
#4273 = VECTOR('',#4274,1.);
#4274 = DIRECTION('',(-0.,-1.));
#4275 = ( GEOMETRIC_REPRESENTATION_CONTEXT(2) 
PARAMETRIC_REPRESENTATION_CONTEXT() REPRESENTATION_CONTEXT('2D SPACE',''
  ) );
#4276 = PCURVE('',#3711,#4277);
#4277 = DEFINITIONAL_REPRESENTATION('',(#4278),#4282);
#4278 = LINE('',#4279,#4280);
#4279 = CARTESIAN_POINT('',(0.,0.));
#4280 = VECTOR('',#4281,1.);
#4281 = DIRECTION('',(0.,-1.));
#4282 = ( GEOMETRIC_REPRESENTATION_CONTEXT(2) 
PARAMETRIC_REPRESENTATION_CONTEXT() REPRESENTATION_CONTEXT('2D SPACE',''
  ) );
#4283 = ADVANCED_FACE('',(#4284),#3711,.T.);
#4284 = FACE_BOUND('',#4285,.T.);
#4285 = EDGE_LOOP('',(#4286,#4287,#4288,#4289));
#4286 = ORIENTED_EDGE('',*,*,#3696,.T.);
#4287 = ORIENTED_EDGE('',*,*,#4263,.T.);
#4288 = ORIENTED_EDGE('',*,*,#4163,.F.);
#4289 = ORIENTED_EDGE('',*,*,#4290,.F.);
#4290 = EDGE_CURVE('',#3664,#4136,#4291,.T.);
#4291 = SURFACE_CURVE('',#4292,(#4296,#4303),.PCURVE_S1.);
#4292 = LINE('',#4293,#4294);
#4293 = CARTESIAN_POINT('',(82.745,94.,10.46));
#4294 = VECTOR('',#4295,1.);
#4295 = DIRECTION('',(0.,1.,2.22044604925E-16));
#4296 = PCURVE('',#3711,#4297);
#4297 = DEFINITIONAL_REPRESENTATION('',(#4298),#4302);
#4298 = LINE('',#4299,#4300);
#4299 = CARTESIAN_POINT('',(6.54,0.));
#4300 = VECTOR('',#4301,1.);
#4301 = DIRECTION('',(0.,-1.));
#4302 = ( GEOMETRIC_REPRESENTATION_CONTEXT(2) 
PARAMETRIC_REPRESENTATION_CONTEXT() REPRESENTATION_CONTEXT('2D SPACE',''
  ) );
#4303 = PCURVE('',#3684,#4304);
#4304 = DEFINITIONAL_REPRESENTATION('',(#4305),#4309);
#4305 = LINE('',#4306,#4307);
#4306 = CARTESIAN_POINT('',(-4.712388980385,0.));
#4307 = VECTOR('',#4308,1.);
#4308 = DIRECTION('',(-0.,-1.));
#4309 = ( GEOMETRIC_REPRESENTATION_CONTEXT(2) 
PARAMETRIC_REPRESENTATION_CONTEXT() REPRESENTATION_CONTEXT('2D SPACE',''
  ) );
#4310 = ADVANCED_FACE('',(#4311),#3684,.F.);
#4311 = FACE_BOUND('',#4312,.T.);
#4312 = EDGE_LOOP('',(#4313,#4314,#4315,#4316));
#4313 = ORIENTED_EDGE('',*,*,#3663,.T.);
#4314 = ORIENTED_EDGE('',*,*,#4290,.T.);
#4315 = ORIENTED_EDGE('',*,*,#4135,.F.);
#4316 = ORIENTED_EDGE('',*,*,#4317,.F.);
#4317 = EDGE_CURVE('',#3638,#4115,#4318,.T.);
#4318 = SURFACE_CURVE('',#4319,(#4323,#4330),.PCURVE_S1.);
#4319 = LINE('',#4320,#4321);
#4320 = CARTESIAN_POINT('',(84.145,94.,9.06));
#4321 = VECTOR('',#4322,1.);
#4322 = DIRECTION('',(0.,1.,2.22044604925E-16));
#4323 = PCURVE('',#3684,#4324);
#4324 = DEFINITIONAL_REPRESENTATION('',(#4325),#4329);
#4325 = LINE('',#4326,#4327);
#4326 = CARTESIAN_POINT('',(-6.28318530718,0.));
#4327 = VECTOR('',#4328,1.);
#4328 = DIRECTION('',(-0.,-1.));
#4329 = ( GEOMETRIC_REPRESENTATION_CONTEXT(2) 
PARAMETRIC_REPRESENTATION_CONTEXT() REPRESENTATION_CONTEXT('2D SPACE',''
  ) );
#4330 = PCURVE('',#3652,#4331);
#4331 = DEFINITIONAL_REPRESENTATION('',(#4332),#4336);
#4332 = LINE('',#4333,#4334);
#4333 = CARTESIAN_POINT('',(0.,0.));
#4334 = VECTOR('',#4335,1.);
#4335 = DIRECTION('',(0.,-1.));
#4336 = ( GEOMETRIC_REPRESENTATION_CONTEXT(2) 
PARAMETRIC_REPRESENTATION_CONTEXT() REPRESENTATION_CONTEXT('2D SPACE',''
  ) );
#4337 = ADVANCED_FACE('',(#4338),#3652,.T.);
#4338 = FACE_BOUND('',#4339,.T.);
#4339 = EDGE_LOOP('',(#4340,#4341,#4342,#4343));
#4340 = ORIENTED_EDGE('',*,*,#3637,.T.);
#4341 = ORIENTED_EDGE('',*,*,#4317,.T.);
#4342 = ORIENTED_EDGE('',*,*,#4114,.F.);
#4343 = ORIENTED_EDGE('',*,*,#4344,.F.);
#4344 = EDGE_CURVE('',#3605,#4087,#4345,.T.);
#4345 = SURFACE_CURVE('',#4346,(#4350,#4357),.PCURVE_S1.);
#4346 = LINE('',#4347,#4348);
#4347 = CARTESIAN_POINT('',(84.145,94.,8.2));
#4348 = VECTOR('',#4349,1.);
#4349 = DIRECTION('',(0.,1.,2.22044604925E-16));
#4350 = PCURVE('',#3652,#4351);
#4351 = DEFINITIONAL_REPRESENTATION('',(#4352),#4356);
#4352 = LINE('',#4353,#4354);
#4353 = CARTESIAN_POINT('',(0.86,0.));
#4354 = VECTOR('',#4355,1.);
#4355 = DIRECTION('',(0.,-1.));
#4356 = ( GEOMETRIC_REPRESENTATION_CONTEXT(2) 
PARAMETRIC_REPRESENTATION_CONTEXT() REPRESENTATION_CONTEXT('2D SPACE',''
  ) );
#4357 = PCURVE('',#3625,#4358);
#4358 = DEFINITIONAL_REPRESENTATION('',(#4359),#4363);
#4359 = LINE('',#4360,#4361);
#4360 = CARTESIAN_POINT('',(-0.,0.));
#4361 = VECTOR('',#4362,1.);
#4362 = DIRECTION('',(-0.,-1.));
#4363 = ( GEOMETRIC_REPRESENTATION_CONTEXT(2) 
PARAMETRIC_REPRESENTATION_CONTEXT() REPRESENTATION_CONTEXT('2D SPACE',''
  ) );
#4364 = ADVANCED_FACE('',(#4365),#3625,.F.);
#4365 = FACE_BOUND('',#4366,.T.);
#4366 = EDGE_LOOP('',(#4367,#4368,#4369,#4370));
#4367 = ORIENTED_EDGE('',*,*,#3604,.T.);
#4368 = ORIENTED_EDGE('',*,*,#4344,.T.);
#4369 = ORIENTED_EDGE('',*,*,#4086,.F.);
#4370 = ORIENTED_EDGE('',*,*,#4371,.F.);
#4371 = EDGE_CURVE('',#3579,#4066,#4372,.T.);
#4372 = SURFACE_CURVE('',#4373,(#4377,#4384),.PCURVE_S1.);
#4373 = LINE('',#4374,#4375);
#4374 = CARTESIAN_POINT('',(82.745,94.,6.8));
#4375 = VECTOR('',#4376,1.);
#4376 = DIRECTION('',(0.,1.,2.22044604925E-16));
#4377 = PCURVE('',#3625,#4378);
#4378 = DEFINITIONAL_REPRESENTATION('',(#4379),#4383);
#4379 = LINE('',#4380,#4381);
#4380 = CARTESIAN_POINT('',(-1.570796326795,0.));
#4381 = VECTOR('',#4382,1.);
#4382 = DIRECTION('',(-0.,-1.));
#4383 = ( GEOMETRIC_REPRESENTATION_CONTEXT(2) 
PARAMETRIC_REPRESENTATION_CONTEXT() REPRESENTATION_CONTEXT('2D SPACE',''
  ) );
#4384 = PCURVE('',#3593,#4385);
#4385 = DEFINITIONAL_REPRESENTATION('',(#4386),#4390);
#4386 = LINE('',#4387,#4388);
#4387 = CARTESIAN_POINT('',(6.54,0.));
#4388 = VECTOR('',#4389,1.);
#4389 = DIRECTION('',(0.,-1.));
#4390 = ( GEOMETRIC_REPRESENTATION_CONTEXT(2) 
PARAMETRIC_REPRESENTATION_CONTEXT() REPRESENTATION_CONTEXT('2D SPACE',''
  ) );
#4391 = ADVANCED_FACE('',(#4392),#3593,.F.);
#4392 = FACE_BOUND('',#4393,.F.);
#4393 = EDGE_LOOP('',(#4394,#4395,#4416,#4417));
#4394 = ORIENTED_EDGE('',*,*,#3578,.T.);
#4395 = ORIENTED_EDGE('',*,*,#4396,.T.);
#4396 = EDGE_CURVE('',#3546,#4038,#4397,.T.);
#4397 = SURFACE_CURVE('',#4398,(#4402,#4409),.PCURVE_S1.);
#4398 = LINE('',#4399,#4400);
#4399 = CARTESIAN_POINT('',(76.205,94.,6.8));
#4400 = VECTOR('',#4401,1.);
#4401 = DIRECTION('',(0.,1.,2.22044604925E-16));
#4402 = PCURVE('',#3593,#4403);
#4403 = DEFINITIONAL_REPRESENTATION('',(#4404),#4408);
#4404 = LINE('',#4405,#4406);
#4405 = CARTESIAN_POINT('',(0.,0.));
#4406 = VECTOR('',#4407,1.);
#4407 = DIRECTION('',(0.,-1.));
#4408 = ( GEOMETRIC_REPRESENTATION_CONTEXT(2) 
PARAMETRIC_REPRESENTATION_CONTEXT() REPRESENTATION_CONTEXT('2D SPACE',''
  ) );
#4409 = PCURVE('',#3566,#4410);
#4410 = DEFINITIONAL_REPRESENTATION('',(#4411),#4415);
#4411 = LINE('',#4412,#4413);
#4412 = CARTESIAN_POINT('',(-1.570796326795,0.));
#4413 = VECTOR('',#4414,1.);
#4414 = DIRECTION('',(-0.,-1.));
#4415 = ( GEOMETRIC_REPRESENTATION_CONTEXT(2) 
PARAMETRIC_REPRESENTATION_CONTEXT() REPRESENTATION_CONTEXT('2D SPACE',''
  ) );
#4416 = ORIENTED_EDGE('',*,*,#4065,.F.);
#4417 = ORIENTED_EDGE('',*,*,#4371,.F.);
#4418 = ADVANCED_FACE('',(#4419),#3566,.F.);
#4419 = FACE_BOUND('',#4420,.T.);
#4420 = EDGE_LOOP('',(#4421,#4422,#4423,#4424));
#4421 = ORIENTED_EDGE('',*,*,#3545,.T.);
#4422 = ORIENTED_EDGE('',*,*,#4396,.T.);
#4423 = ORIENTED_EDGE('',*,*,#4037,.F.);
#4424 = ORIENTED_EDGE('',*,*,#4236,.F.);
#4425 = ( GEOMETRIC_REPRESENTATION_CONTEXT(3) 
GLOBAL_UNCERTAINTY_ASSIGNED_CONTEXT((#4429)) 
GLOBAL_UNIT_ASSIGNED_CONTEXT((#4426,#4427,#4428)) REPRESENTATION_CONTEXT
('Context #1','3D Context with UNIT and UNCERTAINTY') );
#4426 = ( LENGTH_UNIT() NAMED_UNIT(*) SI_UNIT(.MILLI.,.METRE.) );
#4427 = ( NAMED_UNIT(*) PLANE_ANGLE_UNIT() SI_UNIT($,.RADIAN.) );
#4428 = ( NAMED_UNIT(*) SI_UNIT($,.STERADIAN.) SOLID_ANGLE_UNIT() );
#4429 = UNCERTAINTY_MEASURE_WITH_UNIT(LENGTH_MEASURE(1.E-05),#4426,
  'distance_accuracy_value','confusion accuracy');
#4430 = PRODUCT_RELATED_PRODUCT_CATEGORY('part',$,(#7));
#4431 = MECHANICAL_DESIGN_GEOMETRIC_PRESENTATION_REPRESENTATION('',(
    #4432),#4425);
#4432 = STYLED_ITEM('color',(#4433),#15);
#4433 = PRESENTATION_STYLE_ASSIGNMENT((#4434,#4440));
#4434 = SURFACE_STYLE_USAGE(.BOTH.,#4435);
#4435 = SURFACE_SIDE_STYLE('',(#4436));
#4436 = SURFACE_STYLE_FILL_AREA(#4437);
#4437 = FILL_AREA_STYLE('',(#4438));
#4438 = FILL_AREA_STYLE_COLOUR('',#4439);
#4439 = COLOUR_RGB('',0.356862747468,0.243137258719,0.55686275255);
#4440 = CURVE_STYLE('',#4441,POSITIVE_LENGTH_MEASURE(0.1),#4439);
#4441 = DRAUGHTING_PRE_DEFINED_CURVE_FONT('continuous');
ENDSEC;
END-ISO-10303-21;
